ply
format ascii 1.0
element vertex 2112
property float x
property float y
property float z
property float nx
property float ny
property float nz
element face 2048
property list uchar uint vertex_indices
end_header
0.000000 0.000000 1.050000 -0.049068 -0.002411 -0.998793
0.000000 0.000000 1.050000 -0.048595 -0.007208 -0.998793
0.000000 0.000000 1.050000 -0.047654 -0.011937 -0.998793
0.000000 0.000000 1.050000 -0.046255 -0.016550 -0.998793
0.000000 0.000000 1.050000 -0.044410 -0.021004 -0.998793
0.000000 0.000000 1.050000 -0.042137 -0.025256 -0.998793
0.000000 0.000000 1.050000 -0.039459 -0.029265 -0.998793
0.000000 0.000000 1.050000 -0.036400 -0.032991 -0.998793
0.000000 0.000000 1.050000 -0.032991 -0.036400 -0.998793
0.000000 0.000000 1.050000 -0.029265 -0.039459 -0.998793
0.000000 0.000000 1.050000 -0.025256 -0.042137 -0.998793
0.000000 0.000000 1.050000 -0.021004 -0.044410 -0.998793
0.000000 0.000000 1.050000 -0.016550 -0.046255 -0.998793
0.000000 0.000000 1.050000 -0.011937 -0.047654 -0.998793
0.000000 0.000000 1.050000 -0.007208 -0.048595 -0.998793
0.000000 0.000000 1.050000 -0.002411 -0.049068 -0.998793
0.000000 0.000000 1.050000 0.002411 -0.049068 -0.998793
0.000000 0.000000 1.050000 0.007208 -0.048595 -0.998793
0.000000 0.000000 1.050000 0.011937 -0.047654 -0.998793
0.000000 0.000000 1.050000 0.016550 -0.046255 -0.998793
0.000000 0.000000 1.050000 0.021004 -0.044410 -0.998793
0.000000 0.000000 1.050000 0.025256 -0.042137 -0.998793
0.000000 0.000000 1.050000 0.029265 -0.039459 -0.998793
0.000000 0.000000 1.050000 0.032991 -0.036400 -0.998793
0.000000 0.000000 1.050000 0.036400 -0.032991 -0.998793
0.000000 0.000000 1.050000 0.039459 -0.029265 -0.998793
0.000000 0.000000 1.050000 0.042137 -0.025256 -0.998793
0.000000 0.000000 1.050000 0.044410 -0.021004 -0.998793
0.000000 0.000000 1.050000 0.046255 -0.016550 -0.998793
0.000000 0.000000 1.050000 0.047654 -0.011937 -0.998793
0.000000 0.000000 1.050000 0.048595 -0.007208 -0.998793
0.000000 0.000000 1.050000 0.049068 -0.002411 -0.998793
0.000000 0.000000 1.050000 0.049068 0.002411 -0.998793
0.000000 0.000000 1.050000 0.048595 0.007208 -0.998793
0.000000 0.000000 1.050000 0.047654 0.011937 -0.998793
0.000000 0.000000 1.050000 0.046255 0.016550 -0.998793
0.000000 0.000000 1.050000 0.044410 0.021004 -0.998793
0.000000 0.000000 1.050000 0.042137 0.025256 -0.998793
0.000000 0.000000 1.050000 0.039459 0.029265 -0.998793
0.000000 0.000000 1.050000 0.036400 0.032991 -0.998793
0.000000 0.000000 1.050000 0.032991 0.036400 -0.998793
0.000000 0.000000 1.050000 0.029265 0.039459 -0.998793
0.000000 0.000000 1.050000 0.025256 0.042137 -0.998793
0.000000 0.000000 1.050000 0.021004 0.044410 -0.998793
0.000000 0.000000 1.050000 0.016550 0.046255 -0.998793
0.000000 0.000000 1.050000 0.011937 0.047654 -0.998793
0.000000 0.000000 1.050000 0.007208 0.048595 -0.998793
0.000000 0.000000 1.050000 0.002411 0.049068 -0.998793
0.000000 0.000000 1.050000 -0.002411 0.049068 -0.998793
0.000000 0.000000 1.050000 -0.007208 0.048595 -0.998793
0.000000 0.000000 1.050000 -0.011937 0.047654 -0.998793
0.000000 0.000000 1.050000 -0.016550 0.046255 -0.998793
0.000000 0.000000 1.050000 -0.021004 0.044410 -0.998793
0.000000 0.000000 1.050000 -0.025256 0.042137 -0.998793
0.000000 0.000000 1.050000 -0.029265 0.039459 -0.998793
0.000000 0.000000 1.050000 -0.032991 0.036400 -0.998793
0.000000 0.000000 1.050000 -0.036400 0.032991 -0.998793
0.000000 0.000000 1.050000 -0.039459 0.029265 -0.998793
0.000000 0.000000 1.050000 -0.042137 0.025256 -0.998793
0.000000 0.000000 1.050000 -0.044410 0.021004 -0.998793
0.000000 0.000000 1.050000 -0.046255 0.016550 -0.998793
0.000000 0.000000 1.050000 -0.047654 0.011937 -0.998793
0.000000 0.000000 1.050000 -0.048595 0.007208 -0.998793
0.000000 0.000000 1.050000 -0.049068 0.002411 -0.998793
0.102918 0.000000 1.044944 -0.114246 -0.002398 -0.993450
0.102422 0.010088 1.044944 -0.113461 -0.013584 -0.993450
0.100940 0.020078 1.044944 -0.111583 -0.024640 -0.993450
0.098486 0.029876 1.044944 -0.108631 -0.035458 -0.993450
0.095084 0.039385 1.044944 -0.104632 -0.045935 -0.993450
0.090766 0.048515 1.044944 -0.099626 -0.055970 -0.993450
0.085573 0.057178 1.044944 -0.093660 -0.065465 -0.993450
0.079557 0.065290 1.044944 -0.086792 -0.074330 -0.993450
0.072774 0.072774 1.044944 -0.079089 -0.082479 -0.993450
0.065290 0.079557 1.044944 -0.070623 -0.089834 -0.993450
0.057178 0.085573 1.044944 -0.061478 -0.096324 -0.993450
0.048515 0.090766 1.044944 -0.051741 -0.101886 -0.993450
0.039385 0.095084 1.044944 -0.041505 -0.106467 -0.993450
0.029876 0.098486 1.044944 -0.030869 -0.110023 -0.993450
0.020078 0.100940 1.044944 -0.019937 -0.112519 -0.993450
0.010088 0.102422 1.044944 -0.008812 -0.113931 -0.993450
0.000000 0.102918 1.044944 0.002398 -0.114246 -0.993450
-0.010088 0.102422 1.044944 0.013584 -0.113461 -0.993450
-0.020078 0.100940 1.044944 0.024640 -0.111583 -0.993450
-0.029876 0.098486 1.044944 0.035458 -0.108631 -0.993450
-0.039385 0.095084 1.044944 0.045935 -0.104632 -0.993450
-0.048515 0.090766 1.044944 0.055970 -0.099626 -0.993450
-0.057178 0.085573 1.044944 0.065465 -0.093660 -0.993450
-0.065290 0.079557 1.044944 0.074330 -0.086792 -0.993450
-0.072774 0.072774 1.044944 0.082479 -0.079089 -0.993450
-0.079557 0.065290 1.044944 0.089834 -0.070623 -0.993450
-0.085573 0.057178 1.044944 0.096324 -0.061478 -0.993450
-0.090766 0.048515 1.044944 0.101886 -0.051741 -0.993450
-0.095084 0.039385 1.044944 0.106467 -0.041505 -0.993450
-0.098486 0.029876 1.044944 0.110023 -0.030869 -0.993450
-0.100940 0.020078 1.044944 0.112519 -0.019937 -0.993450
-0.102422 0.010088 1.044944 0.113931 -0.008812 -0.993450
-0.102918 0.000000 1.044944 0.114246 0.002398 -0.993450
-0.102422 -0.010088 1.044944 0.113461 0.013584 -0.993450
-0.100940 -0.020078 1.044944 0.111583 0.024640 -0.993450
-0.098486 -0.029876 1.044944 0.108631 0.035458 -0.993450
-0.095084 -0.039385 1.044944 0.104632 0.045935 -0.993450
-0.090766 -0.048515 1.044944 0.099626 0.055970 -0.993450
-0.085573 -0.057178 1.044944 0.093660 0.065465 -0.993450
-0.079557 -0.065290 1.044944 0.086792 0.074330 -0.993450
-0.072774 -0.072774 1.044944 0.079089 0.082479 -0.993450
-0.065290 -0.079557 1.044944 0.070623 0.089834 -0.993450
-0.057178 -0.085573 1.044944 0.061478 0.096324 -0.993450
-0.048515 -0.090766 1.044944 0.051741 0.101886 -0.993450
-0.039385 -0.095084 1.044944 0.041505 0.106467 -0.993450
-0.029876 -0.098486 1.044944 0.030869 0.110023 -0.993450
-0.020078 -0.100940 1.044944 0.019937 0.112519 -0.993450
-0.010088 -0.102422 1.044944 0.008812 0.113931 -0.993450
-0.000000 -0.102918 1.044944 -0.002398 0.114246 -0.993450
0.010088 -0.102422 1.044944 -0.013584 0.113461 -0.993450
0.020078 -0.100940 1.044944 -0.024640 0.111583 -0.993450
0.029876 -0.098486 1.044944 -0.035458 0.108631 -0.993450
0.039385 -0.095084 1.044944 -0.045935 0.104632 -0.993450
0.048515 -0.090766 1.044944 -0.055970 0.099626 -0.993450
0.057178 -0.085573 1.044944 -0.065465 0.093660 -0.993450
0.065290 -0.079557 1.044944 -0.074330 0.086792 -0.993450
0.072774 -0.072774 1.044944 -0.082479 0.079089 -0.993450
0.079557 -0.065290 1.044944 -0.089834 0.070623 -0.993450
0.085573 -0.057178 1.044944 -0.096324 0.061478 -0.993450
0.090766 -0.048515 1.044944 -0.101886 0.051741 -0.993450
0.095084 -0.039385 1.044944 -0.106467 0.041505 -0.993450
0.098486 -0.029876 1.044944 -0.110023 0.030869 -0.993450
0.100940 -0.020078 1.044944 -0.112519 0.019937 -0.993450
0.102422 -0.010088 1.044944 -0.113931 0.008812 -0.993450
0.204845 0.000000 1.029825 -0.203010 -0.002363 -0.979174
0.203858 0.020078 1.029825 -0.201801 -0.022250 -0.979174
0.200909 0.039963 1.029825 -0.198648 -0.041923 -0.979174
0.196024 0.059463 1.029825 -0.193583 -0.061192 -0.979174
0.189252 0.078391 1.029825 -0.186653 -0.079872 -0.979174
0.180657 0.096563 1.029825 -0.177925 -0.097782 -0.979174
0.170322 0.113806 1.029825 -0.167484 -0.114751 -0.979174
0.158347 0.129952 1.029825 -0.155430 -0.130615 -0.979174
0.144847 0.144847 1.029825 -0.141879 -0.145221 -0.979174
0.129952 0.158347 1.029825 -0.126962 -0.158428 -0.979174
0.113806 0.170322 1.029825 -0.110821 -0.170110 -0.979174
0.096563 0.180657 1.029825 -0.093614 -0.180153 -0.979174
0.078391 0.189252 1.029825 -0.075505 -0.188461 -0.979174
0.059463 0.196024 1.029825 -0.056669 -0.194955 -0.979174
0.039963 0.200909 1.029825 -0.037288 -0.199570 -0.979174
0.020078 0.203858 1.029825 -0.017547 -0.202264 -0.979174
0.000000 0.204845 1.029825 0.002363 -0.203010 -0.979174
-0.020078 0.203858 1.029825 0.022250 -0.201801 -0.979174
-0.039963 0.200909 1.029825 0.041923 -0.198648 -0.979174
-0.059463 0.196024 1.029825 0.061192 -0.193583 -0.979174
-0.078391 0.189252 1.029825 0.079872 -0.186653 -0.979174
-0.096563 0.180657 1.029825 0.097782 -0.177925 -0.979174
-0.113806 0.170322 1.029825 0.114751 -0.167484 -0.979174
-0.129952 0.158347 1.029825 0.130615 -0.155430 -0.979174
-0.144847 0.144847 1.029825 0.145221 -0.141879 -0.979174
-0.158347 0.129952 1.029825 0.158428 -0.126962 -0.979174
-0.170322 0.113806 1.029825 0.170110 -0.110821 -0.979174
-0.180657 0.096563 1.029825 0.180153 -0.093614 -0.979174
-0.189252 0.078391 1.029825 0.188461 -0.075505 -0.979174
-0.196024 0.059463 1.029825 0.194955 -0.056669 -0.979174
-0.200909 0.039963 1.029825 0.199570 -0.037288 -0.979174
-0.203858 0.020078 1.029825 0.202264 -0.017547 -0.979174
-0.204845 0.000000 1.029825 0.203010 0.002363 -0.979174
-0.203858 -0.020078 1.029825 0.201801 0.022250 -0.979174
-0.200909 -0.039963 1.029825 0.198648 0.041923 -0.979174
-0.196024 -0.059463 1.029825 0.193583 0.061192 -0.979174
-0.189252 -0.078391 1.029825 0.186653 0.079872 -0.979174
-0.180657 -0.096563 1.029825 0.177925 0.097782 -0.979174
-0.170322 -0.113806 1.029825 0.167484 0.114751 -0.979174
-0.158347 -0.129952 1.029825 0.155430 0.130615 -0.979174
-0.144847 -0.144847 1.029825 0.141879 0.145221 -0.979174
-0.129952 -0.158347 1.029825 0.126962 0.158428 -0.979174
-0.113806 -0.170322 1.029825 0.110821 0.170110 -0.979174
-0.096563 -0.180657 1.029825 0.093614 0.180153 -0.979174
-0.078391 -0.189252 1.029825 0.075505 0.188461 -0.979174
-0.059463 -0.196024 1.029825 0.056669 0.194955 -0.979174
-0.039963 -0.200909 1.029825 0.037288 0.199570 -0.979174
-0.020078 -0.203858 1.029825 0.017547 0.202264 -0.979174
-0.000000 -0.204845 1.029825 -0.002363 0.203010 -0.979174
0.020078 -0.203858 1.029825 -0.022250 0.201801 -0.979174
0.039963 -0.200909 1.029825 -0.041923 0.198648 -0.979174
0.059463 -0.196024 1.029825 -0.061192 0.193583 -0.979174
0.078391 -0.189252 1.029825 -0.079872 0.186653 -0.979174
0.096563 -0.180657 1.029825 -0.097782 0.177925 -0.979174
0.113806 -0.170322 1.029825 -0.114751 0.167484 -0.979174
0.129952 -0.158347 1.029825 -0.130615 0.155430 -0.979174
0.144847 -0.144847 1.029825 -0.145221 0.141879 -0.979174
0.158347 -0.129952 1.029825 -0.158428 0.126962 -0.979174
0.170322 -0.113806 1.029825 -0.170110 0.110821 -0.979174
0.180657 -0.096563 1.029825 -0.180153 0.093614 -0.979174
0.189252 -0.078391 1.029825 -0.188461 0.075505 -0.979174
0.196024 -0.059463 1.029825 -0.194955 0.056669 -0.979174
0.200909 -0.039963 1.029825 -0.199570 0.037288 -0.979174
0.203858 -0.020078 1.029825 -0.202264 0.017547 -0.979174
0.304799 0.000000 1.004787 -0.295351 -0.002306 -0.955386
0.303331 0.029876 1.004787 -0.293703 -0.031244 -0.955386
0.298942 0.059463 1.004787 -0.289226 -0.059882 -0.955386
0.291674 0.088478 1.004787 -0.281964 -0.087942 -0.955386
0.281597 0.116641 1.004787 -0.271987 -0.115156 -0.955386
0.268809 0.143681 1.004787 -0.259390 -0.141261 -0.955386
0.253431 0.169337 1.004787 -0.244295 -0.166006 -0.955386
0.235613 0.193362 1.004787 -0.226847 -0.189151 -0.955386
0.215525 0.215525 1.004787 -0.207214 -0.210475 -0.955386
0.193362 0.235613 1.004787 -0.185587 -0.229772 -0.955386
0.169337 0.253431 1.004787 -0.162171 -0.246857 -0.955386
0.143681 0.268809 1.004787 -0.137194 -0.261564 -0.955386
0.116641 0.281597 1.004787 -0.110896 -0.273751 -0.955386
0.088478 0.291674 1.004787 -0.083529 -0.283303 -0.955386
0.059463 0.298942 1.004787 -0.055359 -0.290126 -0.955386
0.029876 0.303331 1.004787 -0.026655 -0.294155 -0.955386
0.000000 0.304799 1.004787 0.002306 -0.295351 -0.955386
-0.029876 0.303331 1.004787 0.031244 -0.293703 -0.955386
-0.059463 0.298942 1.004787 0.059882 -0.289226 -0.955386
-0.088478 0.291674 1.004787 0.087942 -0.281964 -0.955386
-0.116641 0.281597 1.004787 0.115156 -0.271987 -0.955386
-0.143681 0.268809 1.004787 0.141261 -0.259390 -0.955386
-0.169337 0.253431 1.004787 0.166006 -0.244295 -0.955386
-0.193362 0.235613 1.004787 0.189151 -0.226847 -0.955386
-0.215525 0.215525 1.004787 0.210475 -0.207214 -0.955386
-0.235613 0.193362 1.004787 0.229772 -0.185587 -0.955386
-0.253431 0.169337 1.004787 0.246857 -0.162171 -0.955386
-0.268809 0.143681 1.004787 0.261564 -0.137194 -0.955386
-0.281597 0.116641 1.004787 0.273751 -0.110896 -0.955386
-0.291674 0.088478 1.004787 0.283303 -0.083529 -0.955386
-0.298942 0.059463 1.004787 0.290126 -0.055359 -0.955386
-0.303331 0.029876 1.004787 0.294155 -0.026655 -0.955386
-0.304799 0.000000 1.004787 0.295351 0.002306 -0.955386
-0.303331 -0.029876 1.004787 0.293703 0.031244 -0.955386
-0.298942 -0.059463 1.004787 0.289226 0.059882 -0.955386
-0.291674 -0.088478 1.004787 0.281964 0.087942 -0.955386
-0.281597 -0.116641 1.004787 0.271987 0.115156 -0.955386
-0.268809 -0.143681 1.004787 0.259390 0.141261 -0.955386
-0.253431 -0.169337 1.004787 0.244295 0.166006 -0.955386
-0.235613 -0.193362 1.004787 0.226847 0.189151 -0.955386
-0.215525 -0.215525 1.004787 0.207214 0.210475 -0.955386
-0.193362 -0.235613 1.004787 0.185587 0.229772 -0.955386
-0.169337 -0.253431 1.004787 0.162171 0.246857 -0.955386
-0.143681 -0.268809 1.004787 0.137194 0.261564 -0.955386
-0.116641 -0.281597 1.004787 0.110896 0.273751 -0.955386
-0.088478 -0.291674 1.004787 0.083529 0.283303 -0.955386
-0.059463 -0.298942 1.004787 0.055359 0.290126 -0.955386
-0.029876 -0.303331 1.004787 0.026655 0.294155 -0.955386
-0.000000 -0.304799 1.004787 -0.002306 0.295351 -0.955386
0.029876 -0.303331 1.004787 -0.031244 0.293703 -0.955386
0.059463 -0.298942 1.004787 -0.059882 0.289226 -0.955386
0.088478 -0.291674 1.004787 -0.087942 0.281964 -0.955386
0.116641 -0.281597 1.004787 -0.115156 0.271987 -0.955386
0.143681 -0.268809 1.004787 -0.141261 0.259390 -0.955386
0.169337 -0.253431 1.004787 -0.166006 0.244295 -0.955386
0.193362 -0.235613 1.004787 -0.189151 0.226847 -0.955386
0.215525 -0.215525 1.004787 -0.210475 0.207214 -0.955386
0.235613 -0.193362 1.004787 -0.229772 0.185587 -0.955386
0.253431 -0.169337 1.004787 -0.246857 0.162171 -0.955386
0.268809 -0.143681 1.004787 -0.261564 0.137194 -0.955386
0.281597 -0.116641 1.004787 -0.273751 0.110896 -0.955386
0.291674 -0.088478 1.004787 -0.283303 0.083529 -0.955386
0.298942 -0.059463 1.004787 -0.290126 0.055359 -0.955386
0.303331 -0.029876 1.004787 -0.294155 0.026655 -0.955386
0.401818 0.000000 0.970074 -0.386265 -0.002226 -0.922385
0.399883 0.039385 0.970074 -0.384187 -0.040076 -0.922385
0.394097 0.078391 0.970074 -0.378409 -0.077540 -0.922385
0.384515 0.116641 0.970074 -0.368987 -0.114257 -0.922385
0.371231 0.153769 0.970074 -0.356011 -0.149874 -0.922385
0.354371 0.189416 0.970074 -0.339606 -0.184048 -0.922385
0.334099 0.223238 0.970074 -0.319931 -0.216449 -0.922385
0.310609 0.254910 0.970074 -0.297175 -0.246765 -0.922385
0.284128 0.284128 0.970074 -0.271557 -0.274705 -0.922385
0.254910 0.310609 0.970074 -0.243323 -0.299999 -0.922385
0.223238 0.334099 0.970074 -0.212747 -0.322405 -0.922385
0.189416 0.354371 0.970074 -0.180121 -0.341705 -0.922385
0.153769 0.371231 0.970074 -0.145761 -0.357715 -0.922385
0.116641 0.384515 0.970074 -0.109997 -0.370279 -0.922385
0.078391 0.394097 0.970074 -0.073173 -0.379278 -0.922385
0.039385 0.399883 0.970074 -0.035645 -0.384624 -0.922385
0.000000 0.401818 0.970074 0.002226 -0.386265 -0.922385
-0.039385 0.399883 0.970074 0.040076 -0.384187 -0.922385
-0.078391 0.394097 0.970074 0.077540 -0.378409 -0.922385
-0.116641 0.384515 0.970074 0.114257 -0.368987 -0.922385
-0.153769 0.371231 0.970074 0.149874 -0.356011 -0.922385
-0.189416 0.354371 0.970074 0.184048 -0.339606 -0.922385
-0.223238 0.334099 0.970074 0.216449 -0.319931 -0.922385
-0.254910 0.310609 0.970074 0.246765 -0.297175 -0.922385
-0.284128 0.284128 0.970074 0.274705 -0.271557 -0.922385
-0.310609 0.254910 0.970074 0.299999 -0.243323 -0.922385
-0.334099 0.223238 0.970074 0.322405 -0.212747 -0.922385
-0.354371 0.189416 0.970074 0.341705 -0.180121 -0.922385
-0.371231 0.153769 0.970074 0.357715 -0.145761 -0.922385
-0.384515 0.116641 0.970074 0.370279 -0.109997 -0.922385
-0.394097 0.078391 0.970074 0.379278 -0.073173 -0.922385
-0.399883 0.039385 0.970074 0.384624 -0.035645 -0.922385
-0.401818 0.000000 0.970074 0.386265 0.002226 -0.922385
-0.399883 -0.039385 0.970074 0.384187 0.040076 -0.922385
-0.394097 -0.078391 0.970074 0.378409 0.077540 -0.922385
-0.384515 -0.116641 0.970074 0.368987 0.114257 -0.922385
-0.371231 -0.153769 0.970074 0.356011 0.149874 -0.922385
-0.354371 -0.189416 0.970074 0.339606 0.184048 -0.922385
-0.334099 -0.223238 0.970074 0.319931 0.216449 -0.922385
-0.310609 -0.254910 0.970074 0.297175 0.246765 -0.922385
-0.284128 -0.284128 0.970074 0.271557 0.274705 -0.922385
-0.254910 -0.310609 0.970074 0.243323 0.299999 -0.922385
-0.223238 -0.334099 0.970074 0.212747 0.322405 -0.922385
-0.189416 -0.354371 0.970074 0.180121 0.341705 -0.922385
-0.153769 -0.371231 0.970074 0.145761 0.357715 -0.922385
-0.116641 -0.384515 0.970074 0.109997 0.370279 -0.922385
-0.078391 -0.394097 0.970074 0.073173 0.379278 -0.922385
-0.039385 -0.399883 0.970074 0.035645 0.384624 -0.922385
-0.000000 -0.401818 0.970074 -0.002226 0.386265 -0.922385
0.039385 -0.399883 0.970074 -0.040076 0.384187 -0.922385
0.078391 -0.394097 0.970074 -0.077540 0.378409 -0.922385
0.116641 -0.384515 0.970074 -0.114257 0.368987 -0.922385
0.153769 -0.371231 0.970074 -0.149874 0.356011 -0.922385
0.189416 -0.354371 0.970074 -0.184048 0.339606 -0.922385
0.223238 -0.334099 0.970074 -0.216449 0.319931 -0.922385
0.254910 -0.310609 0.970074 -0.246765 0.297175 -0.922385
0.284128 -0.284128 0.970074 -0.274705 0.271557 -0.922385
0.310609 -0.254910 0.970074 -0.299999 0.243323 -0.922385
0.334099 -0.223238 0.970074 -0.322405 0.212747 -0.922385
0.354371 -0.189416 0.970074 -0.341705 0.180121 -0.922385
0.371231 -0.153769 0.970074 -0.357715 0.145761 -0.922385
0.384515 -0.116641 0.970074 -0.370279 0.109997 -0.922385
0.394097 -0.078391 0.970074 -0.379278 0.073173 -0.922385
0.399883 -0.039385 0.970074 -0.384624 0.035645 -0.922385
0.494967 0.000000 0.926017 -0.474046 -0.002125 -0.880497
0.492583 0.048515 0.926017 -0.471555 -0.048579 -0.880497
0.485456 0.096563 0.926017 -0.464523 -0.094566 -0.880497
0.473653 0.143681 0.926017 -0.453017 -0.139642 -0.880497
0.457289 0.189416 0.926017 -0.437148 -0.183373 -0.880497
0.436522 0.233326 0.926017 -0.417070 -0.225338 -0.880497
0.411550 0.274989 0.926017 -0.392974 -0.265133 -0.880497
0.382614 0.314003 0.926017 -0.365094 -0.302374 -0.880497
0.349994 0.349994 0.926017 -0.333699 -0.336704 -0.880497
0.314003 0.382614 0.926017 -0.299089 -0.367791 -0.880497
0.274989 0.411550 0.926017 -0.261599 -0.395336 -0.880497
0.233326 0.436522 0.926017 -0.221590 -0.419073 -0.880497
0.189416 0.457289 0.926017 -0.179446 -0.438775 -0.880497
0.143681 0.473653 0.926017 -0.135575 -0.454251 -0.880497
0.096563 0.485456 0.926017 -0.090398 -0.465352 -0.880497
0.048515 0.492583 0.926017 -0.044350 -0.471972 -0.880497
0.000000 0.494967 0.926017 0.002125 -0.474046 -0.880497
-0.048515 0.492583 0.926017 0.048579 -0.471555 -0.880497
-0.096563 0.485456 0.926017 0.094566 -0.464523 -0.880497
-0.143681 0.473653 0.926017 0.139642 -0.453017 -0.880497
-0.189416 0.457289 0.926017 0.183373 -0.437148 -0.880497
-0.233326 0.436522 0.926017 0.225338 -0.417070 -0.880497
-0.274989 0.411550 0.926017 0.265133 -0.392974 -0.880497
-0.314003 0.382614 0.926017 0.302374 -0.365094 -0.880497
-0.349994 0.349994 0.926017 0.336704 -0.333699 -0.880497
-0.382614 0.314003 0.926017 0.367791 -0.299089 -0.880497
-0.411550 0.274989 0.926017 0.395336 -0.261599 -0.880497
-0.436522 0.233326 0.926017 0.419073 -0.221590 -0.880497
-0.457289 0.189416 0.926017 0.438775 -0.179446 -0.880497
-0.473653 0.143681 0.926017 0.454251 -0.135575 -0.880497
-0.485456 0.096563 0.926017 0.465352 -0.090398 -0.880497
-0.492583 0.048515 0.926017 0.471972 -0.044350 -0.880497
-0.494967 0.000000 0.926017 0.474046 0.002125 -0.880497
-0.492583 -0.048515 0.926017 0.471555 0.048579 -0.880497
-0.485456 -0.096563 0.926017 0.464523 0.094566 -0.880497
-0.473653 -0.143681 0.926017 0.453017 0.139642 -0.880497
-0.457289 -0.189416 0.926017 0.437148 0.183373 -0.880497
-0.436522 -0.233326 0.926017 0.417070 0.225338 -0.880497
-0.411550 -0.274989 0.926017 0.392974 0.265133 -0.880497
-0.382614 -0.314003 0.926017 0.365094 0.302374 -0.880497
-0.349994 -0.349994 0.926017 0.333699 0.336704 -0.880497
-0.314003 -0.382614 0.926017 0.299089 0.367791 -0.880497
-0.274989 -0.411550 0.926017 0.261599 0.395336 -0.880497
-0.233326 -0.436522 0.926017 0.221590 0.419073 -0.880497
-0.189416 -0.457289 0.926017 0.179446 0.438775 -0.880497
-0.143681 -0.473653 0.926017 0.135575 0.454251 -0.880497
-0.096563 -0.485456 0.926017 0.090398 0.465352 -0.880497
-0.048515 -0.492583 0.926017 0.044350 0.471972 -0.880497
-0.000000 -0.494967 0.926017 -0.002125 0.474046 -0.880497
0.048515 -0.492583 0.926017 -0.048579 0.471555 -0.880497
0.096563 -0.485456 0.926017 -0.094566 0.464523 -0.880497
0.143681 -0.473653 0.926017 -0.139642 0.453017 -0.880497
0.189416 -0.457289 0.926017 -0.183373 0.437148 -0.880497
0.233326 -0.436522 0.926017 -0.225338 0.417070 -0.880497
0.274989 -0.411550 0.926017 -0.265133 0.392974 -0.880497
0.314003 -0.382614 0.926017 -0.302374 0.365094 -0.880497
0.349994 -0.349994 0.926017 -0.336704 0.333699 -0.880497
0.382614 -0.314003 0.926017 -0.367791 0.299089 -0.880497
0.411550 -0.274989 0.926017 -0.395336 0.261599 -0.880497
0.436522 -0.233326 0.926017 -0.419073 0.221590 -0.880497
0.457289 -0.189416 0.926017 -0.438775 0.179446 -0.880497
0.473653 -0.143681 0.926017 -0.454251 0.135575 -0.880497
0.485456 -0.096563 0.926017 -0.465352 0.090398 -0.880497
0.492583 -0.048515 0.926017 -0.471972 0.044350 -0.880497
0.583349 0.000000 0.873043 -0.557568 -0.002003 -0.830129
0.580540 0.057178 0.873043 -0.554687 -0.056645 -0.830129
0.572140 0.113806 0.873043 -0.546464 -0.110741 -0.830129
0.558230 0.169337 0.873043 -0.532978 -0.163771 -0.830129
0.538944 0.223238 0.873043 -0.514359 -0.215223 -0.830129
0.514468 0.274989 0.873043 -0.490787 -0.264603 -0.830129
0.485037 0.324091 0.873043 -0.462488 -0.311434 -0.830129
0.450935 0.370073 0.873043 -0.429735 -0.355266 -0.830129
0.412490 0.412490 0.873043 -0.392843 -0.395677 -0.830129
0.370073 0.450935 0.873043 -0.352169 -0.432277 -0.830129
0.324091 0.485037 0.873043 -0.308102 -0.464714 -0.830129
0.274989 0.514468 0.873043 -0.261069 -0.492676 -0.830129
0.223238 0.538944 0.873043 -0.211521 -0.515892 -0.830129
0.169337 0.558230 0.873043 -0.159936 -0.534141 -0.830129
0.113806 0.572140 0.873043 -0.106811 -0.547245 -0.830129
0.057178 0.580540 0.873043 -0.052657 -0.555080 -0.830129
0.000000 0.583349 0.873043 0.002003 -0.557568 -0.830129
-0.057178 0.580540 0.873043 0.056645 -0.554687 -0.830129
-0.113806 0.572140 0.873043 0.110741 -0.546464 -0.830129
-0.169337 0.558230 0.873043 0.163771 -0.532978 -0.830129
-0.223238 0.538944 0.873043 0.215223 -0.514359 -0.830129
-0.274989 0.514468 0.873043 0.264603 -0.490787 -0.830129
-0.324091 0.485037 0.873043 0.311434 -0.462488 -0.830129
-0.370073 0.450935 0.873043 0.355266 -0.429735 -0.830129
-0.412490 0.412490 0.873043 0.395677 -0.392843 -0.830129
-0.450935 0.370073 0.873043 0.432277 -0.352169 -0.830129
-0.485037 0.324091 0.873043 0.464714 -0.308102 -0.830129
-0.514468 0.274989 0.873043 0.492676 -0.261069 -0.830129
-0.538944 0.223238 0.873043 0.515892 -0.211521 -0.830129
-0.558230 0.169337 0.873043 0.534141 -0.159936 -0.830129
-0.572140 0.113806 0.873043 0.547245 -0.106811 -0.830129
-0.580540 0.057178 0.873043 0.555080 -0.052657 -0.830129
-0.583349 0.000000 0.873043 0.557568 0.002003 -0.830129
-0.580540 -0.057178 0.873043 0.554687 0.056645 -0.830129
-0.572140 -0.113806 0.873043 0.546464 0.110741 -0.830129
-0.558230 -0.169337 0.873043 0.532978 0.163771 -0.830129
-0.538944 -0.223238 0.873043 0.514359 0.215223 -0.830129
-0.514468 -0.274989 0.873043 0.490787 0.264603 -0.830129
-0.485037 -0.324091 0.873043 0.462488 0.311434 -0.830129
-0.450935 -0.370073 0.873043 0.429735 0.355266 -0.830129
-0.412490 -0.412490 0.873043 0.392843 0.395677 -0.830129
-0.370073 -0.450935 0.873043 0.352169 0.432277 -0.830129
-0.324091 -0.485037 0.873043 0.308102 0.464714 -0.830129
-0.274989 -0.514468 0.873043 0.261069 0.492676 -0.830129
-0.223238 -0.538944 0.873043 0.211521 0.515892 -0.830129
-0.169337 -0.558230 0.873043 0.159936 0.534141 -0.830129
-0.113806 -0.572140 0.873043 0.106811 0.547245 -0.830129
-0.057178 -0.580540 0.873043 0.052657 0.555080 -0.830129
-0.000000 -0.583349 0.873043 -0.002003 0.557568 -0.830129
0.057178 -0.580540 0.873043 -0.056645 0.554687 -0.830129
0.113806 -0.572140 0.873043 -0.110741 0.546464 -0.830129
0.169337 -0.558230 0.873043 -0.163771 0.532978 -0.830129
0.223238 -0.538944 0.873043 -0.215223 0.514359 -0.830129
0.274989 -0.514468 0.873043 -0.264603 0.490787 -0.830129
0.324091 -0.485037 0.873043 -0.311434 0.462488 -0.830129
0.370073 -0.450935 0.873043 -0.355266 0.429735 -0.830129
0.412490 -0.412490 0.873043 -0.395677 0.392843 -0.830129
0.450935 -0.370073 0.873043 -0.432277 0.352169 -0.830129
0.485037 -0.324091 0.873043 -0.464714 0.308102 -0.830129
0.514468 -0.274989 0.873043 -0.492676 0.261069 -0.830129
0.538944 -0.223238 0.873043 -0.515892 0.211521 -0.830129
0.558230 -0.169337 0.873043 -0.534141 0.159936 -0.830129
0.572140 -0.113806 0.873043 -0.547245 0.106811 -0.830129
0.580540 -0.057178 0.873043 -0.555080 0.052657 -0.830129
0.666113 0.000000 0.811661 -0.635905 -0.001863 -0.771765
0.662905 0.065290 0.811661 -0.632661 -0.064183 -0.771765
0.653314 0.129952 0.811661 -0.623323 -0.125886 -0.771765
0.637430 0.193362 0.811661 -0.607983 -0.186376 -0.771765
0.615408 0.254910 0.811661 -0.586787 -0.245071 -0.771765
0.587459 0.314003 0.811661 -0.559940 -0.301406 -0.771765
0.553853 0.370073 0.811661 -0.527701 -0.354839 -0.771765
0.514912 0.422578 0.811661 -0.490380 -0.404854 -0.771765
0.471013 0.471013 0.811661 -0.448336 -0.450970 -0.771765
0.422578 0.514912 0.811661 -0.401974 -0.492743 -0.771765
0.370073 0.553853 0.811661 -0.351741 -0.529771 -0.771765
0.314003 0.587459 0.811661 -0.298121 -0.561696 -0.771765
0.254910 0.615408 0.811661 -0.241630 -0.588213 -0.771765
0.193362 0.637430 0.811661 -0.182811 -0.609064 -0.771765
0.129952 0.653314 0.811661 -0.122232 -0.624050 -0.771765
0.065290 0.662905 0.811661 -0.060476 -0.633026 -0.771765
0.000000 0.666113 0.811661 0.001863 -0.635905 -0.771765
-0.065290 0.662905 0.811661 0.064183 -0.632661 -0.771765
-0.129952 0.653314 0.811661 0.125886 -0.623323 -0.771765
-0.193362 0.637430 0.811661 0.186376 -0.607983 -0.771765
-0.254910 0.615408 0.811661 0.245071 -0.586787 -0.771765
-0.314003 0.587459 0.811661 0.301406 -0.559940 -0.771765
-0.370073 0.553853 0.811661 0.354839 -0.527701 -0.771765
-0.422578 0.514912 0.811661 0.404854 -0.490380 -0.771765
-0.471013 0.471013 0.811661 0.450970 -0.448336 -0.771765
-0.514912 0.422578 0.811661 0.492743 -0.401974 -0.771765
-0.553853 0.370073 0.811661 0.529771 -0.351741 -0.771765
-0.587459 0.314003 0.811661 0.561696 -0.298121 -0.771765
-0.615408 0.254910 0.811661 0.588213 -0.241630 -0.771765
-0.637430 0.193362 0.811661 0.609064 -0.182811 -0.771765
-0.653314 0.129952 0.811661 0.624050 -0.122232 -0.771765
-0.662905 0.065290 0.811661 0.633026 -0.060476 -0.771765
-0.666113 0.000000 0.811661 0.635905 0.001863 -0.771765
-0.662905 -0.065290 0.811661 0.632661 0.064183 -0.771765
-0.653314 -0.129952 0.811661 0.623323 0.125886 -0.771765
-0.637430 -0.193362 0.811661 0.607983 0.186376 -0.771765
-0.615408 -0.254910 0.811661 0.586787 0.245071 -0.771765
-0.587459 -0.314003 0.811661 0.559940 0.301406 -0.771765
-0.553853 -0.370073 0.811661 0.527701 0.354839 -0.771765
-0.514912 -0.422578 0.811661 0.490380 0.404854 -0.771765
-0.471013 -0.471013 0.811661 0.448336 0.450970 -0.771765
-0.422578 -0.514912 0.811661 0.401974 0.492743 -0.771765
-0.370073 -0.553853 0.811661 0.351741 0.529771 -0.771765
-0.314003 -0.587459 0.811661 0.298121 0.561696 -0.771765
-0.254910 -0.615408 0.811661 0.241630 0.588213 -0.771765
-0.193362 -0.637430 0.811661 0.182811 0.609064 -0.771765
-0.129952 -0.653314 0.811661 0.122232 0.624050 -0.771765
-0.065290 -0.662905 0.811661 0.060476 0.633026 -0.771765
-0.000000 -0.666113 0.811661 -0.001863 0.635905 -0.771765
0.065290 -0.662905 0.811661 -0.064183 0.632661 -0.771765
0.129952 -0.653314 0.811661 -0.125886 0.623323 -0.771765
0.193362 -0.637430 0.811661 -0.186376 0.607983 -0.771765
0.254910 -0.615408 0.811661 -0.245071 0.586787 -0.771765
0.314003 -0.587459 0.811661 -0.301406 0.559940 -0.771765
0.370073 -0.553853 0.811661 -0.354839 0.527701 -0.771765
0.422578 -0.514912 0.811661 -0.404854 0.490380 -0.771765
0.471013 -0.471013 0.811661 -0.450970 0.448336 -0.771765
0.514912 -0.422578 0.811661 -0.492743 0.401974 -0.771765
0.553853 -0.370073 0.811661 -0.529771 0.351741 -0.771765
0.587459 -0.314003 0.811661 -0.561696 0.298121 -0.771765
0.615408 -0.254910 0.811661 -0.588213 0.241630 -0.771765
0.637430 -0.193362 0.811661 -0.609064 0.182811 -0.771765
0.653314 -0.129952 0.811661 -0.624050 0.122232 -0.771765
0.662905 -0.065290 0.811661 -0.633026 0.060476 -0.771765
0.742462 0.000000 0.742462 -0.708242 -0.001704 -0.705968
0.738887 0.072774 0.742462 -0.704664 -0.071115 -0.705968
0.728196 0.144847 0.742462 -0.694301 -0.139842 -0.705968
0.710492 0.215525 0.742462 -0.677250 -0.207222 -0.705968
0.685946 0.284128 0.742462 -0.653678 -0.272606 -0.705968
0.654793 0.349994 0.742462 -0.623810 -0.335365 -0.705968
0.617335 0.412490 0.742462 -0.587935 -0.394895 -0.705968
0.573931 0.471013 0.742462 -0.546397 -0.450621 -0.705968
0.525000 0.525000 0.742462 -0.499598 -0.502007 -0.705968
0.471013 0.573931 0.742462 -0.447987 -0.548559 -0.705968
0.412490 0.617335 0.742462 -0.392061 -0.589828 -0.705968
0.349994 0.654793 0.742462 -0.332360 -0.625417 -0.705968
0.284128 0.685946 0.742462 -0.269458 -0.654982 -0.705968
0.215525 0.710492 0.742462 -0.203961 -0.678240 -0.705968
0.144847 0.728196 0.742462 -0.136500 -0.694965 -0.705968
0.072774 0.738887 0.742462 -0.067724 -0.704998 -0.705968
0.000000 0.742462 0.742462 0.001704 -0.708242 -0.705968
-0.072774 0.738887 0.742462 0.071115 -0.704664 -0.705968
-0.144847 0.728196 0.742462 0.139842 -0.694301 -0.705968
-0.215525 0.710492 0.742462 0.207222 -0.677250 -0.705968
-0.284128 0.685946 0.742462 0.272606 -0.653678 -0.705968
-0.349994 0.654793 0.742462 0.335365 -0.623810 -0.705968
-0.412490 0.617335 0.742462 0.394895 -0.587935 -0.705968
-0.471013 0.573931 0.742462 0.450621 -0.546397 -0.705968
-0.525000 0.525000 0.742462 0.502007 -0.499598 -0.705968
-0.573931 0.471013 0.742462 0.548559 -0.447987 -0.705968
-0.617335 0.412490 0.742462 0.589828 -0.392061 -0.705968
-0.654793 0.349994 0.742462 0.625417 -0.332360 -0.705968
-0.685946 0.284128 0.742462 0.654982 -0.269458 -0.705968
-0.710492 0.215525 0.742462 0.678240 -0.203961 -0.705968
-0.728196 0.144847 0.742462 0.694965 -0.136500 -0.705968
-0.738887 0.072774 0.742462 0.704998 -0.067724 -0.705968
-0.742462 0.000000 0.742462 0.708242 0.001704 -0.705968
-0.738887 -0.072774 0.742462 0.704664 0.071115 -0.705968
-0.728196 -0.144847 0.742462 0.694301 0.139842 -0.705968
-0.710492 -0.215525 0.742462 0.677250 0.207222 -0.705968
-0.685946 -0.284128 0.742462 0.653678 0.272606 -0.705968
-0.654793 -0.349994 0.742462 0.623810 0.335365 -0.705968
-0.617335 -0.412490 0.742462 0.587935 0.394895 -0.705968
-0.573931 -0.471013 0.742462 0.546397 0.450621 -0.705968
-0.525000 -0.525000 0.742462 0.499598 0.502007 -0.705968
-0.471013 -0.573931 0.742462 0.447987 0.548559 -0.705968
-0.412490 -0.617335 0.742462 0.392061 0.589828 -0.705968
-0.349994 -0.654793 0.742462 0.332360 0.625417 -0.705968
-0.284128 -0.685946 0.742462 0.269458 0.654982 -0.705968
-0.215525 -0.710492 0.742462 0.203961 0.678240 -0.705968
-0.144847 -0.728196 0.742462 0.136500 0.694965 -0.705968
-0.072774 -0.738887 0.742462 0.067724 0.704998 -0.705968
-0.000000 -0.742462 0.742462 -0.001704 0.708242 -0.705968
0.072774 -0.738887 0.742462 -0.071115 0.704664 -0.705968
0.144847 -0.728196 0.742462 -0.139842 0.694301 -0.705968
0.215525 -0.710492 0.742462 -0.207222 0.677250 -0.705968
0.284128 -0.685946 0.742462 -0.272606 0.653678 -0.705968
0.349994 -0.654793 0.742462 -0.335365 0.623810 -0.705968
0.412490 -0.617335 0.742462 -0.394895 0.587935 -0.705968
0.471013 -0.573931 0.742462 -0.450621 0.546397 -0.705968
0.525000 -0.525000 0.742462 -0.502007 0.499598 -0.705968
0.573931 -0.471013 0.742462 -0.548559 0.447987 -0.705968
0.617335 -0.412490 0.742462 -0.589828 0.392061 -0.705968
0.654793 -0.349994 0.742462 -0.625417 0.332360 -0.705968
0.685946 -0.284128 0.742462 -0.654982 0.269458 -0.705968
0.710492 -0.215525 0.742462 -0.678240 0.203961 -0.705968
0.728196 -0.144847 0.742462 -0.694965 0.136500 -0.705968
0.738887 -0.072774 0.742462 -0.704998 0.067724 -0.705968
0.811661 0.000000 0.666113 -0.773846 -0.001529 -0.633372
0.807753 0.079557 0.666113 -0.769970 -0.077371 -0.633372
0.796065 0.158347 0.666113 -0.758678 -0.152469 -0.633372
0.776711 0.235613 0.666113 -0.740081 -0.226098 -0.633372
0.749877 0.310609 0.666113 -0.714355 -0.297550 -0.633372
0.715821 0.382614 0.666113 -0.681751 -0.366137 -0.633372
0.674871 0.450935 0.666113 -0.642580 -0.431197 -0.633372
0.627422 0.514912 0.666113 -0.597221 -0.492104 -0.633372
0.573931 0.573931 0.666113 -0.546111 -0.548273 -0.633372
0.514912 0.627422 0.666113 -0.489741 -0.599161 -0.633372
0.450935 0.674871 0.666113 -0.428655 -0.644279 -0.633372
0.382614 0.715821 0.666113 -0.363440 -0.683192 -0.633372
0.310609 0.749877 0.666113 -0.294726 -0.715525 -0.633372
0.235613 0.776711 0.666113 -0.223173 -0.740968 -0.633372
0.158347 0.796065 0.666113 -0.149471 -0.759275 -0.633372
0.079557 0.807753 0.666113 -0.074329 -0.770269 -0.633372
0.000000 0.811661 0.666113 0.001529 -0.773846 -0.633372
-0.079557 0.807753 0.666113 0.077371 -0.769970 -0.633372
-0.158347 0.796065 0.666113 0.152469 -0.758678 -0.633372
-0.235613 0.776711 0.666113 0.226098 -0.740081 -0.633372
-0.310609 0.749877 0.666113 0.297550 -0.714355 -0.633372
-0.382614 0.715821 0.666113 0.366137 -0.681751 -0.633372
-0.450935 0.674871 0.666113 0.431197 -0.642580 -0.633372
-0.514912 0.627422 0.666113 0.492104 -0.597221 -0.633372
-0.573931 0.573931 0.666113 0.548273 -0.546111 -0.633372
-0.627422 0.514912 0.666113 0.599161 -0.489741 -0.633372
-0.674871 0.450935 0.666113 0.644279 -0.428655 -0.633372
-0.715821 0.382614 0.666113 0.683192 -0.363440 -0.633372
-0.749877 0.310609 0.666113 0.715525 -0.294726 -0.633372
-0.776711 0.235613 0.666113 0.740968 -0.223173 -0.633372
-0.796065 0.158347 0.666113 0.759275 -0.149471 -0.633372
-0.807753 0.079557 0.666113 0.770269 -0.074329 -0.633372
-0.811661 0.000000 0.666113 0.773846 0.001529 -0.633372
-0.807753 -0.079557 0.666113 0.769970 0.077371 -0.633372
-0.796065 -0.158347 0.666113 0.758678 0.152469 -0.633372
-0.776711 -0.235613 0.666113 0.740081 0.226098 -0.633372
-0.749877 -0.310609 0.666113 0.714355 0.297550 -0.633372
-0.715821 -0.382614 0.666113 0.681751 0.366137 -0.633372
-0.674871 -0.450935 0.666113 0.642580 0.431197 -0.633372
-0.627422 -0.514912 0.666113 0.597221 0.492104 -0.633372
-0.573931 -0.573931 0.666113 0.546111 0.548273 -0.633372
-0.514912 -0.627422 0.666113 0.489741 0.599161 -0.633372
-0.450935 -0.674871 0.666113 0.428655 0.644279 -0.633372
-0.382614 -0.715821 0.666113 0.363440 0.683192 -0.633372
-0.310609 -0.749877 0.666113 0.294726 0.715525 -0.633372
-0.235613 -0.776711 0.666113 0.223173 0.740968 -0.633372
-0.158347 -0.796065 0.666113 0.149471 0.759275 -0.633372
-0.079557 -0.807753 0.666113 0.074329 0.770269 -0.633372
-0.000000 -0.811661 0.666113 -0.001529 0.773846 -0.633372
0.079557 -0.807753 0.666113 -0.077371 0.769970 -0.633372
0.158347 -0.796065 0.666113 -0.152469 0.758678 -0.633372
0.235613 -0.776711 0.666113 -0.226098 0.740081 -0.633372
0.310609 -0.749877 0.666113 -0.297550 0.714355 -0.633372
0.382614 -0.715821 0.666113 -0.366137 0.681751 -0.633372
0.450935 -0.674871 0.666113 -0.431197 0.642580 -0.633372
0.514912 -0.627422 0.666113 -0.492104 0.597221 -0.633372
0.573931 -0.573931 0.666113 -0.548273 0.546111 -0.633372
0.627422 -0.514912 0.666113 -0.599161 0.489741 -0.633372
0.674871 -0.450935 0.666113 -0.644279 0.428655 -0.633372
0.715821 -0.382614 0.666113 -0.683192 0.363440 -0.633372
0.749877 -0.310609 0.666113 -0.715525 0.294726 -0.633372
0.776711 -0.235613 0.666113 -0.740968 0.223173 -0.633372
0.796065 -0.158347 0.666113 -0.759275 0.149471 -0.633372
0.807753 -0.079557 0.666113 -0.770269 0.074329 -0.633372
0.873043 0.000000 0.583349 -0.832065 -0.001339 -0.554676
0.868839 0.085573 0.583349 -0.827927 -0.082889 -0.554676
0.856268 0.170322 0.583349 -0.815816 -0.163641 -0.554676
0.835450 0.253431 0.583349 -0.795848 -0.242817 -0.554676
0.806587 0.334099 0.583349 -0.768216 -0.319654 -0.554676
0.769955 0.411550 0.583349 -0.733185 -0.393413 -0.554676
0.725909 0.485037 0.583349 -0.691093 -0.463384 -0.554676
0.674871 0.553853 0.583349 -0.642346 -0.528891 -0.554676
0.617335 0.617335 0.583349 -0.587412 -0.589306 -0.554676
0.553853 0.674871 0.583349 -0.526822 -0.644044 -0.554676
0.485037 0.725909 0.583349 -0.461158 -0.692581 -0.554676
0.411550 0.769955 0.583349 -0.391052 -0.734447 -0.554676
0.334099 0.806587 0.583349 -0.317181 -0.769240 -0.554676
0.253431 0.835450 0.583349 -0.240255 -0.796625 -0.554676
0.170322 0.856268 0.583349 -0.161015 -0.816338 -0.554676
0.085573 0.868839 0.583349 -0.080224 -0.828190 -0.554676
0.000000 0.873043 0.583349 0.001339 -0.832065 -0.554676
-0.085573 0.868839 0.583349 0.082889 -0.827927 -0.554676
-0.170322 0.856268 0.583349 0.163641 -0.815816 -0.554676
-0.253431 0.835450 0.583349 0.242817 -0.795848 -0.554676
-0.334099 0.806587 0.583349 0.319654 -0.768216 -0.554676
-0.411550 0.769955 0.583349 0.393413 -0.733185 -0.554676
-0.485037 0.725909 0.583349 0.463384 -0.691093 -0.554676
-0.553853 0.674871 0.583349 0.528891 -0.642346 -0.554676
-0.617335 0.617335 0.583349 0.589306 -0.587412 -0.554676
-0.674871 0.553853 0.583349 0.644044 -0.526822 -0.554676
-0.725909 0.485037 0.583349 0.692581 -0.461158 -0.554676
-0.769955 0.411550 0.583349 0.734447 -0.391052 -0.554676
-0.806587 0.334099 0.583349 0.769240 -0.317181 -0.554676
-0.835450 0.253431 0.583349 0.796625 -0.240255 -0.554676
-0.856268 0.170322 0.583349 0.816338 -0.161015 -0.554676
-0.868839 0.085573 0.583349 0.828190 -0.080224 -0.554676
-0.873043 0.000000 0.583349 0.832065 0.001339 -0.554676
-0.868839 -0.085573 0.583349 0.827927 0.082889 -0.554676
-0.856268 -0.170322 0.583349 0.815816 0.163641 -0.554676
-0.835450 -0.253431 0.583349 0.795848 0.242817 -0.554676
-0.806587 -0.334099 0.583349 0.768216 0.319654 -0.554676
-0.769955 -0.411550 0.583349 0.733185 0.393413 -0.554676
-0.725909 -0.485037 0.583349 0.691093 0.463384 -0.554676
-0.674871 -0.553853 0.583349 0.642346 0.528891 -0.554676
-0.617335 -0.617335 0.583349 0.587412 0.589306 -0.554676
-0.553853 -0.674871 0.583349 0.526822 0.644044 -0.554676
-0.485037 -0.725909 0.583349 0.461158 0.692581 -0.554676
-0.411550 -0.769955 0.583349 0.391052 0.734447 -0.554676
-0.334099 -0.806587 0.583349 0.317181 0.769240 -0.554676
-0.253431 -0.835450 0.583349 0.240255 0.796625 -0.554676
-0.170322 -0.856268 0.583349 0.161015 0.816338 -0.554676
-0.085573 -0.868839 0.583349 0.080224 0.828190 -0.554676
-0.000000 -0.873043 0.583349 -0.001339 0.832065 -0.554676
0.085573 -0.868839 0.583349 -0.082889 0.827927 -0.554676
0.170322 -0.856268 0.583349 -0.163641 0.815816 -0.554676
0.253431 -0.835450 0.583349 -0.242817 0.795848 -0.554676
0.334099 -0.806587 0.583349 -0.319654 0.768216 -0.554676
0.411550 -0.769955 0.583349 -0.393413 0.733185 -0.554676
0.485037 -0.725909 0.583349 -0.463384 0.691093 -0.554676
0.553853 -0.674871 0.583349 -0.528891 0.642346 -0.554676
0.617335 -0.617335 0.583349 -0.589306 0.587412 -0.554676
0.674871 -0.553853 0.583349 -0.644044 0.526822 -0.554676
0.725909 -0.485037 0.583349 -0.692581 0.461158 -0.554676
0.769955 -0.411550 0.583349 -0.734447 0.391052 -0.554676
0.806587 -0.334099 0.583349 -0.769240 0.317181 -0.554676
0.835450 -0.253431 0.583349 -0.796625 0.240255 -0.554676
0.856268 -0.170322 0.583349 -0.816338 0.161015 -0.554676
0.868839 -0.085573 0.583349 -0.828190 0.080224 -0.554676
0.926017 0.000000 0.494967 -0.882325 -0.001136 -0.470638
0.921558 0.090766 0.494967 -0.877965 -0.087613 -0.470638
0.908224 0.180657 0.494967 -0.865150 -0.173247 -0.470638
0.886143 0.268809 0.494967 -0.844003 -0.257213 -0.470638
0.855528 0.354371 0.494967 -0.814728 -0.338701 -0.470638
0.816674 0.436522 0.494967 -0.777606 -0.416927 -0.470638
0.769955 0.514468 0.494967 -0.732996 -0.491138 -0.470638
0.715821 0.587459 0.494967 -0.681326 -0.560619 -0.470638
0.654793 0.654793 0.494967 -0.623095 -0.624701 -0.470638
0.587459 0.715821 0.494967 -0.558863 -0.682767 -0.470638
0.514468 0.769955 0.494967 -0.489249 -0.734258 -0.470638
0.436522 0.816674 0.494967 -0.414924 -0.778677 -0.470638
0.354371 0.855528 0.494967 -0.336602 -0.815597 -0.470638
0.268809 0.886143 0.494967 -0.255039 -0.844663 -0.470638
0.180657 0.908224 0.494967 -0.171019 -0.865593 -0.470638
0.090766 0.921558 0.494967 -0.085353 -0.878188 -0.470638
0.000000 0.926017 0.494967 0.001136 -0.882325 -0.470638
-0.090766 0.921558 0.494967 0.087613 -0.877965 -0.470638
-0.180657 0.908224 0.494967 0.173247 -0.865150 -0.470638
-0.268809 0.886143 0.494967 0.257213 -0.844003 -0.470638
-0.354371 0.855528 0.494967 0.338701 -0.814728 -0.470638
-0.436522 0.816674 0.494967 0.416927 -0.777606 -0.470638
-0.514468 0.769955 0.494967 0.491138 -0.732996 -0.470638
-0.587459 0.715821 0.494967 0.560619 -0.681326 -0.470638
-0.654793 0.654793 0.494967 0.624701 -0.623095 -0.470638
-0.715821 0.587459 0.494967 0.682767 -0.558863 -0.470638
-0.769955 0.514468 0.494967 0.734258 -0.489249 -0.470638
-0.816674 0.436522 0.494967 0.778677 -0.414924 -0.470638
-0.855528 0.354371 0.494967 0.815597 -0.336602 -0.470638
-0.886143 0.268809 0.494967 0.844663 -0.255039 -0.470638
-0.908224 0.180657 0.494967 0.865593 -0.171019 -0.470638
-0.921558 0.090766 0.494967 0.878188 -0.085353 -0.470638
-0.926017 0.000000 0.494967 0.882325 0.001136 -0.470638
-0.921558 -0.090766 0.494967 0.877965 0.087613 -0.470638
-0.908224 -0.180657 0.494967 0.865150 0.173247 -0.470638
-0.886143 -0.268809 0.494967 0.844003 0.257213 -0.470638
-0.855528 -0.354371 0.494967 0.814728 0.338701 -0.470638
-0.816674 -0.436522 0.494967 0.777606 0.416927 -0.470638
-0.769955 -0.514468 0.494967 0.732996 0.491138 -0.470638
-0.715821 -0.587459 0.494967 0.681326 0.560619 -0.470638
-0.654793 -0.654793 0.494967 0.623095 0.624701 -0.470638
-0.587459 -0.715821 0.494967 0.558863 0.682767 -0.470638
-0.514468 -0.769955 0.494967 0.489249 0.734258 -0.470638
-0.436522 -0.816674 0.494967 0.414924 0.778677 -0.470638
-0.354371 -0.855528 0.494967 0.336602 0.815597 -0.470638
-0.268809 -0.886143 0.494967 0.255039 0.844663 -0.470638
-0.180657 -0.908224 0.494967 0.171019 0.865593 -0.470638
-0.090766 -0.921558 0.494967 0.085353 0.878188 -0.470638
-0.000000 -0.926017 0.494967 -0.001136 0.882325 -0.470638
0.090766 -0.921558 0.494967 -0.087613 0.877965 -0.470638
0.180657 -0.908224 0.494967 -0.173247 0.865150 -0.470638
0.268809 -0.886143 0.494967 -0.257213 0.844003 -0.470638
0.354371 -0.855528 0.494967 -0.338701 0.814728 -0.470638
0.436522 -0.816674 0.494967 -0.416927 0.777606 -0.470638
0.514468 -0.769955 0.494967 -0.491138 0.732996 -0.470638
0.587459 -0.715821 0.494967 -0.560619 0.681326 -0.470638
0.654793 -0.654793 0.494967 -0.624701 0.623095 -0.470638
0.715821 -0.587459 0.494967 -0.682767 0.558863 -0.470638
0.769955 -0.514468 0.494967 -0.734258 0.489249 -0.470638
0.816674 -0.436522 0.494967 -0.778677 0.414924 -0.470638
0.855528 -0.354371 0.494967 -0.815597 0.336602 -0.470638
0.886143 -0.268809 0.494967 -0.844663 0.255039 -0.470638
0.908224 -0.180657 0.494967 -0.865593 0.171019 -0.470638
0.921558 -0.090766 0.494967 -0.878188 0.085353 -0.470638
0.970074 0.000000 0.401818 -0.924134 -0.000922 -0.382068
0.965402 0.095084 0.401818 -0.919593 -0.091499 -0.382068
0.951434 0.189252 0.401818 -0.906197 -0.181194 -0.382068
0.928302 0.281597 0.401818 -0.884073 -0.269144 -0.382068
0.896231 0.371231 0.401818 -0.853435 -0.354503 -0.382068
0.855528 0.457289 0.401818 -0.814579 -0.436447 -0.382068
0.806587 0.538944 0.401818 -0.767877 -0.514188 -0.382068
0.749877 0.615408 0.401818 -0.713780 -0.586977 -0.382068
0.685946 0.685946 0.401818 -0.652809 -0.654113 -0.382068
0.615408 0.749877 0.401818 -0.585551 -0.714950 -0.382068
0.538944 0.806587 0.401818 -0.512655 -0.768901 -0.382068
0.457289 0.855528 0.401818 -0.434820 -0.815448 -0.382068
0.371231 0.896231 0.401818 -0.352799 -0.854141 -0.382068
0.281597 0.928302 0.401818 -0.267379 -0.884609 -0.382068
0.189252 0.951434 0.401818 -0.179385 -0.906557 -0.382068
0.095084 0.965402 0.401818 -0.089663 -0.919774 -0.382068
0.000000 0.970074 0.401818 0.000922 -0.924134 -0.382068
-0.095084 0.965402 0.401818 0.091499 -0.919593 -0.382068
-0.189252 0.951434 0.401818 0.181194 -0.906197 -0.382068
-0.281597 0.928302 0.401818 0.269144 -0.884073 -0.382068
-0.371231 0.896231 0.401818 0.354503 -0.853435 -0.382068
-0.457289 0.855528 0.401818 0.436447 -0.814579 -0.382068
-0.538944 0.806587 0.401818 0.514188 -0.767877 -0.382068
-0.615408 0.749877 0.401818 0.586977 -0.713780 -0.382068
-0.685946 0.685946 0.401818 0.654113 -0.652809 -0.382068
-0.749877 0.615408 0.401818 0.714950 -0.585551 -0.382068
-0.806587 0.538944 0.401818 0.768901 -0.512655 -0.382068
-0.855528 0.457289 0.401818 0.815448 -0.434820 -0.382068
-0.896231 0.371231 0.401818 0.854141 -0.352799 -0.382068
-0.928302 0.281597 0.401818 0.884609 -0.267379 -0.382068
-0.951434 0.189252 0.401818 0.906557 -0.179385 -0.382068
-0.965402 0.095084 0.401818 0.919774 -0.089663 -0.382068
-0.970074 0.000000 0.401818 0.924134 0.000922 -0.382068
-0.965402 -0.095084 0.401818 0.919593 0.091499 -0.382068
-0.951434 -0.189252 0.401818 0.906197 0.181194 -0.382068
-0.928302 -0.281597 0.401818 0.884073 0.269144 -0.382068
-0.896231 -0.371231 0.401818 0.853435 0.354503 -0.382068
-0.855528 -0.457289 0.401818 0.814579 0.436447 -0.382068
-0.806587 -0.538944 0.401818 0.767877 0.514188 -0.382068
-0.749877 -0.615408 0.401818 0.713780 0.586977 -0.382068
-0.685946 -0.685946 0.401818 0.652809 0.654113 -0.382068
-0.615408 -0.749877 0.401818 0.585551 0.714950 -0.382068
-0.538944 -0.806587 0.401818 0.512655 0.768901 -0.382068
-0.457289 -0.855528 0.401818 0.434820 0.815448 -0.382068
-0.371231 -0.896231 0.401818 0.352799 0.854141 -0.382068
-0.281597 -0.928302 0.401818 0.267379 0.884609 -0.382068
-0.189252 -0.951434 0.401818 0.179385 0.906557 -0.382068
-0.095084 -0.965402 0.401818 0.089663 0.919774 -0.382068
-0.000000 -0.970074 0.401818 -0.000922 0.924134 -0.382068
0.095084 -0.965402 0.401818 -0.091499 0.919593 -0.382068
0.189252 -0.951434 0.401818 -0.181194 0.906197 -0.382068
0.281597 -0.928302 0.401818 -0.269144 0.884073 -0.382068
0.371231 -0.896231 0.401818 -0.354503 0.853435 -0.382068
0.457289 -0.855528 0.401818 -0.436447 0.814579 -0.382068
0.538944 -0.806587 0.401818 -0.514188 0.767877 -0.382068
0.615408 -0.749877 0.401818 -0.586977 0.713780 -0.382068
0.685946 -0.685946 0.401818 -0.654113 0.652809 -0.382068
0.749877 -0.615408 0.401818 -0.714950 0.585551 -0.382068
0.806587 -0.538944 0.401818 -0.768901 0.512655 -0.382068
0.855528 -0.457289 0.401818 -0.815448 0.434820 -0.382068
0.896231 -0.371231 0.401818 -0.854141 0.352799 -0.382068
0.928302 -0.281597 0.401818 -0.884609 0.267379 -0.382068
0.951434 -0.189252 0.401818 -0.906557 0.179385 -0.382068
0.965402 -0.095084 0.401818 -0.919774 0.089663 -0.382068
1.004787 0.000000 0.304799 -0.957082 -0.000699 -0.289818
0.999949 0.098486 0.304799 -0.952404 -0.094506 -0.289818
0.985481 0.196024 0.304799 -0.938555 -0.187403 -0.289818
0.961522 0.291674 0.304799 -0.915667 -0.278495 -0.289818
0.928302 0.384515 0.304799 -0.883960 -0.366905 -0.289818
0.886143 0.473653 0.304799 -0.843741 -0.451782 -0.289818
0.835450 0.558230 0.304799 -0.795396 -0.532308 -0.289818
0.776711 0.637430 0.304799 -0.739390 -0.607707 -0.289818
0.710492 0.710492 0.304799 -0.676264 -0.677253 -0.289818
0.637430 0.776711 0.304799 -0.606625 -0.740278 -0.289818
0.558230 0.835450 0.304799 -0.531144 -0.796173 -0.289818
0.473653 0.886143 0.304799 -0.450548 -0.844400 -0.289818
0.384515 0.928302 0.304799 -0.365613 -0.884496 -0.289818
0.291674 0.961522 0.304799 -0.277157 -0.916073 -0.289818
0.196024 0.985481 0.304799 -0.186031 -0.938828 -0.289818
0.098486 0.999949 0.304799 -0.093114 -0.952542 -0.289818
0.000000 1.004787 0.304799 0.000699 -0.957082 -0.289818
-0.098486 0.999949 0.304799 0.094506 -0.952404 -0.289818
-0.196024 0.985481 0.304799 0.187403 -0.938555 -0.289818
-0.291674 0.961522 0.304799 0.278495 -0.915667 -0.289818
-0.384515 0.928302 0.304799 0.366905 -0.883960 -0.289818
-0.473653 0.886143 0.304799 0.451782 -0.843741 -0.289818
-0.558230 0.835450 0.304799 0.532308 -0.795396 -0.289818
-0.637430 0.776711 0.304799 0.607707 -0.739390 -0.289818
-0.710492 0.710492 0.304799 0.677253 -0.676264 -0.289818
-0.776711 0.637430 0.304799 0.740278 -0.606625 -0.289818
-0.835450 0.558230 0.304799 0.796173 -0.531144 -0.289818
-0.886143 0.473653 0.304799 0.844400 -0.450548 -0.289818
-0.928302 0.384515 0.304799 0.884496 -0.365613 -0.289818
-0.961522 0.291674 0.304799 0.916073 -0.277157 -0.289818
-0.985481 0.196024 0.304799 0.938828 -0.186031 -0.289818
-0.999949 0.098486 0.304799 0.952542 -0.093114 -0.289818
-1.004787 0.000000 0.304799 0.957082 0.000699 -0.289818
-0.999949 -0.098486 0.304799 0.952404 0.094506 -0.289818
-0.985481 -0.196024 0.304799 0.938555 0.187403 -0.289818
-0.961522 -0.291674 0.304799 0.915667 0.278495 -0.289818
-0.928302 -0.384515 0.304799 0.883960 0.366905 -0.289818
-0.886143 -0.473653 0.304799 0.843741 0.451782 -0.289818
-0.835450 -0.558230 0.304799 0.795396 0.532308 -0.289818
-0.776711 -0.637430 0.304799 0.739390 0.607707 -0.289818
-0.710492 -0.710492 0.304799 0.676264 0.677253 -0.289818
-0.637430 -0.776711 0.304799 0.606625 0.740278 -0.289818
-0.558230 -0.835450 0.304799 0.531144 0.796173 -0.289818
-0.473653 -0.886143 0.304799 0.450548 0.844400 -0.289818
-0.384515 -0.928302 0.304799 0.365613 0.884496 -0.289818
-0.291674 -0.961522 0.304799 0.277157 0.916073 -0.289818
-0.196024 -0.985481 0.304799 0.186031 0.938828 -0.289818
-0.098486 -0.999949 0.304799 0.093114 0.952542 -0.289818
-0.000000 -1.004787 0.304799 -0.000699 0.957082 -0.289818
0.098486 -0.999949 0.304799 -0.094506 0.952404 -0.289818
0.196024 -0.985481 0.304799 -0.187403 0.938555 -0.289818
0.291674 -0.961522 0.304799 -0.278495 0.915667 -0.289818
0.384515 -0.928302 0.304799 -0.366905 0.883960 -0.289818
0.473653 -0.886143 0.304799 -0.451782 0.843741 -0.289818
0.558230 -0.835450 0.304799 -0.532308 0.795396 -0.289818
0.637430 -0.776711 0.304799 -0.607707 0.739390 -0.289818
0.710492 -0.710492 0.304799 -0.677253 0.676264 -0.289818
0.776711 -0.637430 0.304799 -0.740278 0.606625 -0.289818
0.835450 -0.558230 0.304799 -0.796173 0.531144 -0.289818
0.886143 -0.473653 0.304799 -0.844400 0.450548 -0.289818
0.928302 -0.384515 0.304799 -0.884496 0.365613 -0.289818
0.961522 -0.291674 0.304799 -0.916073 0.277157 -0.289818
0.985481 -0.196024 0.304799 -0.938828 0.186031 -0.289818
0.999949 -0.098486 0.304799 -0.952542 0.093114 -0.289818
1.029825 0.000000 0.204845 -0.980848 -0.000470 -0.194777
1.024866 0.100940 0.204845 -0.976078 -0.096608 -0.194777
1.010037 0.200909 0.204845 -0.961909 -0.191815 -0.194777
0.985481 0.298942 0.204845 -0.938476 -0.285175 -0.194777
0.951434 0.394097 0.204845 -0.906005 -0.375788 -0.194777
0.908224 0.485456 0.204845 -0.864809 -0.462783 -0.194777
0.856268 0.572140 0.204845 -0.815284 -0.545321 -0.194777
0.796065 0.653314 0.204845 -0.757907 -0.622606 -0.194777
0.728196 0.728196 0.204845 -0.693232 -0.693896 -0.194777
0.653314 0.796065 0.204845 -0.621880 -0.758504 -0.194777
0.572140 0.856268 0.204845 -0.544539 -0.815806 -0.194777
0.485456 0.908224 0.204845 -0.461954 -0.865252 -0.194777
0.394097 0.951434 0.204845 -0.374920 -0.906365 -0.194777
0.298942 0.985481 0.204845 -0.284275 -0.938749 -0.194777
0.200909 1.010037 0.204845 -0.190893 -0.962093 -0.194777
0.100940 1.024866 0.204845 -0.095672 -0.976171 -0.194777
0.000000 1.029825 0.204845 0.000470 -0.980848 -0.194777
-0.100940 1.024866 0.204845 0.096608 -0.976078 -0.194777
-0.200909 1.010037 0.204845 0.191815 -0.961909 -0.194777
-0.298942 0.985481 0.204845 0.285175 -0.938476 -0.194777
-0.394097 0.951434 0.204845 0.375788 -0.906005 -0.194777
-0.485456 0.908224 0.204845 0.462783 -0.864809 -0.194777
-0.572140 0.856268 0.204845 0.545321 -0.815284 -0.194777
-0.653314 0.796065 0.204845 0.622606 -0.757907 -0.194777
-0.728196 0.728196 0.204845 0.693896 -0.693232 -0.194777
-0.796065 0.653314 0.204845 0.758504 -0.621880 -0.194777
-0.856268 0.572140 0.204845 0.815806 -0.544539 -0.194777
-0.908224 0.485456 0.204845 0.865252 -0.461954 -0.194777
-0.951434 0.394097 0.204845 0.906365 -0.374920 -0.194777
-0.985481 0.298942 0.204845 0.938749 -0.284275 -0.194777
-1.010037 0.200909 0.204845 0.962093 -0.190893 -0.194777
-1.024866 0.100940 0.204845 0.976171 -0.095672 -0.194777
-1.029825 0.000000 0.204845 0.980848 0.000470 -0.194777
-1.024866 -0.100940 0.204845 0.976078 0.096608 -0.194777
-1.010037 -0.200909 0.204845 0.961909 0.191815 -0.194777
-0.985481 -0.298942 0.204845 0.938476 0.285175 -0.194777
-0.951434 -0.394097 0.204845 0.906005 0.375788 -0.194777
-0.908224 -0.485456 0.204845 0.864809 0.462783 -0.194777
-0.856268 -0.572140 0.204845 0.815284 0.545321 -0.194777
-0.796065 -0.653314 0.204845 0.757907 0.622606 -0.194777
-0.728196 -0.728196 0.204845 0.693232 0.693896 -0.194777
-0.653314 -0.796065 0.204845 0.621880 0.758504 -0.194777
-0.572140 -0.856268 0.204845 0.544539 0.815806 -0.194777
-0.485456 -0.908224 0.204845 0.461954 0.865252 -0.194777
-0.394097 -0.951434 0.204845 0.374920 0.906365 -0.194777
-0.298942 -0.985481 0.204845 0.284275 0.938749 -0.194777
-0.200909 -1.010037 0.204845 0.190893 0.962093 -0.194777
-0.100940 -1.024866 0.204845 0.095672 0.976171 -0.194777
-0.000000 -1.029825 0.204845 -0.000470 0.980848 -0.194777
0.100940 -1.024866 0.204845 -0.096608 0.976078 -0.194777
0.200909 -1.010037 0.204845 -0.191815 0.961909 -0.194777
0.298942 -0.985481 0.204845 -0.285175 0.938476 -0.194777
0.394097 -0.951434 0.204845 -0.375788 0.906005 -0.194777
0.485456 -0.908224 0.204845 -0.462783 0.864809 -0.194777
0.572140 -0.856268 0.204845 -0.545321 0.815284 -0.194777
0.653314 -0.796065 0.204845 -0.622606 0.757907 -0.194777
0.728196 -0.728196 0.204845 -0.693896 0.693232 -0.194777
0.796065 -0.653314 0.204845 -0.758504 0.621880 -0.194777
0.856268 -0.572140 0.204845 -0.815806 0.544539 -0.194777
0.908224 -0.485456 0.204845 -0.865252 0.461954 -0.194777
0.951434 -0.394097 0.204845 -0.906365 0.374920 -0.194777
0.985481 -0.298942 0.204845 -0.938749 0.284275 -0.194777
1.010037 -0.200909 0.204845 -0.962093 0.190893 -0.194777
1.024866 -0.100940 0.204845 -0.976171 0.095672 -0.194777
1.044944 0.000000 0.102918 -0.995200 -0.000236 -0.097860
1.039912 0.102422 0.102918 -0.990385 -0.097782 -0.097860
1.024866 0.203858 0.102918 -0.976032 -0.194386 -0.097860
0.999949 0.303331 0.102918 -0.952279 -0.289117 -0.097860
0.965402 0.399883 0.102918 -0.919355 -0.381065 -0.097860
0.921558 0.492583 0.102918 -0.877577 -0.469342 -0.097860
0.868839 0.580540 0.102918 -0.827348 -0.553100 -0.097860
0.807753 0.662905 0.102918 -0.769150 -0.631531 -0.097860
0.738887 0.738887 0.102918 -0.703546 -0.703880 -0.097860
0.662905 0.807753 0.102918 -0.631166 -0.769450 -0.097860
0.580540 0.868839 0.102918 -0.552707 -0.827610 -0.097860
0.492583 0.921558 0.102918 -0.468926 -0.877800 -0.097860
0.399883 0.965402 0.102918 -0.380628 -0.919535 -0.097860
0.303331 0.999949 0.102918 -0.288665 -0.952416 -0.097860
0.203858 1.024866 0.102918 -0.193922 -0.976124 -0.097860
0.102422 1.039912 0.102918 -0.097312 -0.990431 -0.097860
0.000000 1.044944 0.102918 0.000236 -0.995200 -0.097860
-0.102422 1.039912 0.102918 0.097782 -0.990385 -0.097860
-0.203858 1.024866 0.102918 0.194386 -0.976032 -0.097860
-0.303331 0.999949 0.102918 0.289117 -0.952279 -0.097860
-0.399883 0.965402 0.102918 0.381065 -0.919355 -0.097860
-0.492583 0.921558 0.102918 0.469342 -0.877577 -0.097860
-0.580540 0.868839 0.102918 0.553100 -0.827348 -0.097860
-0.662905 0.807753 0.102918 0.631531 -0.769150 -0.097860
-0.738887 0.738887 0.102918 0.703880 -0.703546 -0.097860
-0.807753 0.662905 0.102918 0.769450 -0.631166 -0.097860
-0.868839 0.580540 0.102918 0.827610 -0.552707 -0.097860
-0.921558 0.492583 0.102918 0.877800 -0.468926 -0.097860
-0.965402 0.399883 0.102918 0.919535 -0.380628 -0.097860
-0.999949 0.303331 0.102918 0.952416 -0.288665 -0.097860
-1.024866 0.203858 0.102918 0.976124 -0.193922 -0.097860
-1.039912 0.102422 0.102918 0.990431 -0.097312 -0.097860
-1.044944 0.000000 0.102918 0.995200 0.000236 -0.097860
-1.039912 -0.102422 0.102918 0.990385 0.097782 -0.097860
-1.024866 -0.203858 0.102918 0.976032 0.194386 -0.097860
-0.999949 -0.303331 0.102918 0.952279 0.289117 -0.097860
-0.965402 -0.399883 0.102918 0.919355 0.381065 -0.097860
-0.921558 -0.492583 0.102918 0.877577 0.469342 -0.097860
-0.868839 -0.580540 0.102918 0.827348 0.553100 -0.097860
-0.807753 -0.662905 0.102918 0.769150 0.631531 -0.097860
-0.738887 -0.738887 0.102918 0.703546 0.703880 -0.097860
-0.662905 -0.807753 0.102918 0.631166 0.769450 -0.097860
-0.580540 -0.868839 0.102918 0.552707 0.827610 -0.097860
-0.492583 -0.921558 0.102918 0.468926 0.877800 -0.097860
-0.399883 -0.965402 0.102918 0.380628 0.919535 -0.097860
-0.303331 -0.999949 0.102918 0.288665 0.952416 -0.097860
-0.203858 -1.024866 0.102918 0.193922 0.976124 -0.097860
-0.102422 -1.039912 0.102918 0.097312 0.990431 -0.097860
-0.000000 -1.044944 0.102918 -0.000236 0.995200 -0.097860
0.102422 -1.039912 0.102918 -0.097782 0.990385 -0.097860
0.203858 -1.024866 0.102918 -0.194386 0.976032 -0.097860
0.303331 -0.999949 0.102918 -0.289117 0.952279 -0.097860
0.399883 -0.965402 0.102918 -0.381065 0.919355 -0.097860
0.492583 -0.921558 0.102918 -0.469342 0.877577 -0.097860
0.580540 -0.868839 0.102918 -0.553100 0.827348 -0.097860
0.662905 -0.807753 0.102918 -0.631531 0.769150 -0.097860
0.738887 -0.738887 0.102918 -0.703880 0.703546 -0.097860
0.807753 -0.662905 0.102918 -0.769450 0.631166 -0.097860
0.868839 -0.580540 0.102918 -0.827610 0.552707 -0.097860
0.921558 -0.492583 0.102918 -0.877800 0.468926 -0.097860
0.965402 -0.399883 0.102918 -0.919535 0.380628 -0.097860
0.999949 -0.303331 0.102918 -0.952416 0.288665 -0.097860
1.024866 -0.203858 0.102918 -0.976124 0.193922 -0.097860
1.039912 -0.102422 0.102918 -0.990431 0.097312 -0.097860
1.050000 0.000000 0.000000 -1.000000 -0.000000 -0.000000
1.044944 0.102918 0.000000 -0.995185 -0.098017 -0.000000
1.029825 0.204845 0.000000 -0.980785 -0.195090 -0.000000
1.004787 0.304799 0.000000 -0.956940 -0.290285 -0.000000
0.970074 0.401818 0.000000 -0.923880 -0.382683 -0.000000
0.926017 0.494967 0.000000 -0.881921 -0.471397 -0.000000
0.873043 0.583349 0.000000 -0.831470 -0.555570 -0.000000
0.811661 0.666113 0.000000 -0.773010 -0.634393 -0.000000
0.742462 0.742462 0.000000 -0.707107 -0.707107 -0.000000
0.666113 0.811661 0.000000 -0.634393 -0.773010 -0.000000
0.583349 0.873043 0.000000 -0.555570 -0.831470 -0.000000
0.494967 0.926017 0.000000 -0.471397 -0.881921 -0.000000
0.401818 0.970074 0.000000 -0.382683 -0.923880 -0.000000
0.304799 1.004787 0.000000 -0.290285 -0.956940 -0.000000
0.204845 1.029825 0.000000 -0.195090 -0.980785 -0.000000
0.102918 1.044944 0.000000 -0.098017 -0.995185 -0.000000
0.000000 1.050000 0.000000 -0.000000 -1.000000 -0.000000
-0.102918 1.044944 0.000000 0.098017 -0.995185 -0.000000
-0.204845 1.029825 0.000000 0.195090 -0.980785 -0.000000
-0.304799 1.004787 0.000000 0.290285 -0.956940 -0.000000
-0.401818 0.970074 0.000000 0.382683 -0.923880 -0.000000
-0.494967 0.926017 0.000000 0.471397 -0.881921 -0.000000
-0.583349 0.873043 0.000000 0.555570 -0.831470 -0.000000
-0.666113 0.811661 0.000000 0.634393 -0.773010 -0.000000
-0.742462 0.742462 0.000000 0.707107 -0.707107 -0.000000
-0.811661 0.666113 0.000000 0.773010 -0.634393 -0.000000
-0.873043 0.583349 0.000000 0.831470 -0.555570 -0.000000
-0.926017 0.494967 0.000000 0.881921 -0.471397 -0.000000
-0.970074 0.401818 0.000000 0.923880 -0.382683 -0.000000
-1.004787 0.304799 0.000000 0.956940 -0.290285 -0.000000
-1.029825 0.204845 0.000000 0.980785 -0.195090 -0.000000
-1.044944 0.102918 0.000000 0.995185 -0.098017 -0.000000
-1.050000 0.000000 0.000000 1.000000 -0.000000 -0.000000
-1.044944 -0.102918 0.000000 0.995185 0.098017 -0.000000
-1.029825 -0.204845 0.000000 0.980785 0.195090 -0.000000
-1.004787 -0.304799 0.000000 0.956940 0.290285 -0.000000
-0.970074 -0.401818 0.000000 0.923880 0.382683 -0.000000
-0.926017 -0.494967 0.000000 0.881921 0.471397 -0.000000
-0.873043 -0.583349 0.000000 0.831470 0.555570 -0.000000
-0.811661 -0.666113 0.000000 0.773010 0.634393 -0.000000
-0.742462 -0.742462 0.000000 0.707107 0.707107 -0.000000
-0.666113 -0.811661 0.000000 0.634393 0.773010 -0.000000
-0.583349 -0.873043 0.000000 0.555570 0.831470 -0.000000
-0.494967 -0.926017 0.000000 0.471397 0.881921 -0.000000
-0.401818 -0.970074 0.000000 0.382683 0.923880 -0.000000
-0.304799 -1.004787 0.000000 0.290285 0.956940 -0.000000
-0.204845 -1.029825 0.000000 0.195090 0.980785 -0.000000
-0.102918 -1.044944 0.000000 0.098017 0.995185 -0.000000
-0.000000 -1.050000 0.000000 -0.000000 1.000000 -0.000000
0.102918 -1.044944 0.000000 -0.098017 0.995185 -0.000000
0.204845 -1.029825 0.000000 -0.195090 0.980785 -0.000000
0.304799 -1.004787 0.000000 -0.290285 0.956940 -0.000000
0.401818 -0.970074 0.000000 -0.382683 0.923880 -0.000000
0.494967 -0.926017 0.000000 -0.471397 0.881921 -0.000000
0.583349 -0.873043 0.000000 -0.555570 0.831470 -0.000000
0.666113 -0.811661 0.000000 -0.634393 0.773010 -0.000000
0.742462 -0.742462 0.000000 -0.707107 0.707107 -0.000000
0.811661 -0.666113 0.000000 -0.773010 0.634393 -0.000000
0.873043 -0.583349 0.000000 -0.831470 0.555570 -0.000000
0.926017 -0.494967 0.000000 -0.881921 0.471397 -0.000000
0.970074 -0.401818 0.000000 -0.923880 0.382683 -0.000000
1.004787 -0.304799 0.000000 -0.956940 0.290285 -0.000000
1.029825 -0.204845 0.000000 -0.980785 0.195090 -0.000000
1.044944 -0.102918 0.000000 -0.995185 0.098017 -0.000000
1.044944 0.000000 -0.102918 -0.995200 0.000236 0.097860
1.039912 0.102422 -0.102918 -0.990431 -0.097312 0.097860
1.024866 0.203858 -0.102918 -0.976124 -0.193922 0.097860
0.999949 0.303331 -0.102918 -0.952416 -0.288665 0.097860
0.965402 0.399883 -0.102918 -0.919535 -0.380628 0.097860
0.921558 0.492583 -0.102918 -0.877800 -0.468926 0.097860
0.868839 0.580540 -0.102918 -0.827610 -0.552707 0.097860
0.807753 0.662905 -0.102918 -0.769450 -0.631166 0.097860
0.738887 0.738887 -0.102918 -0.703880 -0.703546 0.097860
0.662905 0.807753 -0.102918 -0.631531 -0.769150 0.097860
0.580540 0.868839 -0.102918 -0.553100 -0.827348 0.097860
0.492583 0.921558 -0.102918 -0.469342 -0.877577 0.097860
0.399883 0.965402 -0.102918 -0.381065 -0.919355 0.097860
0.303331 0.999949 -0.102918 -0.289117 -0.952279 0.097860
0.203858 1.024866 -0.102918 -0.194386 -0.976032 0.097860
0.102422 1.039912 -0.102918 -0.097782 -0.990385 0.097860
0.000000 1.044944 -0.102918 -0.000236 -0.995200 0.097860
-0.102422 1.039912 -0.102918 0.097312 -0.990431 0.097860
-0.203858 1.024866 -0.102918 0.193922 -0.976124 0.097860
-0.303331 0.999949 -0.102918 0.288665 -0.952416 0.097860
-0.399883 0.965402 -0.102918 0.380628 -0.919535 0.097860
-0.492583 0.921558 -0.102918 0.468926 -0.877800 0.097860
-0.580540 0.868839 -0.102918 0.552707 -0.827610 0.097860
-0.662905 0.807753 -0.102918 0.631166 -0.769450 0.097860
-0.738887 0.738887 -0.102918 0.703546 -0.703880 0.097860
-0.807753 0.662905 -0.102918 0.769150 -0.631531 0.097860
-0.868839 0.580540 -0.102918 0.827348 -0.553100 0.097860
-0.921558 0.492583 -0.102918 0.877577 -0.469342 0.097860
-0.965402 0.399883 -0.102918 0.919355 -0.381065 0.097860
-0.999949 0.303331 -0.102918 0.952279 -0.289117 0.097860
-1.024866 0.203858 -0.102918 0.976032 -0.194386 0.097860
-1.039912 0.102422 -0.102918 0.990385 -0.097782 0.097860
-1.044944 0.000000 -0.102918 0.995200 -0.000236 0.097860
-1.039912 -0.102422 -0.102918 0.990431 0.097312 0.097860
-1.024866 -0.203858 -0.102918 0.976124 0.193922 0.097860
-0.999949 -0.303331 -0.102918 0.952416 0.288665 0.097860
-0.965402 -0.399883 -0.102918 0.919535 0.380628 0.097860
-0.921558 -0.492583 -0.102918 0.877800 0.468926 0.097860
-0.868839 -0.580540 -0.102918 0.827610 0.552707 0.097860
-0.807753 -0.662905 -0.102918 0.769450 0.631166 0.097860
-0.738887 -0.738887 -0.102918 0.703880 0.703546 0.097860
-0.662905 -0.807753 -0.102918 0.631531 0.769150 0.097860
-0.580540 -0.868839 -0.102918 0.553100 0.827348 0.097860
-0.492583 -0.921558 -0.102918 0.469342 0.877577 0.097860
-0.399883 -0.965402 -0.102918 0.381065 0.919355 0.097860
-0.303331 -0.999949 -0.102918 0.289117 0.952279 0.097860
-0.203858 -1.024866 -0.102918 0.194386 0.976032 0.097860
-0.102422 -1.039912 -0.102918 0.097782 0.990385 0.097860
-0.000000 -1.044944 -0.102918 0.000236 0.995200 0.097860
0.102422 -1.039912 -0.102918 -0.097312 0.990431 0.097860
0.203858 -1.024866 -0.102918 -0.193922 0.976124 0.097860
0.303331 -0.999949 -0.102918 -0.288665 0.952416 0.097860
0.399883 -0.965402 -0.102918 -0.380628 0.919535 0.097860
0.492583 -0.921558 -0.102918 -0.468926 0.877800 0.097860
0.580540 -0.868839 -0.102918 -0.552707 0.827610 0.097860
0.662905 -0.807753 -0.102918 -0.631166 0.769450 0.097860
0.738887 -0.738887 -0.102918 -0.703546 0.703880 0.097860
0.807753 -0.662905 -0.102918 -0.769150 0.631531 0.097860
0.868839 -0.580540 -0.102918 -0.827348 0.553100 0.097860
0.921558 -0.492583 -0.102918 -0.877577 0.469342 0.097860
0.965402 -0.399883 -0.102918 -0.919355 0.381065 0.097860
0.999949 -0.303331 -0.102918 -0.952279 0.289117 0.097860
1.024866 -0.203858 -0.102918 -0.976032 0.194386 0.097860
1.039912 -0.102422 -0.102918 -0.990385 0.097782 0.097860
1.029825 0.000000 -0.204845 -0.980848 0.000470 0.194777
1.024866 0.100940 -0.204845 -0.976171 -0.095672 0.194777
1.010037 0.200909 -0.204845 -0.962093 -0.190893 0.194777
0.985481 0.298942 -0.204845 -0.938749 -0.284275 0.194777
0.951434 0.394097 -0.204845 -0.906365 -0.374920 0.194777
0.908224 0.485456 -0.204845 -0.865252 -0.461954 0.194777
0.856268 0.572140 -0.204845 -0.815806 -0.544539 0.194777
0.796065 0.653314 -0.204845 -0.758504 -0.621880 0.194777
0.728196 0.728196 -0.204845 -0.693896 -0.693232 0.194777
0.653314 0.796065 -0.204845 -0.622606 -0.757907 0.194777
0.572140 0.856268 -0.204845 -0.545321 -0.815284 0.194777
0.485456 0.908224 -0.204845 -0.462783 -0.864809 0.194777
0.394097 0.951434 -0.204845 -0.375788 -0.906005 0.194777
0.298942 0.985481 -0.204845 -0.285175 -0.938476 0.194777
0.200909 1.010037 -0.204845 -0.191815 -0.961909 0.194777
0.100940 1.024866 -0.204845 -0.096608 -0.976078 0.194777
0.000000 1.029825 -0.204845 -0.000470 -0.980848 0.194777
-0.100940 1.024866 -0.204845 0.095672 -0.976171 0.194777
-0.200909 1.010037 -0.204845 0.190893 -0.962093 0.194777
-0.298942 0.985481 -0.204845 0.284275 -0.938749 0.194777
-0.394097 0.951434 -0.204845 0.374920 -0.906365 0.194777
-0.485456 0.908224 -0.204845 0.461954 -0.865252 0.194777
-0.572140 0.856268 -0.204845 0.544539 -0.815806 0.194777
-0.653314 0.796065 -0.204845 0.621880 -0.758504 0.194777
-0.728196 0.728196 -0.204845 0.693232 -0.693896 0.194777
-0.796065 0.653314 -0.204845 0.757907 -0.622606 0.194777
-0.856268 0.572140 -0.204845 0.815284 -0.545321 0.194777
-0.908224 0.485456 -0.204845 0.864809 -0.462783 0.194777
-0.951434 0.394097 -0.204845 0.906005 -0.375788 0.194777
-0.985481 0.298942 -0.204845 0.938476 -0.285175 0.194777
-1.010037 0.200909 -0.204845 0.961909 -0.191815 0.194777
-1.024866 0.100940 -0.204845 0.976078 -0.096608 0.194777
-1.029825 0.000000 -0.204845 0.980848 -0.000470 0.194777
-1.024866 -0.100940 -0.204845 0.976171 0.095672 0.194777
-1.010037 -0.200909 -0.204845 0.962093 0.190893 0.194777
-0.985481 -0.298942 -0.204845 0.938749 0.284275 0.194777
-0.951434 -0.394097 -0.204845 0.906365 0.374920 0.194777
-0.908224 -0.485456 -0.204845 0.865252 0.461954 0.194777
-0.856268 -0.572140 -0.204845 0.815806 0.544539 0.194777
-0.796065 -0.653314 -0.204845 0.758504 0.621880 0.194777
-0.728196 -0.728196 -0.204845 0.693896 0.693232 0.194777
-0.653314 -0.796065 -0.204845 0.622606 0.757907 0.194777
-0.572140 -0.856268 -0.204845 0.545321 0.815284 0.194777
-0.485456 -0.908224 -0.204845 0.462783 0.864809 0.194777
-0.394097 -0.951434 -0.204845 0.375788 0.906005 0.194777
-0.298942 -0.985481 -0.204845 0.285175 0.938476 0.194777
-0.200909 -1.010037 -0.204845 0.191815 0.961909 0.194777
-0.100940 -1.024866 -0.204845 0.096608 0.976078 0.194777
-0.000000 -1.029825 -0.204845 0.000470 0.980848 0.194777
0.100940 -1.024866 -0.204845 -0.095672 0.976171 0.194777
0.200909 -1.010037 -0.204845 -0.190893 0.962093 0.194777
0.298942 -0.985481 -0.204845 -0.284275 0.938749 0.194777
0.394097 -0.951434 -0.204845 -0.374920 0.906365 0.194777
0.485456 -0.908224 -0.204845 -0.461954 0.865252 0.194777
0.572140 -0.856268 -0.204845 -0.544539 0.815806 0.194777
0.653314 -0.796065 -0.204845 -0.621880 0.758504 0.194777
0.728196 -0.728196 -0.204845 -0.693232 0.693896 0.194777
0.796065 -0.653314 -0.204845 -0.757907 0.622606 0.194777
0.856268 -0.572140 -0.204845 -0.815284 0.545321 0.194777
0.908224 -0.485456 -0.204845 -0.864809 0.462783 0.194777
0.951434 -0.394097 -0.204845 -0.906005 0.375788 0.194777
0.985481 -0.298942 -0.204845 -0.938476 0.285175 0.194777
1.010037 -0.200909 -0.204845 -0.961909 0.191815 0.194777
1.024866 -0.100940 -0.204845 -0.976078 0.096608 0.194777
1.004787 0.000000 -0.304799 -0.957082 0.000699 0.289818
0.999949 0.098486 -0.304799 -0.952542 -0.093114 0.289818
0.985481 0.196024 -0.304799 -0.938828 -0.186031 0.289818
0.961522 0.291674 -0.304799 -0.916073 -0.277157 0.289818
0.928302 0.384515 -0.304799 -0.884496 -0.365613 0.289818
0.886143 0.473653 -0.304799 -0.844400 -0.450548 0.289818
0.835450 0.558230 -0.304799 -0.796173 -0.531144 0.289818
0.776711 0.637430 -0.304799 -0.740278 -0.606625 0.289818
0.710492 0.710492 -0.304799 -0.677253 -0.676264 0.289818
0.637430 0.776711 -0.304799 -0.607707 -0.739390 0.289818
0.558230 0.835450 -0.304799 -0.532308 -0.795396 0.289818
0.473653 0.886143 -0.304799 -0.451782 -0.843741 0.289818
0.384515 0.928302 -0.304799 -0.366905 -0.883960 0.289818
0.291674 0.961522 -0.304799 -0.278495 -0.915667 0.289818
0.196024 0.985481 -0.304799 -0.187403 -0.938555 0.289818
0.098486 0.999949 -0.304799 -0.094506 -0.952404 0.289818
0.000000 1.004787 -0.304799 -0.000699 -0.957082 0.289818
-0.098486 0.999949 -0.304799 0.093114 -0.952542 0.289818
-0.196024 0.985481 -0.304799 0.186031 -0.938828 0.289818
-0.291674 0.961522 -0.304799 0.277157 -0.916073 0.289818
-0.384515 0.928302 -0.304799 0.365613 -0.884496 0.289818
-0.473653 0.886143 -0.304799 0.450548 -0.844400 0.289818
-0.558230 0.835450 -0.304799 0.531144 -0.796173 0.289818
-0.637430 0.776711 -0.304799 0.606625 -0.740278 0.289818
-0.710492 0.710492 -0.304799 0.676264 -0.677253 0.289818
-0.776711 0.637430 -0.304799 0.739390 -0.607707 0.289818
-0.835450 0.558230 -0.304799 0.795396 -0.532308 0.289818
-0.886143 0.473653 -0.304799 0.843741 -0.451782 0.289818
-0.928302 0.384515 -0.304799 0.883960 -0.366905 0.289818
-0.961522 0.291674 -0.304799 0.915667 -0.278495 0.289818
-0.985481 0.196024 -0.304799 0.938555 -0.187403 0.289818
-0.999949 0.098486 -0.304799 0.952404 -0.094506 0.289818
-1.004787 0.000000 -0.304799 0.957082 -0.000699 0.289818
-0.999949 -0.098486 -0.304799 0.952542 0.093114 0.289818
-0.985481 -0.196024 -0.304799 0.938828 0.186031 0.289818
-0.961522 -0.291674 -0.304799 0.916073 0.277157 0.289818
-0.928302 -0.384515 -0.304799 0.884496 0.365613 0.289818
-0.886143 -0.473653 -0.304799 0.844400 0.450548 0.289818
-0.835450 -0.558230 -0.304799 0.796173 0.531144 0.289818
-0.776711 -0.637430 -0.304799 0.740278 0.606625 0.289818
-0.710492 -0.710492 -0.304799 0.677253 0.676264 0.289818
-0.637430 -0.776711 -0.304799 0.607707 0.739390 0.289818
-0.558230 -0.835450 -0.304799 0.532308 0.795396 0.289818
-0.473653 -0.886143 -0.304799 0.451782 0.843741 0.289818
-0.384515 -0.928302 -0.304799 0.366905 0.883960 0.289818
-0.291674 -0.961522 -0.304799 0.278495 0.915667 0.289818
-0.196024 -0.985481 -0.304799 0.187403 0.938555 0.289818
-0.098486 -0.999949 -0.304799 0.094506 0.952404 0.289818
-0.000000 -1.004787 -0.304799 0.000699 0.957082 0.289818
0.098486 -0.999949 -0.304799 -0.093114 0.952542 0.289818
0.196024 -0.985481 -0.304799 -0.186031 0.938828 0.289818
0.291674 -0.961522 -0.304799 -0.277157 0.916073 0.289818
0.384515 -0.928302 -0.304799 -0.365613 0.884496 0.289818
0.473653 -0.886143 -0.304799 -0.450548 0.844400 0.289818
0.558230 -0.835450 -0.304799 -0.531144 0.796173 0.289818
0.637430 -0.776711 -0.304799 -0.606625 0.740278 0.289818
0.710492 -0.710492 -0.304799 -0.676264 0.677253 0.289818
0.776711 -0.637430 -0.304799 -0.739390 0.607707 0.289818
0.835450 -0.558230 -0.304799 -0.795396 0.532308 0.289818
0.886143 -0.473653 -0.304799 -0.843741 0.451782 0.289818
0.928302 -0.384515 -0.304799 -0.883960 0.366905 0.289818
0.961522 -0.291674 -0.304799 -0.915667 0.278495 0.289818
0.985481 -0.196024 -0.304799 -0.938555 0.187403 0.289818
0.999949 -0.098486 -0.304799 -0.952404 0.094506 0.289818
0.970074 0.000000 -0.401818 -0.924134 0.000922 0.382068
0.965402 0.095084 -0.401818 -0.919774 -0.089663 0.382068
0.951434 0.189252 -0.401818 -0.906557 -0.179385 0.382068
0.928302 0.281597 -0.401818 -0.884609 -0.267379 0.382068
0.896231 0.371231 -0.401818 -0.854141 -0.352799 0.382068
0.855528 0.457289 -0.401818 -0.815448 -0.434820 0.382068
0.806587 0.538944 -0.401818 -0.768901 -0.512655 0.382068
0.749877 0.615408 -0.401818 -0.714950 -0.585551 0.382068
0.685946 0.685946 -0.401818 -0.654113 -0.652809 0.382068
0.615408 0.749877 -0.401818 -0.586977 -0.713780 0.382068
0.538944 0.806587 -0.401818 -0.514188 -0.767877 0.382068
0.457289 0.855528 -0.401818 -0.436447 -0.814579 0.382068
0.371231 0.896231 -0.401818 -0.354503 -0.853435 0.382068
0.281597 0.928302 -0.401818 -0.269144 -0.884073 0.382068
0.189252 0.951434 -0.401818 -0.181194 -0.906197 0.382068
0.095084 0.965402 -0.401818 -0.091499 -0.919593 0.382068
0.000000 0.970074 -0.401818 -0.000922 -0.924134 0.382068
-0.095084 0.965402 -0.401818 0.089663 -0.919774 0.382068
-0.189252 0.951434 -0.401818 0.179385 -0.906557 0.382068
-0.281597 0.928302 -0.401818 0.267379 -0.884609 0.382068
-0.371231 0.896231 -0.401818 0.352799 -0.854141 0.382068
-0.457289 0.855528 -0.401818 0.434820 -0.815448 0.382068
-0.538944 0.806587 -0.401818 0.512655 -0.768901 0.382068
-0.615408 0.749877 -0.401818 0.585551 -0.714950 0.382068
-0.685946 0.685946 -0.401818 0.652809 -0.654113 0.382068
-0.749877 0.615408 -0.401818 0.713780 -0.586977 0.382068
-0.806587 0.538944 -0.401818 0.767877 -0.514188 0.382068
-0.855528 0.457289 -0.401818 0.814579 -0.436447 0.382068
-0.896231 0.371231 -0.401818 0.853435 -0.354503 0.382068
-0.928302 0.281597 -0.401818 0.884073 -0.269144 0.382068
-0.951434 0.189252 -0.401818 0.906197 -0.181194 0.382068
-0.965402 0.095084 -0.401818 0.919593 -0.091499 0.382068
-0.970074 0.000000 -0.401818 0.924134 -0.000922 0.382068
-0.965402 -0.095084 -0.401818 0.919774 0.089663 0.382068
-0.951434 -0.189252 -0.401818 0.906557 0.179385 0.382068
-0.928302 -0.281597 -0.401818 0.884609 0.267379 0.382068
-0.896231 -0.371231 -0.401818 0.854141 0.352799 0.382068
-0.855528 -0.457289 -0.401818 0.815448 0.434820 0.382068
-0.806587 -0.538944 -0.401818 0.768901 0.512655 0.382068
-0.749877 -0.615408 -0.401818 0.714950 0.585551 0.382068
-0.685946 -0.685946 -0.401818 0.654113 0.652809 0.382068
-0.615408 -0.749877 -0.401818 0.586977 0.713780 0.382068
-0.538944 -0.806587 -0.401818 0.514188 0.767877 0.382068
-0.457289 -0.855528 -0.401818 0.436447 0.814579 0.382068
-0.371231 -0.896231 -0.401818 0.354503 0.853435 0.382068
-0.281597 -0.928302 -0.401818 0.269144 0.884073 0.382068
-0.189252 -0.951434 -0.401818 0.181194 0.906197 0.382068
-0.095084 -0.965402 -0.401818 0.091499 0.919593 0.382068
-0.000000 -0.970074 -0.401818 0.000922 0.924134 0.382068
0.095084 -0.965402 -0.401818 -0.089663 0.919774 0.382068
0.189252 -0.951434 -0.401818 -0.179385 0.906557 0.382068
0.281597 -0.928302 -0.401818 -0.267379 0.884609 0.382068
0.371231 -0.896231 -0.401818 -0.352799 0.854141 0.382068
0.457289 -0.855528 -0.401818 -0.434820 0.815448 0.382068
0.538944 -0.806587 -0.401818 -0.512655 0.768901 0.382068
0.615408 -0.749877 -0.401818 -0.585551 0.714950 0.382068
0.685946 -0.685946 -0.401818 -0.652809 0.654113 0.382068
0.749877 -0.615408 -0.401818 -0.713780 0.586977 0.382068
0.806587 -0.538944 -0.401818 -0.767877 0.514188 0.382068
0.855528 -0.457289 -0.401818 -0.814579 0.436447 0.382068
0.896231 -0.371231 -0.401818 -0.853435 0.354503 0.382068
0.928302 -0.281597 -0.401818 -0.884073 0.269144 0.382068
0.951434 -0.189252 -0.401818 -0.906197 0.181194 0.382068
0.965402 -0.095084 -0.401818 -0.919593 0.091499 0.382068
0.926017 0.000000 -0.494967 -0.882325 0.001136 0.470638
0.921558 0.090766 -0.494967 -0.878188 -0.085353 0.470638
0.908224 0.180657 -0.494967 -0.865593 -0.171019 0.470638
0.886143 0.268809 -0.494967 -0.844663 -0.255039 0.470638
0.855528 0.354371 -0.494967 -0.815597 -0.336602 0.470638
0.816674 0.436522 -0.494967 -0.778677 -0.414924 0.470638
0.769955 0.514468 -0.494967 -0.734258 -0.489249 0.470638
0.715821 0.587459 -0.494967 -0.682767 -0.558863 0.470638
0.654793 0.654793 -0.494967 -0.624701 -0.623095 0.470638
0.587459 0.715821 -0.494967 -0.560619 -0.681326 0.470638
0.514468 0.769955 -0.494967 -0.491138 -0.732996 0.470638
0.436522 0.816674 -0.494967 -0.416927 -0.777606 0.470638
0.354371 0.855528 -0.494967 -0.338701 -0.814728 0.470638
0.268809 0.886143 -0.494967 -0.257213 -0.844003 0.470638
0.180657 0.908224 -0.494967 -0.173247 -0.865150 0.470638
0.090766 0.921558 -0.494967 -0.087613 -0.877965 0.470638
0.000000 0.926017 -0.494967 -0.001136 -0.882325 0.470638
-0.090766 0.921558 -0.494967 0.085353 -0.878188 0.470638
-0.180657 0.908224 -0.494967 0.171019 -0.865593 0.470638
-0.268809 0.886143 -0.494967 0.255039 -0.844663 0.470638
-0.354371 0.855528 -0.494967 0.336602 -0.815597 0.470638
-0.436522 0.816674 -0.494967 0.414924 -0.778677 0.470638
-0.514468 0.769955 -0.494967 0.489249 -0.734258 0.470638
-0.587459 0.715821 -0.494967 0.558863 -0.682767 0.470638
-0.654793 0.654793 -0.494967 0.623095 -0.624701 0.470638
-0.715821 0.587459 -0.494967 0.681326 -0.560619 0.470638
-0.769955 0.514468 -0.494967 0.732996 -0.491138 0.470638
-0.816674 0.436522 -0.494967 0.777606 -0.416927 0.470638
-0.855528 0.354371 -0.494967 0.814728 -0.338701 0.470638
-0.886143 0.268809 -0.494967 0.844003 -0.257213 0.470638
-0.908224 0.180657 -0.494967 0.865150 -0.173247 0.470638
-0.921558 0.090766 -0.494967 0.877965 -0.087613 0.470638
-0.926017 0.000000 -0.494967 0.882325 -0.001136 0.470638
-0.921558 -0.090766 -0.494967 0.878188 0.085353 0.470638
-0.908224 -0.180657 -0.494967 0.865593 0.171019 0.470638
-0.886143 -0.268809 -0.494967 0.844663 0.255039 0.470638
-0.855528 -0.354371 -0.494967 0.815597 0.336602 0.470638
-0.816674 -0.436522 -0.494967 0.778677 0.414924 0.470638
-0.769955 -0.514468 -0.494967 0.734258 0.489249 0.470638
-0.715821 -0.587459 -0.494967 0.682767 0.558863 0.470638
-0.654793 -0.654793 -0.494967 0.624701 0.623095 0.470638
-0.587459 -0.715821 -0.494967 0.560619 0.681326 0.470638
-0.514468 -0.769955 -0.494967 0.491138 0.732996 0.470638
-0.436522 -0.816674 -0.494967 0.416927 0.777606 0.470638
-0.354371 -0.855528 -0.494967 0.338701 0.814728 0.470638
-0.268809 -0.886143 -0.494967 0.257213 0.844003 0.470638
-0.180657 -0.908224 -0.494967 0.173247 0.865150 0.470638
-0.090766 -0.921558 -0.494967 0.087613 0.877965 0.470638
-0.000000 -0.926017 -0.494967 0.001136 0.882325 0.470638
0.090766 -0.921558 -0.494967 -0.085353 0.878188 0.470638
0.180657 -0.908224 -0.494967 -0.171019 0.865593 0.470638
0.268809 -0.886143 -0.494967 -0.255039 0.844663 0.470638
0.354371 -0.855528 -0.494967 -0.336602 0.815597 0.470638
0.436522 -0.816674 -0.494967 -0.414924 0.778677 0.470638
0.514468 -0.769955 -0.494967 -0.489249 0.734258 0.470638
0.587459 -0.715821 -0.494967 -0.558863 0.682767 0.470638
0.654793 -0.654793 -0.494967 -0.623095 0.624701 0.470638
0.715821 -0.587459 -0.494967 -0.681326 0.560619 0.470638
0.769955 -0.514468 -0.494967 -0.732996 0.491138 0.470638
0.816674 -0.436522 -0.494967 -0.777606 0.416927 0.470638
0.855528 -0.354371 -0.494967 -0.814728 0.338701 0.470638
0.886143 -0.268809 -0.494967 -0.844003 0.257213 0.470638
0.908224 -0.180657 -0.494967 -0.865150 0.173247 0.470638
0.921558 -0.090766 -0.494967 -0.877965 0.087613 0.470638
0.873043 0.000000 -0.583349 -0.832065 0.001339 0.554676
0.868839 0.085573 -0.583349 -0.828190 -0.080224 0.554676
0.856268 0.170322 -0.583349 -0.816338 -0.161015 0.554676
0.835450 0.253431 -0.583349 -0.796625 -0.240255 0.554676
0.806587 0.334099 -0.583349 -0.769240 -0.317181 0.554676
0.769955 0.411550 -0.583349 -0.734447 -0.391052 0.554676
0.725909 0.485037 -0.583349 -0.692581 -0.461158 0.554676
0.674871 0.553853 -0.583349 -0.644044 -0.526822 0.554676
0.617335 0.617335 -0.583349 -0.589306 -0.587412 0.554676
0.553853 0.674871 -0.583349 -0.528891 -0.642346 0.554676
0.485037 0.725909 -0.583349 -0.463384 -0.691093 0.554676
0.411550 0.769955 -0.583349 -0.393413 -0.733185 0.554676
0.334099 0.806587 -0.583349 -0.319654 -0.768216 0.554676
0.253431 0.835450 -0.583349 -0.242817 -0.795848 0.554676
0.170322 0.856268 -0.583349 -0.163641 -0.815816 0.554676
0.085573 0.868839 -0.583349 -0.082889 -0.827927 0.554676
0.000000 0.873043 -0.583349 -0.001339 -0.832065 0.554676
-0.085573 0.868839 -0.583349 0.080224 -0.828190 0.554676
-0.170322 0.856268 -0.583349 0.161015 -0.816338 0.554676
-0.253431 0.835450 -0.583349 0.240255 -0.796625 0.554676
-0.334099 0.806587 -0.583349 0.317181 -0.769240 0.554676
-0.411550 0.769955 -0.583349 0.391052 -0.734447 0.554676
-0.485037 0.725909 -0.583349 0.461158 -0.692581 0.554676
-0.553853 0.674871 -0.583349 0.526822 -0.644044 0.554676
-0.617335 0.617335 -0.583349 0.587412 -0.589306 0.554676
-0.674871 0.553853 -0.583349 0.642346 -0.528891 0.554676
-0.725909 0.485037 -0.583349 0.691093 -0.463384 0.554676
-0.769955 0.411550 -0.583349 0.733185 -0.393413 0.554676
-0.806587 0.334099 -0.583349 0.768216 -0.319654 0.554676
-0.835450 0.253431 -0.583349 0.795848 -0.242817 0.554676
-0.856268 0.170322 -0.583349 0.815816 -0.163641 0.554676
-0.868839 0.085573 -0.583349 0.827927 -0.082889 0.554676
-0.873043 0.000000 -0.583349 0.832065 -0.001339 0.554676
-0.868839 -0.085573 -0.583349 0.828190 0.080224 0.554676
-0.856268 -0.170322 -0.583349 0.816338 0.161015 0.554676
-0.835450 -0.253431 -0.583349 0.796625 0.240255 0.554676
-0.806587 -0.334099 -0.583349 0.769240 0.317181 0.554676
-0.769955 -0.411550 -0.583349 0.734447 0.391052 0.554676
-0.725909 -0.485037 -0.583349 0.692581 0.461158 0.554676
-0.674871 -0.553853 -0.583349 0.644044 0.526822 0.554676
-0.617335 -0.617335 -0.583349 0.589306 0.587412 0.554676
-0.553853 -0.674871 -0.583349 0.528891 0.642346 0.554676
-0.485037 -0.725909 -0.583349 0.463384 0.691093 0.554676
-0.411550 -0.769955 -0.583349 0.393413 0.733185 0.554676
-0.334099 -0.806587 -0.583349 0.319654 0.768216 0.554676
-0.253431 -0.835450 -0.583349 0.242817 0.795848 0.554676
-0.170322 -0.856268 -0.583349 0.163641 0.815816 0.554676
-0.085573 -0.868839 -0.583349 0.082889 0.827927 0.554676
-0.000000 -0.873043 -0.583349 0.001339 0.832065 0.554676
0.085573 -0.868839 -0.583349 -0.080224 0.828190 0.554676
0.170322 -0.856268 -0.583349 -0.161015 0.816338 0.554676
0.253431 -0.835450 -0.583349 -0.240255 0.796625 0.554676
0.334099 -0.806587 -0.583349 -0.317181 0.769240 0.554676
0.411550 -0.769955 -0.583349 -0.391052 0.734447 0.554676
0.485037 -0.725909 -0.583349 -0.461158 0.692581 0.554676
0.553853 -0.674871 -0.583349 -0.526822 0.644044 0.554676
0.617335 -0.617335 -0.583349 -0.587412 0.589306 0.554676
0.674871 -0.553853 -0.583349 -0.642346 0.528891 0.554676
0.725909 -0.485037 -0.583349 -0.691093 0.463384 0.554676
0.769955 -0.411550 -0.583349 -0.733185 0.393413 0.554676
0.806587 -0.334099 -0.583349 -0.768216 0.319654 0.554676
0.835450 -0.253431 -0.583349 -0.795848 0.242817 0.554676
0.856268 -0.170322 -0.583349 -0.815816 0.163641 0.554676
0.868839 -0.085573 -0.583349 -0.827927 0.082889 0.554676
0.811661 0.000000 -0.666113 -0.773846 0.001529 0.633372
0.807753 0.079557 -0.666113 -0.770269 -0.074329 0.633372
0.796065 0.158347 -0.666113 -0.759275 -0.149471 0.633372
0.776711 0.235613 -0.666113 -0.740968 -0.223173 0.633372
0.749877 0.310609 -0.666113 -0.715525 -0.294726 0.633372
0.715821 0.382614 -0.666113 -0.683192 -0.363440 0.633372
0.674871 0.450935 -0.666113 -0.644279 -0.428655 0.633372
0.627422 0.514912 -0.666113 -0.599161 -0.489741 0.633372
0.573931 0.573931 -0.666113 -0.548273 -0.546111 0.633372
0.514912 0.627422 -0.666113 -0.492104 -0.597221 0.633372
0.450935 0.674871 -0.666113 -0.431197 -0.642580 0.633372
0.382614 0.715821 -0.666113 -0.366137 -0.681751 0.633372
0.310609 0.749877 -0.666113 -0.297550 -0.714355 0.633372
0.235613 0.776711 -0.666113 -0.226098 -0.740081 0.633372
0.158347 0.796065 -0.666113 -0.152469 -0.758678 0.633372
0.079557 0.807753 -0.666113 -0.077371 -0.769970 0.633372
0.000000 0.811661 -0.666113 -0.001529 -0.773846 0.633372
-0.079557 0.807753 -0.666113 0.074329 -0.770269 0.633372
-0.158347 0.796065 -0.666113 0.149471 -0.759275 0.633372
-0.235613 0.776711 -0.666113 0.223173 -0.740968 0.633372
-0.310609 0.749877 -0.666113 0.294726 -0.715525 0.633372
-0.382614 0.715821 -0.666113 0.363440 -0.683192 0.633372
-0.450935 0.674871 -0.666113 0.428655 -0.644279 0.633372
-0.514912 0.627422 -0.666113 0.489741 -0.599161 0.633372
-0.573931 0.573931 -0.666113 0.546111 -0.548273 0.633372
-0.627422 0.514912 -0.666113 0.597221 -0.492104 0.633372
-0.674871 0.450935 -0.666113 0.642580 -0.431197 0.633372
-0.715821 0.382614 -0.666113 0.681751 -0.366137 0.633372
-0.749877 0.310609 -0.666113 0.714355 -0.297550 0.633372
-0.776711 0.235613 -0.666113 0.740081 -0.226098 0.633372
-0.796065 0.158347 -0.666113 0.758678 -0.152469 0.633372
-0.807753 0.079557 -0.666113 0.769970 -0.077371 0.633372
-0.811661 0.000000 -0.666113 0.773846 -0.001529 0.633372
-0.807753 -0.079557 -0.666113 0.770269 0.074329 0.633372
-0.796065 -0.158347 -0.666113 0.759275 0.149471 0.633372
-0.776711 -0.235613 -0.666113 0.740968 0.223173 0.633372
-0.749877 -0.310609 -0.666113 0.715525 0.294726 0.633372
-0.715821 -0.382614 -0.666113 0.683192 0.363440 0.633372
-0.674871 -0.450935 -0.666113 0.644279 0.428655 0.633372
-0.627422 -0.514912 -0.666113 0.599161 0.489741 0.633372
-0.573931 -0.573931 -0.666113 0.548273 0.546111 0.633372
-0.514912 -0.627422 -0.666113 0.492104 0.597221 0.633372
-0.450935 -0.674871 -0.666113 0.431197 0.642580 0.633372
-0.382614 -0.715821 -0.666113 0.366137 0.681751 0.633372
-0.310609 -0.749877 -0.666113 0.297550 0.714355 0.633372
-0.235613 -0.776711 -0.666113 0.226098 0.740081 0.633372
-0.158347 -0.796065 -0.666113 0.152469 0.758678 0.633372
-0.079557 -0.807753 -0.666113 0.077371 0.769970 0.633372
-0.000000 -0.811661 -0.666113 0.001529 0.773846 0.633372
0.079557 -0.807753 -0.666113 -0.074329 0.770269 0.633372
0.158347 -0.796065 -0.666113 -0.149471 0.759275 0.633372
0.235613 -0.776711 -0.666113 -0.223173 0.740968 0.633372
0.310609 -0.749877 -0.666113 -0.294726 0.715525 0.633372
0.382614 -0.715821 -0.666113 -0.363440 0.683192 0.633372
0.450935 -0.674871 -0.666113 -0.428655 0.644279 0.633372
0.514912 -0.627422 -0.666113 -0.489741 0.599161 0.633372
0.573931 -0.573931 -0.666113 -0.546111 0.548273 0.633372
0.627422 -0.514912 -0.666113 -0.597221 0.492104 0.633372
0.674871 -0.450935 -0.666113 -0.642580 0.431197 0.633372
0.715821 -0.382614 -0.666113 -0.681751 0.366137 0.633372
0.749877 -0.310609 -0.666113 -0.714355 0.297550 0.633372
0.776711 -0.235613 -0.666113 -0.740081 0.226098 0.633372
0.796065 -0.158347 -0.666113 -0.758678 0.152469 0.633372
0.807753 -0.079557 -0.666113 -0.769970 0.077371 0.633372
0.742462 0.000000 -0.742462 -0.708242 0.001704 0.705968
0.738887 0.072774 -0.742462 -0.704998 -0.067724 0.705968
0.728196 0.144847 -0.742462 -0.694965 -0.136500 0.705968
0.710492 0.215525 -0.742462 -0.678240 -0.203961 0.705968
0.685946 0.284128 -0.742462 -0.654982 -0.269458 0.705968
0.654793 0.349994 -0.742462 -0.625417 -0.332360 0.705968
0.617335 0.412490 -0.742462 -0.589828 -0.392061 0.705968
0.573931 0.471013 -0.742462 -0.548559 -0.447987 0.705968
0.525000 0.525000 -0.742462 -0.502007 -0.499598 0.705968
0.471013 0.573931 -0.742462 -0.450621 -0.546397 0.705968
0.412490 0.617335 -0.742462 -0.394895 -0.587935 0.705968
0.349994 0.654793 -0.742462 -0.335365 -0.623810 0.705968
0.284128 0.685946 -0.742462 -0.272606 -0.653678 0.705968
0.215525 0.710492 -0.742462 -0.207222 -0.677250 0.705968
0.144847 0.728196 -0.742462 -0.139842 -0.694301 0.705968
0.072774 0.738887 -0.742462 -0.071115 -0.704664 0.705968
0.000000 0.742462 -0.742462 -0.001704 -0.708242 0.705968
-0.072774 0.738887 -0.742462 0.067724 -0.704998 0.705968
-0.144847 0.728196 -0.742462 0.136500 -0.694965 0.705968
-0.215525 0.710492 -0.742462 0.203961 -0.678240 0.705968
-0.284128 0.685946 -0.742462 0.269458 -0.654982 0.705968
-0.349994 0.654793 -0.742462 0.332360 -0.625417 0.705968
-0.412490 0.617335 -0.742462 0.392061 -0.589828 0.705968
-0.471013 0.573931 -0.742462 0.447987 -0.548559 0.705968
-0.525000 0.525000 -0.742462 0.499598 -0.502007 0.705968
-0.573931 0.471013 -0.742462 0.546397 -0.450621 0.705968
-0.617335 0.412490 -0.742462 0.587935 -0.394895 0.705968
-0.654793 0.349994 -0.742462 0.623810 -0.335365 0.705968
-0.685946 0.284128 -0.742462 0.653678 -0.272606 0.705968
-0.710492 0.215525 -0.742462 0.677250 -0.207222 0.705968
-0.728196 0.144847 -0.742462 0.694301 -0.139842 0.705968
-0.738887 0.072774 -0.742462 0.704664 -0.071115 0.705968
-0.742462 0.000000 -0.742462 0.708242 -0.001704 0.705968
-0.738887 -0.072774 -0.742462 0.704998 0.067724 0.705968
-0.728196 -0.144847 -0.742462 0.694965 0.136500 0.705968
-0.710492 -0.215525 -0.742462 0.678240 0.203961 0.705968
-0.685946 -0.284128 -0.742462 0.654982 0.269458 0.705968
-0.654793 -0.349994 -0.742462 0.625417 0.332360 0.705968
-0.617335 -0.412490 -0.742462 0.589828 0.392061 0.705968
-0.573931 -0.471013 -0.742462 0.548559 0.447987 0.705968
-0.525000 -0.525000 -0.742462 0.502007 0.499598 0.705968
-0.471013 -0.573931 -0.742462 0.450621 0.546397 0.705968
-0.412490 -0.617335 -0.742462 0.394895 0.587935 0.705968
-0.349994 -0.654793 -0.742462 0.335365 0.623810 0.705968
-0.284128 -0.685946 -0.742462 0.272606 0.653678 0.705968
-0.215525 -0.710492 -0.742462 0.207222 0.677250 0.705968
-0.144847 -0.728196 -0.742462 0.139842 0.694301 0.705968
-0.072774 -0.738887 -0.742462 0.071115 0.704664 0.705968
-0.000000 -0.742462 -0.742462 0.001704 0.708242 0.705968
0.072774 -0.738887 -0.742462 -0.067724 0.704998 0.705968
0.144847 -0.728196 -0.742462 -0.136500 0.694965 0.705968
0.215525 -0.710492 -0.742462 -0.203961 0.678240 0.705968
0.284128 -0.685946 -0.742462 -0.269458 0.654982 0.705968
0.349994 -0.654793 -0.742462 -0.332360 0.625417 0.705968
0.412490 -0.617335 -0.742462 -0.392061 0.589828 0.705968
0.471013 -0.573931 -0.742462 -0.447987 0.548559 0.705968
0.525000 -0.525000 -0.742462 -0.499598 0.502007 0.705968
0.573931 -0.471013 -0.742462 -0.546397 0.450621 0.705968
0.617335 -0.412490 -0.742462 -0.587935 0.394895 0.705968
0.654793 -0.349994 -0.742462 -0.623810 0.335365 0.705968
0.685946 -0.284128 -0.742462 -0.653678 0.272606 0.705968
0.710492 -0.215525 -0.742462 -0.677250 0.207222 0.705968
0.728196 -0.144847 -0.742462 -0.694301 0.139842 0.705968
0.738887 -0.072774 -0.742462 -0.704664 0.071115 0.705968
0.666113 0.000000 -0.811661 -0.635905 0.001863 0.771765
0.662905 0.065290 -0.811661 -0.633026 -0.060476 0.771765
0.653314 0.129952 -0.811661 -0.624050 -0.122232 0.771765
0.637430 0.193362 -0.811661 -0.609064 -0.182811 0.771765
0.615408 0.254910 -0.811661 -0.588213 -0.241630 0.771765
0.587459 0.314003 -0.811661 -0.561696 -0.298121 0.771765
0.553853 0.370073 -0.811661 -0.529771 -0.351741 0.771765
0.514912 0.422578 -0.811661 -0.492743 -0.401974 0.771765
0.471013 0.471013 -0.811661 -0.450970 -0.448336 0.771765
0.422578 0.514912 -0.811661 -0.404854 -0.490380 0.771765
0.370073 0.553853 -0.811661 -0.354839 -0.527701 0.771765
0.314003 0.587459 -0.811661 -0.301406 -0.559940 0.771765
0.254910 0.615408 -0.811661 -0.245071 -0.586787 0.771765
0.193362 0.637430 -0.811661 -0.186376 -0.607983 0.771765
0.129952 0.653314 -0.811661 -0.125886 -0.623323 0.771765
0.065290 0.662905 -0.811661 -0.064183 -0.632661 0.771765
0.000000 0.666113 -0.811661 -0.001863 -0.635905 0.771765
-0.065290 0.662905 -0.811661 0.060476 -0.633026 0.771765
-0.129952 0.653314 -0.811661 0.122232 -0.624050 0.771765
-0.193362 0.637430 -0.811661 0.182811 -0.609064 0.771765
-0.254910 0.615408 -0.811661 0.241630 -0.588213 0.771765
-0.314003 0.587459 -0.811661 0.298121 -0.561696 0.771765
-0.370073 0.553853 -0.811661 0.351741 -0.529771 0.771765
-0.422578 0.514912 -0.811661 0.401974 -0.492743 0.771765
-0.471013 0.471013 -0.811661 0.448336 -0.450970 0.771765
-0.514912 0.422578 -0.811661 0.490380 -0.404854 0.771765
-0.553853 0.370073 -0.811661 0.527701 -0.354839 0.771765
-0.587459 0.314003 -0.811661 0.559940 -0.301406 0.771765
-0.615408 0.254910 -0.811661 0.586787 -0.245071 0.771765
-0.637430 0.193362 -0.811661 0.607983 -0.186376 0.771765
-0.653314 0.129952 -0.811661 0.623323 -0.125886 0.771765
-0.662905 0.065290 -0.811661 0.632661 -0.064183 0.771765
-0.666113 0.000000 -0.811661 0.635905 -0.001863 0.771765
-0.662905 -0.065290 -0.811661 0.633026 0.060476 0.771765
-0.653314 -0.129952 -0.811661 0.624050 0.122232 0.771765
-0.637430 -0.193362 -0.811661 0.609064 0.182811 0.771765
-0.615408 -0.254910 -0.811661 0.588213 0.241630 0.771765
-0.587459 -0.314003 -0.811661 0.561696 0.298121 0.771765
-0.553853 -0.370073 -0.811661 0.529771 0.351741 0.771765
-0.514912 -0.422578 -0.811661 0.492743 0.401974 0.771765
-0.471013 -0.471013 -0.811661 0.450970 0.448336 0.771765
-0.422578 -0.514912 -0.811661 0.404854 0.490380 0.771765
-0.370073 -0.553853 -0.811661 0.354839 0.527701 0.771765
-0.314003 -0.587459 -0.811661 0.301406 0.559940 0.771765
-0.254910 -0.615408 -0.811661 0.245071 0.586787 0.771765
-0.193362 -0.637430 -0.811661 0.186376 0.607983 0.771765
-0.129952 -0.653314 -0.811661 0.125886 0.623323 0.771765
-0.065290 -0.662905 -0.811661 0.064183 0.632661 0.771765
-0.000000 -0.666113 -0.811661 0.001863 0.635905 0.771765
0.065290 -0.662905 -0.811661 -0.060476 0.633026 0.771765
0.129952 -0.653314 -0.811661 -0.122232 0.624050 0.771765
0.193362 -0.637430 -0.811661 -0.182811 0.609064 0.771765
0.254910 -0.615408 -0.811661 -0.241630 0.588213 0.771765
0.314003 -0.587459 -0.811661 -0.298121 0.561696 0.771765
0.370073 -0.553853 -0.811661 -0.351741 0.529771 0.771765
0.422578 -0.514912 -0.811661 -0.401974 0.492743 0.771765
0.471013 -0.471013 -0.811661 -0.448336 0.450970 0.771765
0.514912 -0.422578 -0.811661 -0.490380 0.404854 0.771765
0.553853 -0.370073 -0.811661 -0.527701 0.354839 0.771765
0.587459 -0.314003 -0.811661 -0.559940 0.301406 0.771765
0.615408 -0.254910 -0.811661 -0.586787 0.245071 0.771765
0.637430 -0.193362 -0.811661 -0.607983 0.186376 0.771765
0.653314 -0.129952 -0.811661 -0.623323 0.125886 0.771765
0.662905 -0.065290 -0.811661 -0.632661 0.064183 0.771765
0.583349 0.000000 -0.873043 -0.557568 0.002003 0.830129
0.580540 0.057178 -0.873043 -0.555080 -0.052657 0.830129
0.572140 0.113806 -0.873043 -0.547245 -0.106811 0.830129
0.558230 0.169337 -0.873043 -0.534141 -0.159936 0.830129
0.538944 0.223238 -0.873043 -0.515892 -0.211521 0.830129
0.514468 0.274989 -0.873043 -0.492676 -0.261069 0.830129
0.485037 0.324091 -0.873043 -0.464714 -0.308102 0.830129
0.450935 0.370073 -0.873043 -0.432277 -0.352169 0.830129
0.412490 0.412490 -0.873043 -0.395677 -0.392843 0.830129
0.370073 0.450935 -0.873043 -0.355266 -0.429735 0.830129
0.324091 0.485037 -0.873043 -0.311434 -0.462488 0.830129
0.274989 0.514468 -0.873043 -0.264603 -0.490787 0.830129
0.223238 0.538944 -0.873043 -0.215223 -0.514359 0.830129
0.169337 0.558230 -0.873043 -0.163771 -0.532978 0.830129
0.113806 0.572140 -0.873043 -0.110741 -0.546464 0.830129
0.057178 0.580540 -0.873043 -0.056645 -0.554687 0.830129
0.000000 0.583349 -0.873043 -0.002003 -0.557568 0.830129
-0.057178 0.580540 -0.873043 0.052657 -0.555080 0.830129
-0.113806 0.572140 -0.873043 0.106811 -0.547245 0.830129
-0.169337 0.558230 -0.873043 0.159936 -0.534141 0.830129
-0.223238 0.538944 -0.873043 0.211521 -0.515892 0.830129
-0.274989 0.514468 -0.873043 0.261069 -0.492676 0.830129
-0.324091 0.485037 -0.873043 0.308102 -0.464714 0.830129
-0.370073 0.450935 -0.873043 0.352169 -0.432277 0.830129
-0.412490 0.412490 -0.873043 0.392843 -0.395677 0.830129
-0.450935 0.370073 -0.873043 0.429735 -0.355266 0.830129
-0.485037 0.324091 -0.873043 0.462488 -0.311434 0.830129
-0.514468 0.274989 -0.873043 0.490787 -0.264603 0.830129
-0.538944 0.223238 -0.873043 0.514359 -0.215223 0.830129
-0.558230 0.169337 -0.873043 0.532978 -0.163771 0.830129
-0.572140 0.113806 -0.873043 0.546464 -0.110741 0.830129
-0.580540 0.057178 -0.873043 0.554687 -0.056645 0.830129
-0.583349 0.000000 -0.873043 0.557568 -0.002003 0.830129
-0.580540 -0.057178 -0.873043 0.555080 0.052657 0.830129
-0.572140 -0.113806 -0.873043 0.547245 0.106811 0.830129
-0.558230 -0.169337 -0.873043 0.534141 0.159936 0.830129
-0.538944 -0.223238 -0.873043 0.515892 0.211521 0.830129
-0.514468 -0.274989 -0.873043 0.492676 0.261069 0.830129
-0.485037 -0.324091 -0.873043 0.464714 0.308102 0.830129
-0.450935 -0.370073 -0.873043 0.432277 0.352169 0.830129
-0.412490 -0.412490 -0.873043 0.395677 0.392843 0.830129
-0.370073 -0.450935 -0.873043 0.355266 0.429735 0.830129
-0.324091 -0.485037 -0.873043 0.311434 0.462488 0.830129
-0.274989 -0.514468 -0.873043 0.264603 0.490787 0.830129
-0.223238 -0.538944 -0.873043 0.215223 0.514359 0.830129
-0.169337 -0.558230 -0.873043 0.163771 0.532978 0.830129
-0.113806 -0.572140 -0.873043 0.110741 0.546464 0.830129
-0.057178 -0.580540 -0.873043 0.056645 0.554687 0.830129
-0.000000 -0.583349 -0.873043 0.002003 0.557568 0.830129
0.057178 -0.580540 -0.873043 -0.052657 0.555080 0.830129
0.113806 -0.572140 -0.873043 -0.106811 0.547245 0.830129
0.169337 -0.558230 -0.873043 -0.159936 0.534141 0.830129
0.223238 -0.538944 -0.873043 -0.211521 0.515892 0.830129
0.274989 -0.514468 -0.873043 -0.261069 0.492676 0.830129
0.324091 -0.485037 -0.873043 -0.308102 0.464714 0.830129
0.370073 -0.450935 -0.873043 -0.352169 0.432277 0.830129
0.412490 -0.412490 -0.873043 -0.392843 0.395677 0.830129
0.450935 -0.370073 -0.873043 -0.429735 0.355266 0.830129
0.485037 -0.324091 -0.873043 -0.462488 0.311434 0.830129
0.514468 -0.274989 -0.873043 -0.490787 0.264603 0.830129
0.538944 -0.223238 -0.873043 -0.514359 0.215223 0.830129
0.558230 -0.169337 -0.873043 -0.532978 0.163771 0.830129
0.572140 -0.113806 -0.873043 -0.546464 0.110741 0.830129
0.580540 -0.057178 -0.873043 -0.554687 0.056645 0.830129
0.494967 0.000000 -0.926017 -0.474046 0.002125 0.880497
0.492583 0.048515 -0.926017 -0.471972 -0.044350 0.880497
0.485456 0.096563 -0.926017 -0.465352 -0.090398 0.880497
0.473653 0.143681 -0.926017 -0.454251 -0.135575 0.880497
0.457289 0.189416 -0.926017 -0.438775 -0.179446 0.880497
0.436522 0.233326 -0.926017 -0.419073 -0.221590 0.880497
0.411550 0.274989 -0.926017 -0.395336 -0.261599 0.880497
0.382614 0.314003 -0.926017 -0.367791 -0.299089 0.880497
0.349994 0.349994 -0.926017 -0.336704 -0.333699 0.880497
0.314003 0.382614 -0.926017 -0.302374 -0.365094 0.880497
0.274989 0.411550 -0.926017 -0.265133 -0.392974 0.880497
0.233326 0.436522 -0.926017 -0.225338 -0.417070 0.880497
0.189416 0.457289 -0.926017 -0.183373 -0.437148 0.880497
0.143681 0.473653 -0.926017 -0.139642 -0.453017 0.880497
0.096563 0.485456 -0.926017 -0.094566 -0.464523 0.880497
0.048515 0.492583 -0.926017 -0.048579 -0.471555 0.880497
0.000000 0.494967 -0.926017 -0.002125 -0.474046 0.880497
-0.048515 0.492583 -0.926017 0.044350 -0.471972 0.880497
-0.096563 0.485456 -0.926017 0.090398 -0.465352 0.880497
-0.143681 0.473653 -0.926017 0.135575 -0.454251 0.880497
-0.189416 0.457289 -0.926017 0.179446 -0.438775 0.880497
-0.233326 0.436522 -0.926017 0.221590 -0.419073 0.880497
-0.274989 0.411550 -0.926017 0.261599 -0.395336 0.880497
-0.314003 0.382614 -0.926017 0.299089 -0.367791 0.880497
-0.349994 0.349994 -0.926017 0.333699 -0.336704 0.880497
-0.382614 0.314003 -0.926017 0.365094 -0.302374 0.880497
-0.411550 0.274989 -0.926017 0.392974 -0.265133 0.880497
-0.436522 0.233326 -0.926017 0.417070 -0.225338 0.880497
-0.457289 0.189416 -0.926017 0.437148 -0.183373 0.880497
-0.473653 0.143681 -0.926017 0.453017 -0.139642 0.880497
-0.485456 0.096563 -0.926017 0.464523 -0.094566 0.880497
-0.492583 0.048515 -0.926017 0.471555 -0.048579 0.880497
-0.494967 0.000000 -0.926017 0.474046 -0.002125 0.880497
-0.492583 -0.048515 -0.926017 0.471972 0.044350 0.880497
-0.485456 -0.096563 -0.926017 0.465352 0.090398 0.880497
-0.473653 -0.143681 -0.926017 0.454251 0.135575 0.880497
-0.457289 -0.189416 -0.926017 0.438775 0.179446 0.880497
-0.436522 -0.233326 -0.926017 0.419073 0.221590 0.880497
-0.411550 -0.274989 -0.926017 0.395336 0.261599 0.880497
-0.382614 -0.314003 -0.926017 0.367791 0.299089 0.880497
-0.349994 -0.349994 -0.926017 0.336704 0.333699 0.880497
-0.314003 -0.382614 -0.926017 0.302374 0.365094 0.880497
-0.274989 -0.411550 -0.926017 0.265133 0.392974 0.880497
-0.233326 -0.436522 -0.926017 0.225338 0.417070 0.880497
-0.189416 -0.457289 -0.926017 0.183373 0.437148 0.880497
-0.143681 -0.473653 -0.926017 0.139642 0.453017 0.880497
-0.096563 -0.485456 -0.926017 0.094566 0.464523 0.880497
-0.048515 -0.492583 -0.926017 0.048579 0.471555 0.880497
-0.000000 -0.494967 -0.926017 0.002125 0.474046 0.880497
0.048515 -0.492583 -0.926017 -0.044350 0.471972 0.880497
0.096563 -0.485456 -0.926017 -0.090398 0.465352 0.880497
0.143681 -0.473653 -0.926017 -0.135575 0.454251 0.880497
0.189416 -0.457289 -0.926017 -0.179446 0.438775 0.880497
0.233326 -0.436522 -0.926017 -0.221590 0.419073 0.880497
0.274989 -0.411550 -0.926017 -0.261599 0.395336 0.880497
0.314003 -0.382614 -0.926017 -0.299089 0.367791 0.880497
0.349994 -0.349994 -0.926017 -0.333699 0.336704 0.880497
0.382614 -0.314003 -0.926017 -0.365094 0.302374 0.880497
0.411550 -0.274989 -0.926017 -0.392974 0.265133 0.880497
0.436522 -0.233326 -0.926017 -0.417070 0.225338 0.880497
0.457289 -0.189416 -0.926017 -0.437148 0.183373 0.880497
0.473653 -0.143681 -0.926017 -0.453017 0.139642 0.880497
0.485456 -0.096563 -0.926017 -0.464523 0.094566 0.880497
0.492583 -0.048515 -0.926017 -0.471555 0.048579 0.880497
0.401818 0.000000 -0.970074 -0.386265 0.002226 0.922385
0.399883 0.039385 -0.970074 -0.384624 -0.035645 0.922385
0.394097 0.078391 -0.970074 -0.379278 -0.073173 0.922385
0.384515 0.116641 -0.970074 -0.370279 -0.109997 0.922385
0.371231 0.153769 -0.970074 -0.357715 -0.145761 0.922385
0.354371 0.189416 -0.970074 -0.341705 -0.180121 0.922385
0.334099 0.223238 -0.970074 -0.322405 -0.212747 0.922385
0.310609 0.254910 -0.970074 -0.299999 -0.243323 0.922385
0.284128 0.284128 -0.970074 -0.274705 -0.271557 0.922385
0.254910 0.310609 -0.970074 -0.246765 -0.297175 0.922385
0.223238 0.334099 -0.970074 -0.216449 -0.319931 0.922385
0.189416 0.354371 -0.970074 -0.184048 -0.339606 0.922385
0.153769 0.371231 -0.970074 -0.149874 -0.356011 0.922385
0.116641 0.384515 -0.970074 -0.114257 -0.368987 0.922385
0.078391 0.394097 -0.970074 -0.077540 -0.378409 0.922385
0.039385 0.399883 -0.970074 -0.040076 -0.384187 0.922385
0.000000 0.401818 -0.970074 -0.002226 -0.386265 0.922385
-0.039385 0.399883 -0.970074 0.035645 -0.384624 0.922385
-0.078391 0.394097 -0.970074 0.073173 -0.379278 0.922385
-0.116641 0.384515 -0.970074 0.109997 -0.370279 0.922385
-0.153769 0.371231 -0.970074 0.145761 -0.357715 0.922385
-0.189416 0.354371 -0.970074 0.180121 -0.341705 0.922385
-0.223238 0.334099 -0.970074 0.212747 -0.322405 0.922385
-0.254910 0.310609 -0.970074 0.243323 -0.299999 0.922385
-0.284128 0.284128 -0.970074 0.271557 -0.274705 0.922385
-0.310609 0.254910 -0.970074 0.297175 -0.246765 0.922385
-0.334099 0.223238 -0.970074 0.319931 -0.216449 0.922385
-0.354371 0.189416 -0.970074 0.339606 -0.184048 0.922385
-0.371231 0.153769 -0.970074 0.356011 -0.149874 0.922385
-0.384515 0.116641 -0.970074 0.368987 -0.114257 0.922385
-0.394097 0.078391 -0.970074 0.378409 -0.077540 0.922385
-0.399883 0.039385 -0.970074 0.384187 -0.040076 0.922385
-0.401818 0.000000 -0.970074 0.386265 -0.002226 0.922385
-0.399883 -0.039385 -0.970074 0.384624 0.035645 0.922385
-0.394097 -0.078391 -0.970074 0.379278 0.073173 0.922385
-0.384515 -0.116641 -0.970074 0.370279 0.109997 0.922385
-0.371231 -0.153769 -0.970074 0.357715 0.145761 0.922385
-0.354371 -0.189416 -0.970074 0.341705 0.180121 0.922385
-0.334099 -0.223238 -0.970074 0.322405 0.212747 0.922385
-0.310609 -0.254910 -0.970074 0.299999 0.243323 0.922385
-0.284128 -0.284128 -0.970074 0.274705 0.271557 0.922385
-0.254910 -0.310609 -0.970074 0.246765 0.297175 0.922385
-0.223238 -0.334099 -0.970074 0.216449 0.319931 0.922385
-0.189416 -0.354371 -0.970074 0.184048 0.339606 0.922385
-0.153769 -0.371231 -0.970074 0.149874 0.356011 0.922385
-0.116641 -0.384515 -0.970074 0.114257 0.368987 0.922385
-0.078391 -0.394097 -0.970074 0.077540 0.378409 0.922385
-0.039385 -0.399883 -0.970074 0.040076 0.384187 0.922385
-0.000000 -0.401818 -0.970074 0.002226 0.386265 0.922385
0.039385 -0.399883 -0.970074 -0.035645 0.384624 0.922385
0.078391 -0.394097 -0.970074 -0.073173 0.379278 0.922385
0.116641 -0.384515 -0.970074 -0.109997 0.370279 0.922385
0.153769 -0.371231 -0.970074 -0.145761 0.357715 0.922385
0.189416 -0.354371 -0.970074 -0.180121 0.341705 0.922385
0.223238 -0.334099 -0.970074 -0.212747 0.322405 0.922385
0.254910 -0.310609 -0.970074 -0.243323 0.299999 0.922385
0.284128 -0.284128 -0.970074 -0.271557 0.274705 0.922385
0.310609 -0.254910 -0.970074 -0.297175 0.246765 0.922385
0.334099 -0.223238 -0.970074 -0.319931 0.216449 0.922385
0.354371 -0.189416 -0.970074 -0.339606 0.184048 0.922385
0.371231 -0.153769 -0.970074 -0.356011 0.149874 0.922385
0.384515 -0.116641 -0.970074 -0.368987 0.114257 0.922385
0.394097 -0.078391 -0.970074 -0.378409 0.077540 0.922385
0.399883 -0.039385 -0.970074 -0.384187 0.040076 0.922385
0.304799 0.000000 -1.004787 -0.295351 0.002306 0.955386
0.303331 0.029876 -1.004787 -0.294155 -0.026655 0.955386
0.298942 0.059463 -1.004787 -0.290126 -0.055359 0.955386
0.291674 0.088478 -1.004787 -0.283303 -0.083529 0.955386
0.281597 0.116641 -1.004787 -0.273751 -0.110896 0.955386
0.268809 0.143681 -1.004787 -0.261564 -0.137194 0.955386
0.253431 0.169337 -1.004787 -0.246857 -0.162171 0.955386
0.235613 0.193362 -1.004787 -0.229772 -0.185587 0.955386
0.215525 0.215525 -1.004787 -0.210475 -0.207214 0.955386
0.193362 0.235613 -1.004787 -0.189151 -0.226847 0.955386
0.169337 0.253431 -1.004787 -0.166006 -0.244295 0.955386
0.143681 0.268809 -1.004787 -0.141261 -0.259390 0.955386
0.116641 0.281597 -1.004787 -0.115156 -0.271987 0.955386
0.088478 0.291674 -1.004787 -0.087942 -0.281964 0.955386
0.059463 0.298942 -1.004787 -0.059882 -0.289226 0.955386
0.029876 0.303331 -1.004787 -0.031244 -0.293703 0.955386
0.000000 0.304799 -1.004787 -0.002306 -0.295351 0.955386
-0.029876 0.303331 -1.004787 0.026655 -0.294155 0.955386
-0.059463 0.298942 -1.004787 0.055359 -0.290126 0.955386
-0.088478 0.291674 -1.004787 0.083529 -0.283303 0.955386
-0.116641 0.281597 -1.004787 0.110896 -0.273751 0.955386
-0.143681 0.268809 -1.004787 0.137194 -0.261564 0.955386
-0.169337 0.253431 -1.004787 0.162171 -0.246857 0.955386
-0.193362 0.235613 -1.004787 0.185587 -0.229772 0.955386
-0.215525 0.215525 -1.004787 0.207214 -0.210475 0.955386
-0.235613 0.193362 -1.004787 0.226847 -0.189151 0.955386
-0.253431 0.169337 -1.004787 0.244295 -0.166006 0.955386
-0.268809 0.143681 -1.004787 0.259390 -0.141261 0.955386
-0.281597 0.116641 -1.004787 0.271987 -0.115156 0.955386
-0.291674 0.088478 -1.004787 0.281964 -0.087942 0.955386
-0.298942 0.059463 -1.004787 0.289226 -0.059882 0.955386
-0.303331 0.029876 -1.004787 0.293703 -0.031244 0.955386
-0.304799 0.000000 -1.004787 0.295351 -0.002306 0.955386
-0.303331 -0.029876 -1.004787 0.294155 0.026655 0.955386
-0.298942 -0.059463 -1.004787 0.290126 0.055359 0.955386
-0.291674 -0.088478 -1.004787 0.283303 0.083529 0.955386
-0.281597 -0.116641 -1.004787 0.273751 0.110896 0.955386
-0.268809 -0.143681 -1.004787 0.261564 0.137194 0.955386
-0.253431 -0.169337 -1.004787 0.246857 0.162171 0.955386
-0.235613 -0.193362 -1.004787 0.229772 0.185587 0.955386
-0.215525 -0.215525 -1.004787 0.210475 0.207214 0.955386
-0.193362 -0.235613 -1.004787 0.189151 0.226847 0.955386
-0.169337 -0.253431 -1.004787 0.166006 0.244295 0.955386
-0.143681 -0.268809 -1.004787 0.141261 0.259390 0.955386
-0.116641 -0.281597 -1.004787 0.115156 0.271987 0.955386
-0.088478 -0.291674 -1.004787 0.087942 0.281964 0.955386
-0.059463 -0.298942 -1.004787 0.059882 0.289226 0.955386
-0.029876 -0.303331 -1.004787 0.031244 0.293703 0.955386
-0.000000 -0.304799 -1.004787 0.002306 0.295351 0.955386
0.029876 -0.303331 -1.004787 -0.026655 0.294155 0.955386
0.059463 -0.298942 -1.004787 -0.055359 0.290126 0.955386
0.088478 -0.291674 -1.004787 -0.083529 0.283303 0.955386
0.116641 -0.281597 -1.004787 -0.110896 0.273751 0.955386
0.143681 -0.268809 -1.004787 -0.137194 0.261564 0.955386
0.169337 -0.253431 -1.004787 -0.162171 0.246857 0.955386
0.193362 -0.235613 -1.004787 -0.185587 0.229772 0.955386
0.215525 -0.215525 -1.004787 -0.207214 0.210475 0.955386
0.235613 -0.193362 -1.004787 -0.226847 0.189151 0.955386
0.253431 -0.169337 -1.004787 -0.244295 0.166006 0.955386
0.268809 -0.143681 -1.004787 -0.259390 0.141261 0.955386
0.281597 -0.116641 -1.004787 -0.271987 0.115156 0.955386
0.291674 -0.088478 -1.004787 -0.281964 0.087942 0.955386
0.298942 -0.059463 -1.004787 -0.289226 0.059882 0.955386
0.303331 -0.029876 -1.004787 -0.293703 0.031244 0.955386
0.204845 0.000000 -1.029825 -0.203010 0.002363 0.979174
0.203858 0.020078 -1.029825 -0.202264 -0.017547 0.979174
0.200909 0.039963 -1.029825 -0.199570 -0.037288 0.979174
0.196024 0.059463 -1.029825 -0.194955 -0.056669 0.979174
0.189252 0.078391 -1.029825 -0.188461 -0.075505 0.979174
0.180657 0.096563 -1.029825 -0.180153 -0.093614 0.979174
0.170322 0.113806 -1.029825 -0.170110 -0.110821 0.979174
0.158347 0.129952 -1.029825 -0.158428 -0.126962 0.979174
0.144847 0.144847 -1.029825 -0.145221 -0.141879 0.979174
0.129952 0.158347 -1.029825 -0.130615 -0.155430 0.979174
0.113806 0.170322 -1.029825 -0.114751 -0.167484 0.979174
0.096563 0.180657 -1.029825 -0.097782 -0.177925 0.979174
0.078391 0.189252 -1.029825 -0.079872 -0.186653 0.979174
0.059463 0.196024 -1.029825 -0.061192 -0.193583 0.979174
0.039963 0.200909 -1.029825 -0.041923 -0.198648 0.979174
0.020078 0.203858 -1.029825 -0.022250 -0.201801 0.979174
0.000000 0.204845 -1.029825 -0.002363 -0.203010 0.979174
-0.020078 0.203858 -1.029825 0.017547 -0.202264 0.979174
-0.039963 0.200909 -1.029825 0.037288 -0.199570 0.979174
-0.059463 0.196024 -1.029825 0.056669 -0.194955 0.979174
-0.078391 0.189252 -1.029825 0.075505 -0.188461 0.979174
-0.096563 0.180657 -1.029825 0.093614 -0.180153 0.979174
-0.113806 0.170322 -1.029825 0.110821 -0.170110 0.979174
-0.129952 0.158347 -1.029825 0.126962 -0.158428 0.979174
-0.144847 0.144847 -1.029825 0.141879 -0.145221 0.979174
-0.158347 0.129952 -1.029825 0.155430 -0.130615 0.979174
-0.170322 0.113806 -1.029825 0.167484 -0.114751 0.979174
-0.180657 0.096563 -1.029825 0.177925 -0.097782 0.979174
-0.189252 0.078391 -1.029825 0.186653 -0.079872 0.979174
-0.196024 0.059463 -1.029825 0.193583 -0.061192 0.979174
-0.200909 0.039963 -1.029825 0.198648 -0.041923 0.979174
-0.203858 0.020078 -1.029825 0.201801 -0.022250 0.979174
-0.204845 0.000000 -1.029825 0.203010 -0.002363 0.979174
-0.203858 -0.020078 -1.029825 0.202264 0.017547 0.979174
-0.200909 -0.039963 -1.029825 0.199570 0.037288 0.979174
-0.196024 -0.059463 -1.029825 0.194955 0.056669 0.979174
-0.189252 -0.078391 -1.029825 0.188461 0.075505 0.979174
-0.180657 -0.096563 -1.029825 0.180153 0.093614 0.979174
-0.170322 -0.113806 -1.029825 0.170110 0.110821 0.979174
-0.158347 -0.129952 -1.029825 0.158428 0.126962 0.979174
-0.144847 -0.144847 -1.029825 0.145221 0.141879 0.979174
-0.129952 -0.158347 -1.029825 0.130615 0.155430 0.979174
-0.113806 -0.170322 -1.029825 0.114751 0.167484 0.979174
-0.096563 -0.180657 -1.029825 0.097782 0.177925 0.979174
-0.078391 -0.189252 -1.029825 0.079872 0.186653 0.979174
-0.059463 -0.196024 -1.029825 0.061192 0.193583 0.979174
-0.039963 -0.200909 -1.029825 0.041923 0.198648 0.979174
-0.020078 -0.203858 -1.029825 0.022250 0.201801 0.979174
-0.000000 -0.204845 -1.029825 0.002363 0.203010 0.979174
0.020078 -0.203858 -1.029825 -0.017547 0.202264 0.979174
0.039963 -0.200909 -1.029825 -0.037288 0.199570 0.979174
0.059463 -0.196024 -1.029825 -0.056669 0.194955 0.979174
0.078391 -0.189252 -1.029825 -0.075505 0.188461 0.979174
0.096563 -0.180657 -1.029825 -0.093614 0.180153 0.979174
0.113806 -0.170322 -1.029825 -0.110821 0.170110 0.979174
0.129952 -0.158347 -1.029825 -0.126962 0.158428 0.979174
0.144847 -0.144847 -1.029825 -0.141879 0.145221 0.979174
0.158347 -0.129952 -1.029825 -0.155430 0.130615 0.979174
0.170322 -0.113806 -1.029825 -0.167484 0.114751 0.979174
0.180657 -0.096563 -1.029825 -0.177925 0.097782 0.979174
0.189252 -0.078391 -1.029825 -0.186653 0.079872 0.979174
0.196024 -0.059463 -1.029825 -0.193583 0.061192 0.979174
0.200909 -0.039963 -1.029825 -0.198648 0.041923 0.979174
0.203858 -0.020078 -1.029825 -0.201801 0.022250 0.979174
0.102918 0.000000 -1.044944 -0.114246 0.002398 0.993450
0.102422 0.010088 -1.044944 -0.113931 -0.008812 0.993450
0.100940 0.020078 -1.044944 -0.112519 -0.019937 0.993450
0.098486 0.029876 -1.044944 -0.110023 -0.030869 0.993450
0.095084 0.039385 -1.044944 -0.106467 -0.041505 0.993450
0.090766 0.048515 -1.044944 -0.101886 -0.051741 0.993450
0.085573 0.057178 -1.044944 -0.096324 -0.061478 0.993450
0.079557 0.065290 -1.044944 -0.089834 -0.070623 0.993450
0.072774 0.072774 -1.044944 -0.082479 -0.079089 0.993450
0.065290 0.079557 -1.044944 -0.074330 -0.086792 0.993450
0.057178 0.085573 -1.044944 -0.065465 -0.093660 0.993450
0.048515 0.090766 -1.044944 -0.055970 -0.099626 0.993450
0.039385 0.095084 -1.044944 -0.045935 -0.104632 0.993450
0.029876 0.098486 -1.044944 -0.035458 -0.108631 0.993450
0.020078 0.100940 -1.044944 -0.024640 -0.111583 0.993450
0.010088 0.102422 -1.044944 -0.013584 -0.113461 0.993450
0.000000 0.102918 -1.044944 -0.002398 -0.114246 0.993450
-0.010088 0.102422 -1.044944 0.008812 -0.113931 0.993450
-0.020078 0.100940 -1.044944 0.019937 -0.112519 0.993450
-0.029876 0.098486 -1.044944 0.030869 -0.110023 0.993450
-0.039385 0.095084 -1.044944 0.041505 -0.106467 0.993450
-0.048515 0.090766 -1.044944 0.051741 -0.101886 0.993450
-0.057178 0.085573 -1.044944 0.061478 -0.096324 0.993450
-0.065290 0.079557 -1.044944 0.070623 -0.089834 0.993450
-0.072774 0.072774 -1.044944 0.079089 -0.082479 0.993450
-0.079557 0.065290 -1.044944 0.086792 -0.074330 0.993450
-0.085573 0.057178 -1.044944 0.093660 -0.065465 0.993450
-0.090766 0.048515 -1.044944 0.099626 -0.055970 0.993450
-0.095084 0.039385 -1.044944 0.104632 -0.045935 0.993450
-0.098486 0.029876 -1.044944 0.108631 -0.035458 0.993450
-0.100940 0.020078 -1.044944 0.111583 -0.024640 0.993450
-0.102422 0.010088 -1.044944 0.113461 -0.013584 0.993450
-0.102918 0.000000 -1.044944 0.114246 -0.002398 0.993450
-0.102422 -0.010088 -1.044944 0.113931 0.008812 0.993450
-0.100940 -0.020078 -1.044944 0.112519 0.019937 0.993450
-0.098486 -0.029876 -1.044944 0.110023 0.030869 0.993450
-0.095084 -0.039385 -1.044944 0.106467 0.041505 0.993450
-0.090766 -0.048515 -1.044944 0.101886 0.051741 0.993450
-0.085573 -0.057178 -1.044944 0.096324 0.061478 0.993450
-0.079557 -0.065290 -1.044944 0.089834 0.070623 0.993450
-0.072774 -0.072774 -1.044944 0.082479 0.079089 0.993450
-0.065290 -0.079557 -1.044944 0.074330 0.086792 0.993450
-0.057178 -0.085573 -1.044944 0.065465 0.093660 0.993450
-0.048515 -0.090766 -1.044944 0.055970 0.099626 0.993450
-0.039385 -0.095084 -1.044944 0.045935 0.104632 0.993450
-0.029876 -0.098486 -1.044944 0.035458 0.108631 0.993450
-0.020078 -0.100940 -1.044944 0.024640 0.111583 0.993450
-0.010088 -0.102422 -1.044944 0.013584 0.113461 0.993450
-0.000000 -0.102918 -1.044944 0.002398 0.114246 0.993450
0.010088 -0.102422 -1.044944 -0.008812 0.113931 0.993450
0.020078 -0.100940 -1.044944 -0.019937 0.112519 0.993450
0.029876 -0.098486 -1.044944 -0.030869 0.110023 0.993450
0.039385 -0.095084 -1.044944 -0.041505 0.106467 0.993450
0.048515 -0.090766 -1.044944 -0.051741 0.101886 0.993450
0.057178 -0.085573 -1.044944 -0.061478 0.096324 0.993450
0.065290 -0.079557 -1.044944 -0.070623 0.089834 0.993450
0.072774 -0.072774 -1.044944 -0.079089 0.082479 0.993450
0.079557 -0.065290 -1.044944 -0.086792 0.074330 0.993450
0.085573 -0.057178 -1.044944 -0.093660 0.065465 0.993450
0.090766 -0.048515 -1.044944 -0.099626 0.055970 0.993450
0.095084 -0.039385 -1.044944 -0.104632 0.045935 0.993450
0.098486 -0.029876 -1.044944 -0.108631 0.035458 0.993450
0.100940 -0.020078 -1.044944 -0.111583 0.024640 0.993450
0.102422 -0.010088 -1.044944 -0.113461 0.013584 0.993450
0.000000 0.000000 -1.050000 -0.049068 0.002411 0.998793
0.000000 0.000000 -1.050000 -0.049068 -0.002411 0.998793
0.000000 0.000000 -1.050000 -0.048595 -0.007208 0.998793
0.000000 0.000000 -1.050000 -0.047654 -0.011937 0.998793
0.000000 0.000000 -1.050000 -0.046255 -0.016550 0.998793
0.000000 0.000000 -1.050000 -0.044410 -0.021004 0.998793
0.000000 0.000000 -1.050000 -0.042137 -0.025256 0.998793
0.000000 0.000000 -1.050000 -0.039459 -0.029265 0.998793
0.000000 0.000000 -1.050000 -0.036400 -0.032991 0.998793
0.000000 0.000000 -1.050000 -0.032991 -0.036400 0.998793
0.000000 0.000000 -1.050000 -0.029265 -0.039459 0.998793
0.000000 0.000000 -1.050000 -0.025256 -0.042137 0.998793
0.000000 0.000000 -1.050000 -0.021004 -0.044410 0.998793
0.000000 0.000000 -1.050000 -0.016550 -0.046255 0.998793
0.000000 0.000000 -1.050000 -0.011937 -0.047654 0.998793
0.000000 0.000000 -1.050000 -0.007208 -0.048595 0.998793
0.000000 0.000000 -1.050000 -0.002411 -0.049068 0.998793
-0.000000 0.000000 -1.050000 0.002411 -0.049068 0.998793
-0.000000 0.000000 -1.050000 0.007208 -0.048595 0.998793
-0.000000 0.000000 -1.050000 0.011937 -0.047654 0.998793
-0.000000 0.000000 -1.050000 0.016550 -0.046255 0.998793
-0.000000 0.000000 -1.050000 0.021004 -0.044410 0.998793
-0.000000 0.000000 -1.050000 0.025256 -0.042137 0.998793
-0.000000 0.000000 -1.050000 0.029265 -0.039459 0.998793
-0.000000 0.000000 -1.050000 0.032991 -0.036400 0.998793
-0.000000 0.000000 -1.050000 0.036400 -0.032991 0.998793
-0.000000 0.000000 -1.050000 0.039459 -0.029265 0.998793
-0.000000 0.000000 -1.050000 0.042137 -0.025256 0.998793
-0.000000 0.000000 -1.050000 0.044410 -0.021004 0.998793
-0.000000 0.000000 -1.050000 0.046255 -0.016550 0.998793
-0.000000 0.000000 -1.050000 0.047654 -0.011937 0.998793
-0.000000 0.000000 -1.050000 0.048595 -0.007208 0.998793
-0.000000 0.000000 -1.050000 0.049068 -0.002411 0.998793
-0.000000 -0.000000 -1.050000 0.049068 0.002411 0.998793
-0.000000 -0.000000 -1.050000 0.048595 0.007208 0.998793
-0.000000 -0.000000 -1.050000 0.047654 0.011937 0.998793
-0.000000 -0.000000 -1.050000 0.046255 0.016550 0.998793
-0.000000 -0.000000 -1.050000 0.044410 0.021004 0.998793
-0.000000 -0.000000 -1.050000 0.042137 0.025256 0.998793
-0.000000 -0.000000 -1.050000 0.039459 0.029265 0.998793
-0.000000 -0.000000 -1.050000 0.036400 0.032991 0.998793
-0.000000 -0.000000 -1.050000 0.032991 0.036400 0.998793
-0.000000 -0.000000 -1.050000 0.029265 0.039459 0.998793
-0.000000 -0.000000 -1.050000 0.025256 0.042137 0.998793
-0.000000 -0.000000 -1.050000 0.021004 0.044410 0.998793
-0.000000 -0.000000 -1.050000 0.016550 0.046255 0.998793
-0.000000 -0.000000 -1.050000 0.011937 0.047654 0.998793
-0.000000 -0.000000 -1.050000 0.007208 0.048595 0.998793
-0.000000 -0.000000 -1.050000 0.002411 0.049068 0.998793
0.000000 -0.000000 -1.050000 -0.002411 0.049068 0.998793
0.000000 -0.000000 -1.050000 -0.007208 0.048595 0.998793
0.000000 -0.000000 -1.050000 -0.011937 0.047654 0.998793
0.000000 -0.000000 -1.050000 -0.016550 0.046255 0.998793
0.000000 -0.000000 -1.050000 -0.021004 0.044410 0.998793
0.000000 -0.000000 -1.050000 -0.025256 0.042137 0.998793
0.000000 -0.000000 -1.050000 -0.029265 0.039459 0.998793
0.000000 -0.000000 -1.050000 -0.032991 0.036400 0.998793
0.000000 -0.000000 -1.050000 -0.036400 0.032991 0.998793
0.000000 -0.000000 -1.050000 -0.039459 0.029265 0.998793
0.000000 -0.000000 -1.050000 -0.042137 0.025256 0.998793
0.000000 -0.000000 -1.050000 -0.044410 0.021004 0.998793
0.000000 -0.000000 -1.050000 -0.046255 0.016550 0.998793
0.000000 -0.000000 -1.050000 -0.047654 0.011937 0.998793
0.000000 -0.000000 -1.050000 -0.048595 0.007208 0.998793
4 0 1 65 64
4 1 2 66 65
4 2 3 67 66
4 3 4 68 67
4 4 5 69 68
4 5 6 70 69
4 6 7 71 70
4 7 8 72 71
4 8 9 73 72
4 9 10 74 73
4 10 11 75 74
4 11 12 76 75
4 12 13 77 76
4 13 14 78 77
4 14 15 79 78
4 15 16 80 79
4 16 17 81 80
4 17 18 82 81
4 18 19 83 82
4 19 20 84 83
4 20 21 85 84
4 21 22 86 85
4 22 23 87 86
4 23 24 88 87
4 24 25 89 88
4 25 26 90 89
4 26 27 91 90
4 27 28 92 91
4 28 29 93 92
4 29 30 94 93
4 30 31 95 94
4 31 32 96 95
4 32 33 97 96
4 33 34 98 97
4 34 35 99 98
4 35 36 100 99
4 36 37 101 100
4 37 38 102 101
4 38 39 103 102
4 39 40 104 103
4 40 41 105 104
4 41 42 106 105
4 42 43 107 106
4 43 44 108 107
4 44 45 109 108
4 45 46 110 109
4 46 47 111 110
4 47 48 112 111
4 48 49 113 112
4 49 50 114 113
4 50 51 115 114
4 51 52 116 115
4 52 53 117 116
4 53 54 118 117
4 54 55 119 118
4 55 56 120 119
4 56 57 121 120
4 57 58 122 121
4 58 59 123 122
4 59 60 124 123
4 60 61 125 124
4 61 62 126 125
4 62 63 127 126
4 63 0 64 127
4 64 65 129 128
4 65 66 130 129
4 66 67 131 130
4 67 68 132 131
4 68 69 133 132
4 69 70 134 133
4 70 71 135 134
4 71 72 136 135
4 72 73 137 136
4 73 74 138 137
4 74 75 139 138
4 75 76 140 139
4 76 77 141 140
4 77 78 142 141
4 78 79 143 142
4 79 80 144 143
4 80 81 145 144
4 81 82 146 145
4 82 83 147 146
4 83 84 148 147
4 84 85 149 148
4 85 86 150 149
4 86 87 151 150
4 87 88 152 151
4 88 89 153 152
4 89 90 154 153
4 90 91 155 154
4 91 92 156 155
4 92 93 157 156
4 93 94 158 157
4 94 95 159 158
4 95 96 160 159
4 96 97 161 160
4 97 98 162 161
4 98 99 163 162
4 99 100 164 163
4 100 101 165 164
4 101 102 166 165
4 102 103 167 166
4 103 104 168 167
4 104 105 169 168
4 105 106 170 169
4 106 107 171 170
4 107 108 172 171
4 108 109 173 172
4 109 110 174 173
4 110 111 175 174
4 111 112 176 175
4 112 113 177 176
4 113 114 178 177
4 114 115 179 178
4 115 116 180 179
4 116 117 181 180
4 117 118 182 181
4 118 119 183 182
4 119 120 184 183
4 120 121 185 184
4 121 122 186 185
4 122 123 187 186
4 123 124 188 187
4 124 125 189 188
4 125 126 190 189
4 126 127 191 190
4 127 64 128 191
4 128 129 193 192
4 129 130 194 193
4 130 131 195 194
4 131 132 196 195
4 132 133 197 196
4 133 134 198 197
4 134 135 199 198
4 135 136 200 199
4 136 137 201 200
4 137 138 202 201
4 138 139 203 202
4 139 140 204 203
4 140 141 205 204
4 141 142 206 205
4 142 143 207 206
4 143 144 208 207
4 144 145 209 208
4 145 146 210 209
4 146 147 211 210
4 147 148 212 211
4 148 149 213 212
4 149 150 214 213
4 150 151 215 214
4 151 152 216 215
4 152 153 217 216
4 153 154 218 217
4 154 155 219 218
4 155 156 220 219
4 156 157 221 220
4 157 158 222 221
4 158 159 223 222
4 159 160 224 223
4 160 161 225 224
4 161 162 226 225
4 162 163 227 226
4 163 164 228 227
4 164 165 229 228
4 165 166 230 229
4 166 167 231 230
4 167 168 232 231
4 168 169 233 232
4 169 170 234 233
4 170 171 235 234
4 171 172 236 235
4 172 173 237 236
4 173 174 238 237
4 174 175 239 238
4 175 176 240 239
4 176 177 241 240
4 177 178 242 241
4 178 179 243 242
4 179 180 244 243
4 180 181 245 244
4 181 182 246 245
4 182 183 247 246
4 183 184 248 247
4 184 185 249 248
4 185 186 250 249
4 186 187 251 250
4 187 188 252 251
4 188 189 253 252
4 189 190 254 253
4 190 191 255 254
4 191 128 192 255
4 192 193 257 256
4 193 194 258 257
4 194 195 259 258
4 195 196 260 259
4 196 197 261 260
4 197 198 262 261
4 198 199 263 262
4 199 200 264 263
4 200 201 265 264
4 201 202 266 265
4 202 203 267 266
4 203 204 268 267
4 204 205 269 268
4 205 206 270 269
4 206 207 271 270
4 207 208 272 271
4 208 209 273 272
4 209 210 274 273
4 210 211 275 274
4 211 212 276 275
4 212 213 277 276
4 213 214 278 277
4 214 215 279 278
4 215 216 280 279
4 216 217 281 280
4 217 218 282 281
4 218 219 283 282
4 219 220 284 283
4 220 221 285 284
4 221 222 286 285
4 222 223 287 286
4 223 224 288 287
4 224 225 289 288
4 225 226 290 289
4 226 227 291 290
4 227 228 292 291
4 228 229 293 292
4 229 230 294 293
4 230 231 295 294
4 231 232 296 295
4 232 233 297 296
4 233 234 298 297
4 234 235 299 298
4 235 236 300 299
4 236 237 301 300
4 237 238 302 301
4 238 239 303 302
4 239 240 304 303
4 240 241 305 304
4 241 242 306 305
4 242 243 307 306
4 243 244 308 307
4 244 245 309 308
4 245 246 310 309
4 246 247 311 310
4 247 248 312 311
4 248 249 313 312
4 249 250 314 313
4 250 251 315 314
4 251 252 316 315
4 252 253 317 316
4 253 254 318 317
4 254 255 319 318
4 255 192 256 319
4 256 257 321 320
4 257 258 322 321
4 258 259 323 322
4 259 260 324 323
4 260 261 325 324
4 261 262 326 325
4 262 263 327 326
4 263 264 328 327
4 264 265 329 328
4 265 266 330 329
4 266 267 331 330
4 267 268 332 331
4 268 269 333 332
4 269 270 334 333
4 270 271 335 334
4 271 272 336 335
4 272 273 337 336
4 273 274 338 337
4 274 275 339 338
4 275 276 340 339
4 276 277 341 340
4 277 278 342 341
4 278 279 343 342
4 279 280 344 343
4 280 281 345 344
4 281 282 346 345
4 282 283 347 346
4 283 284 348 347
4 284 285 349 348
4 285 286 350 349
4 286 287 351 350
4 287 288 352 351
4 288 289 353 352
4 289 290 354 353
4 290 291 355 354
4 291 292 356 355
4 292 293 357 356
4 293 294 358 357
4 294 295 359 358
4 295 296 360 359
4 296 297 361 360
4 297 298 362 361
4 298 299 363 362
4 299 300 364 363
4 300 301 365 364
4 301 302 366 365
4 302 303 367 366
4 303 304 368 367
4 304 305 369 368
4 305 306 370 369
4 306 307 371 370
4 307 308 372 371
4 308 309 373 372
4 309 310 374 373
4 310 311 375 374
4 311 312 376 375
4 312 313 377 376
4 313 314 378 377
4 314 315 379 378
4 315 316 380 379
4 316 317 381 380
4 317 318 382 381
4 318 319 383 382
4 319 256 320 383
4 320 321 385 384
4 321 322 386 385
4 322 323 387 386
4 323 324 388 387
4 324 325 389 388
4 325 326 390 389
4 326 327 391 390
4 327 328 392 391
4 328 329 393 392
4 329 330 394 393
4 330 331 395 394
4 331 332 396 395
4 332 333 397 396
4 333 334 398 397
4 334 335 399 398
4 335 336 400 399
4 336 337 401 400
4 337 338 402 401
4 338 339 403 402
4 339 340 404 403
4 340 341 405 404
4 341 342 406 405
4 342 343 407 406
4 343 344 408 407
4 344 345 409 408
4 345 346 410 409
4 346 347 411 410
4 347 348 412 411
4 348 349 413 412
4 349 350 414 413
4 350 351 415 414
4 351 352 416 415
4 352 353 417 416
4 353 354 418 417
4 354 355 419 418
4 355 356 420 419
4 356 357 421 420
4 357 358 422 421
4 358 359 423 422
4 359 360 424 423
4 360 361 425 424
4 361 362 426 425
4 362 363 427 426
4 363 364 428 427
4 364 365 429 428
4 365 366 430 429
4 366 367 431 430
4 367 368 432 431
4 368 369 433 432
4 369 370 434 433
4 370 371 435 434
4 371 372 436 435
4 372 373 437 436
4 373 374 438 437
4 374 375 439 438
4 375 376 440 439
4 376 377 441 440
4 377 378 442 441
4 378 379 443 442
4 379 380 444 443
4 380 381 445 444
4 381 382 446 445
4 382 383 447 446
4 383 320 384 447
4 384 385 449 448
4 385 386 450 449
4 386 387 451 450
4 387 388 452 451
4 388 389 453 452
4 389 390 454 453
4 390 391 455 454
4 391 392 456 455
4 392 393 457 456
4 393 394 458 457
4 394 395 459 458
4 395 396 460 459
4 396 397 461 460
4 397 398 462 461
4 398 399 463 462
4 399 400 464 463
4 400 401 465 464
4 401 402 466 465
4 402 403 467 466
4 403 404 468 467
4 404 405 469 468
4 405 406 470 469
4 406 407 471 470
4 407 408 472 471
4 408 409 473 472
4 409 410 474 473
4 410 411 475 474
4 411 412 476 475
4 412 413 477 476
4 413 414 478 477
4 414 415 479 478
4 415 416 480 479
4 416 417 481 480
4 417 418 482 481
4 418 419 483 482
4 419 420 484 483
4 420 421 485 484
4 421 422 486 485
4 422 423 487 486
4 423 424 488 487
4 424 425 489 488
4 425 426 490 489
4 426 427 491 490
4 427 428 492 491
4 428 429 493 492
4 429 430 494 493
4 430 431 495 494
4 431 432 496 495
4 432 433 497 496
4 433 434 498 497
4 434 435 499 498
4 435 436 500 499
4 436 437 501 500
4 437 438 502 501
4 438 439 503 502
4 439 440 504 503
4 440 441 505 504
4 441 442 506 505
4 442 443 507 506
4 443 444 508 507
4 444 445 509 508
4 445 446 510 509
4 446 447 511 510
4 447 384 448 511
4 448 449 513 512
4 449 450 514 513
4 450 451 515 514
4 451 452 516 515
4 452 453 517 516
4 453 454 518 517
4 454 455 519 518
4 455 456 520 519
4 456 457 521 520
4 457 458 522 521
4 458 459 523 522
4 459 460 524 523
4 460 461 525 524
4 461 462 526 525
4 462 463 527 526
4 463 464 528 527
4 464 465 529 528
4 465 466 530 529
4 466 467 531 530
4 467 468 532 531
4 468 469 533 532
4 469 470 534 533
4 470 471 535 534
4 471 472 536 535
4 472 473 537 536
4 473 474 538 537
4 474 475 539 538
4 475 476 540 539
4 476 477 541 540
4 477 478 542 541
4 478 479 543 542
4 479 480 544 543
4 480 481 545 544
4 481 482 546 545
4 482 483 547 546
4 483 484 548 547
4 484 485 549 548
4 485 486 550 549
4 486 487 551 550
4 487 488 552 551
4 488 489 553 552
4 489 490 554 553
4 490 491 555 554
4 491 492 556 555
4 492 493 557 556
4 493 494 558 557
4 494 495 559 558
4 495 496 560 559
4 496 497 561 560
4 497 498 562 561
4 498 499 563 562
4 499 500 564 563
4 500 501 565 564
4 501 502 566 565
4 502 503 567 566
4 503 504 568 567
4 504 505 569 568
4 505 506 570 569
4 506 507 571 570
4 507 508 572 571
4 508 509 573 572
4 509 510 574 573
4 510 511 575 574
4 511 448 512 575
4 512 513 577 576
4 513 514 578 577
4 514 515 579 578
4 515 516 580 579
4 516 517 581 580
4 517 518 582 581
4 518 519 583 582
4 519 520 584 583
4 520 521 585 584
4 521 522 586 585
4 522 523 587 586
4 523 524 588 587
4 524 525 589 588
4 525 526 590 589
4 526 527 591 590
4 527 528 592 591
4 528 529 593 592
4 529 530 594 593
4 530 531 595 594
4 531 532 596 595
4 532 533 597 596
4 533 534 598 597
4 534 535 599 598
4 535 536 600 599
4 536 537 601 600
4 537 538 602 601
4 538 539 603 602
4 539 540 604 603
4 540 541 605 604
4 541 542 606 605
4 542 543 607 606
4 543 544 608 607
4 544 545 609 608
4 545 546 610 609
4 546 547 611 610
4 547 548 612 611
4 548 549 613 612
4 549 550 614 613
4 550 551 615 614
4 551 552 616 615
4 552 553 617 616
4 553 554 618 617
4 554 555 619 618
4 555 556 620 619
4 556 557 621 620
4 557 558 622 621
4 558 559 623 622
4 559 560 624 623
4 560 561 625 624
4 561 562 626 625
4 562 563 627 626
4 563 564 628 627
4 564 565 629 628
4 565 566 630 629
4 566 567 631 630
4 567 568 632 631
4 568 569 633 632
4 569 570 634 633
4 570 571 635 634
4 571 572 636 635
4 572 573 637 636
4 573 574 638 637
4 574 575 639 638
4 575 512 576 639
4 576 577 641 640
4 577 578 642 641
4 578 579 643 642
4 579 580 644 643
4 580 581 645 644
4 581 582 646 645
4 582 583 647 646
4 583 584 648 647
4 584 585 649 648
4 585 586 650 649
4 586 587 651 650
4 587 588 652 651
4 588 589 653 652
4 589 590 654 653
4 590 591 655 654
4 591 592 656 655
4 592 593 657 656
4 593 594 658 657
4 594 595 659 658
4 595 596 660 659
4 596 597 661 660
4 597 598 662 661
4 598 599 663 662
4 599 600 664 663
4 600 601 665 664
4 601 602 666 665
4 602 603 667 666
4 603 604 668 667
4 604 605 669 668
4 605 606 670 669
4 606 607 671 670
4 607 608 672 671
4 608 609 673 672
4 609 610 674 673
4 610 611 675 674
4 611 612 676 675
4 612 613 677 676
4 613 614 678 677
4 614 615 679 678
4 615 616 680 679
4 616 617 681 680
4 617 618 682 681
4 618 619 683 682
4 619 620 684 683
4 620 621 685 684
4 621 622 686 685
4 622 623 687 686
4 623 624 688 687
4 624 625 689 688
4 625 626 690 689
4 626 627 691 690
4 627 628 692 691
4 628 629 693 692
4 629 630 694 693
4 630 631 695 694
4 631 632 696 695
4 632 633 697 696
4 633 634 698 697
4 634 635 699 698
4 635 636 700 699
4 636 637 701 700
4 637 638 702 701
4 638 639 703 702
4 639 576 640 703
4 640 641 705 704
4 641 642 706 705
4 642 643 707 706
4 643 644 708 707
4 644 645 709 708
4 645 646 710 709
4 646 647 711 710
4 647 648 712 711
4 648 649 713 712
4 649 650 714 713
4 650 651 715 714
4 651 652 716 715
4 652 653 717 716
4 653 654 718 717
4 654 655 719 718
4 655 656 720 719
4 656 657 721 720
4 657 658 722 721
4 658 659 723 722
4 659 660 724 723
4 660 661 725 724
4 661 662 726 725
4 662 663 727 726
4 663 664 728 727
4 664 665 729 728
4 665 666 730 729
4 666 667 731 730
4 667 668 732 731
4 668 669 733 732
4 669 670 734 733
4 670 671 735 734
4 671 672 736 735
4 672 673 737 736
4 673 674 738 737
4 674 675 739 738
4 675 676 740 739
4 676 677 741 740
4 677 678 742 741
4 678 679 743 742
4 679 680 744 743
4 680 681 745 744
4 681 682 746 745
4 682 683 747 746
4 683 684 748 747
4 684 685 749 748
4 685 686 750 749
4 686 687 751 750
4 687 688 752 751
4 688 689 753 752
4 689 690 754 753
4 690 691 755 754
4 691 692 756 755
4 692 693 757 756
4 693 694 758 757
4 694 695 759 758
4 695 696 760 759
4 696 697 761 760
4 697 698 762 761
4 698 699 763 762
4 699 700 764 763
4 700 701 765 764
4 701 702 766 765
4 702 703 767 766
4 703 640 704 767
4 704 705 769 768
4 705 706 770 769
4 706 707 771 770
4 707 708 772 771
4 708 709 773 772
4 709 710 774 773
4 710 711 775 774
4 711 712 776 775
4 712 713 777 776
4 713 714 778 777
4 714 715 779 778
4 715 716 780 779
4 716 717 781 780
4 717 718 782 781
4 718 719 783 782
4 719 720 784 783
4 720 721 785 784
4 721 722 786 785
4 722 723 787 786
4 723 724 788 787
4 724 725 789 788
4 725 726 790 789
4 726 727 791 790
4 727 728 792 791
4 728 729 793 792
4 729 730 794 793
4 730 731 795 794
4 731 732 796 795
4 732 733 797 796
4 733 734 798 797
4 734 735 799 798
4 735 736 800 799
4 736 737 801 800
4 737 738 802 801
4 738 739 803 802
4 739 740 804 803
4 740 741 805 804
4 741 742 806 805
4 742 743 807 806
4 743 744 808 807
4 744 745 809 808
4 745 746 810 809
4 746 747 811 810
4 747 748 812 811
4 748 749 813 812
4 749 750 814 813
4 750 751 815 814
4 751 752 816 815
4 752 753 817 816
4 753 754 818 817
4 754 755 819 818
4 755 756 820 819
4 756 757 821 820
4 757 758 822 821
4 758 759 823 822
4 759 760 824 823
4 760 761 825 824
4 761 762 826 825
4 762 763 827 826
4 763 764 828 827
4 764 765 829 828
4 765 766 830 829
4 766 767 831 830
4 767 704 768 831
4 768 769 833 832
4 769 770 834 833
4 770 771 835 834
4 771 772 836 835
4 772 773 837 836
4 773 774 838 837
4 774 775 839 838
4 775 776 840 839
4 776 777 841 840
4 777 778 842 841
4 778 779 843 842
4 779 780 844 843
4 780 781 845 844
4 781 782 846 845
4 782 783 847 846
4 783 784 848 847
4 784 785 849 848
4 785 786 850 849
4 786 787 851 850
4 787 788 852 851
4 788 789 853 852
4 789 790 854 853
4 790 791 855 854
4 791 792 856 855
4 792 793 857 856
4 793 794 858 857
4 794 795 859 858
4 795 796 860 859
4 796 797 861 860
4 797 798 862 861
4 798 799 863 862
4 799 800 864 863
4 800 801 865 864
4 801 802 866 865
4 802 803 867 866
4 803 804 868 867
4 804 805 869 868
4 805 806 870 869
4 806 807 871 870
4 807 808 872 871
4 808 809 873 872
4 809 810 874 873
4 810 811 875 874
4 811 812 876 875
4 812 813 877 876
4 813 814 878 877
4 814 815 879 878
4 815 816 880 879
4 816 817 881 880
4 817 818 882 881
4 818 819 883 882
4 819 820 884 883
4 820 821 885 884
4 821 822 886 885
4 822 823 887 886
4 823 824 888 887
4 824 825 889 888
4 825 826 890 889
4 826 827 891 890
4 827 828 892 891
4 828 829 893 892
4 829 830 894 893
4 830 831 895 894
4 831 768 832 895
4 832 833 897 896
4 833 834 898 897
4 834 835 899 898
4 835 836 900 899
4 836 837 901 900
4 837 838 902 901
4 838 839 903 902
4 839 840 904 903
4 840 841 905 904
4 841 842 906 905
4 842 843 907 906
4 843 844 908 907
4 844 845 909 908
4 845 846 910 909
4 846 847 911 910
4 847 848 912 911
4 848 849 913 912
4 849 850 914 913
4 850 851 915 914
4 851 852 916 915
4 852 853 917 916
4 853 854 918 917
4 854 855 919 918
4 855 856 920 919
4 856 857 921 920
4 857 858 922 921
4 858 859 923 922
4 859 860 924 923
4 860 861 925 924
4 861 862 926 925
4 862 863 927 926
4 863 864 928 927
4 864 865 929 928
4 865 866 930 929
4 866 867 931 930
4 867 868 932 931
4 868 869 933 932
4 869 870 934 933
4 870 871 935 934
4 871 872 936 935
4 872 873 937 936
4 873 874 938 937
4 874 875 939 938
4 875 876 940 939
4 876 877 941 940
4 877 878 942 941
4 878 879 943 942
4 879 880 944 943
4 880 881 945 944
4 881 882 946 945
4 882 883 947 946
4 883 884 948 947
4 884 885 949 948
4 885 886 950 949
4 886 887 951 950
4 887 888 952 951
4 888 889 953 952
4 889 890 954 953
4 890 891 955 954
4 891 892 956 955
4 892 893 957 956
4 893 894 958 957
4 894 895 959 958
4 895 832 896 959
4 896 897 961 960
4 897 898 962 961
4 898 899 963 962
4 899 900 964 963
4 900 901 965 964
4 901 902 966 965
4 902 903 967 966
4 903 904 968 967
4 904 905 969 968
4 905 906 970 969
4 906 907 971 970
4 907 908 972 971
4 908 909 973 972
4 909 910 974 973
4 910 911 975 974
4 911 912 976 975
4 912 913 977 976
4 913 914 978 977
4 914 915 979 978
4 915 916 980 979
4 916 917 981 980
4 917 918 982 981
4 918 919 983 982
4 919 920 984 983
4 920 921 985 984
4 921 922 986 985
4 922 923 987 986
4 923 924 988 987
4 924 925 989 988
4 925 926 990 989
4 926 927 991 990
4 927 928 992 991
4 928 929 993 992
4 929 930 994 993
4 930 931 995 994
4 931 932 996 995
4 932 933 997 996
4 933 934 998 997
4 934 935 999 998
4 935 936 1000 999
4 936 937 1001 1000
4 937 938 1002 1001
4 938 939 1003 1002
4 939 940 1004 1003
4 940 941 1005 1004
4 941 942 1006 1005
4 942 943 1007 1006
4 943 944 1008 1007
4 944 945 1009 1008
4 945 946 1010 1009
4 946 947 1011 1010
4 947 948 1012 1011
4 948 949 1013 1012
4 949 950 1014 1013
4 950 951 1015 1014
4 951 952 1016 1015
4 952 953 1017 1016
4 953 954 1018 1017
4 954 955 1019 1018
4 955 956 1020 1019
4 956 957 1021 1020
4 957 958 1022 1021
4 958 959 1023 1022
4 959 896 960 1023
4 960 961 1025 1024
4 961 962 1026 1025
4 962 963 1027 1026
4 963 964 1028 1027
4 964 965 1029 1028
4 965 966 1030 1029
4 966 967 1031 1030
4 967 968 1032 1031
4 968 969 1033 1032
4 969 970 1034 1033
4 970 971 1035 1034
4 971 972 1036 1035
4 972 973 1037 1036
4 973 974 1038 1037
4 974 975 1039 1038
4 975 976 1040 1039
4 976 977 1041 1040
4 977 978 1042 1041
4 978 979 1043 1042
4 979 980 1044 1043
4 980 981 1045 1044
4 981 982 1046 1045
4 982 983 1047 1046
4 983 984 1048 1047
4 984 985 1049 1048
4 985 986 1050 1049
4 986 987 1051 1050
4 987 988 1052 1051
4 988 989 1053 1052
4 989 990 1054 1053
4 990 991 1055 1054
4 991 992 1056 1055
4 992 993 1057 1056
4 993 994 1058 1057
4 994 995 1059 1058
4 995 996 1060 1059
4 996 997 1061 1060
4 997 998 1062 1061
4 998 999 1063 1062
4 999 1000 1064 1063
4 1000 1001 1065 1064
4 1001 1002 1066 1065
4 1002 1003 1067 1066
4 1003 1004 1068 1067
4 1004 1005 1069 1068
4 1005 1006 1070 1069
4 1006 1007 1071 1070
4 1007 1008 1072 1071
4 1008 1009 1073 1072
4 1009 1010 1074 1073
4 1010 1011 1075 1074
4 1011 1012 1076 1075
4 1012 1013 1077 1076
4 1013 1014 1078 1077
4 1014 1015 1079 1078
4 1015 1016 1080 1079
4 1016 1017 1081 1080
4 1017 1018 1082 1081
4 1018 1019 1083 1082
4 1019 1020 1084 1083
4 1020 1021 1085 1084
4 1021 1022 1086 1085
4 1022 1023 1087 1086
4 1023 960 1024 1087
4 1024 1025 1089 1088
4 1025 1026 1090 1089
4 1026 1027 1091 1090
4 1027 1028 1092 1091
4 1028 1029 1093 1092
4 1029 1030 1094 1093
4 1030 1031 1095 1094
4 1031 1032 1096 1095
4 1032 1033 1097 1096
4 1033 1034 1098 1097
4 1034 1035 1099 1098
4 1035 1036 1100 1099
4 1036 1037 1101 1100
4 1037 1038 1102 1101
4 1038 1039 1103 1102
4 1039 1040 1104 1103
4 1040 1041 1105 1104
4 1041 1042 1106 1105
4 1042 1043 1107 1106
4 1043 1044 1108 1107
4 1044 1045 1109 1108
4 1045 1046 1110 1109
4 1046 1047 1111 1110
4 1047 1048 1112 1111
4 1048 1049 1113 1112
4 1049 1050 1114 1113
4 1050 1051 1115 1114
4 1051 1052 1116 1115
4 1052 1053 1117 1116
4 1053 1054 1118 1117
4 1054 1055 1119 1118
4 1055 1056 1120 1119
4 1056 1057 1121 1120
4 1057 1058 1122 1121
4 1058 1059 1123 1122
4 1059 1060 1124 1123
4 1060 1061 1125 1124
4 1061 1062 1126 1125
4 1062 1063 1127 1126
4 1063 1064 1128 1127
4 1064 1065 1129 1128
4 1065 1066 1130 1129
4 1066 1067 1131 1130
4 1067 1068 1132 1131
4 1068 1069 1133 1132
4 1069 1070 1134 1133
4 1070 1071 1135 1134
4 1071 1072 1136 1135
4 1072 1073 1137 1136
4 1073 1074 1138 1137
4 1074 1075 1139 1138
4 1075 1076 1140 1139
4 1076 1077 1141 1140
4 1077 1078 1142 1141
4 1078 1079 1143 1142
4 1079 1080 1144 1143
4 1080 1081 1145 1144
4 1081 1082 1146 1145
4 1082 1083 1147 1146
4 1083 1084 1148 1147
4 1084 1085 1149 1148
4 1085 1086 1150 1149
4 1086 1087 1151 1150
4 1087 1024 1088 1151
4 1088 1089 1153 1152
4 1089 1090 1154 1153
4 1090 1091 1155 1154
4 1091 1092 1156 1155
4 1092 1093 1157 1156
4 1093 1094 1158 1157
4 1094 1095 1159 1158
4 1095 1096 1160 1159
4 1096 1097 1161 1160
4 1097 1098 1162 1161
4 1098 1099 1163 1162
4 1099 1100 1164 1163
4 1100 1101 1165 1164
4 1101 1102 1166 1165
4 1102 1103 1167 1166
4 1103 1104 1168 1167
4 1104 1105 1169 1168
4 1105 1106 1170 1169
4 1106 1107 1171 1170
4 1107 1108 1172 1171
4 1108 1109 1173 1172
4 1109 1110 1174 1173
4 1110 1111 1175 1174
4 1111 1112 1176 1175
4 1112 1113 1177 1176
4 1113 1114 1178 1177
4 1114 1115 1179 1178
4 1115 1116 1180 1179
4 1116 1117 1181 1180
4 1117 1118 1182 1181
4 1118 1119 1183 1182
4 1119 1120 1184 1183
4 1120 1121 1185 1184
4 1121 1122 1186 1185
4 1122 1123 1187 1186
4 1123 1124 1188 1187
4 1124 1125 1189 1188
4 1125 1126 1190 1189
4 1126 1127 1191 1190
4 1127 1128 1192 1191
4 1128 1129 1193 1192
4 1129 1130 1194 1193
4 1130 1131 1195 1194
4 1131 1132 1196 1195
4 1132 1133 1197 1196
4 1133 1134 1198 1197
4 1134 1135 1199 1198
4 1135 1136 1200 1199
4 1136 1137 1201 1200
4 1137 1138 1202 1201
4 1138 1139 1203 1202
4 1139 1140 1204 1203
4 1140 1141 1205 1204
4 1141 1142 1206 1205
4 1142 1143 1207 1206
4 1143 1144 1208 1207
4 1144 1145 1209 1208
4 1145 1146 1210 1209
4 1146 1147 1211 1210
4 1147 1148 1212 1211
4 1148 1149 1213 1212
4 1149 1150 1214 1213
4 1150 1151 1215 1214
4 1151 1088 1152 1215
4 1152 1153 1217 1216
4 1153 1154 1218 1217
4 1154 1155 1219 1218
4 1155 1156 1220 1219
4 1156 1157 1221 1220
4 1157 1158 1222 1221
4 1158 1159 1223 1222
4 1159 1160 1224 1223
4 1160 1161 1225 1224
4 1161 1162 1226 1225
4 1162 1163 1227 1226
4 1163 1164 1228 1227
4 1164 1165 1229 1228
4 1165 1166 1230 1229
4 1166 1167 1231 1230
4 1167 1168 1232 1231
4 1168 1169 1233 1232
4 1169 1170 1234 1233
4 1170 1171 1235 1234
4 1171 1172 1236 1235
4 1172 1173 1237 1236
4 1173 1174 1238 1237
4 1174 1175 1239 1238
4 1175 1176 1240 1239
4 1176 1177 1241 1240
4 1177 1178 1242 1241
4 1178 1179 1243 1242
4 1179 1180 1244 1243
4 1180 1181 1245 1244
4 1181 1182 1246 1245
4 1182 1183 1247 1246
4 1183 1184 1248 1247
4 1184 1185 1249 1248
4 1185 1186 1250 1249
4 1186 1187 1251 1250
4 1187 1188 1252 1251
4 1188 1189 1253 1252
4 1189 1190 1254 1253
4 1190 1191 1255 1254
4 1191 1192 1256 1255
4 1192 1193 1257 1256
4 1193 1194 1258 1257
4 1194 1195 1259 1258
4 1195 1196 1260 1259
4 1196 1197 1261 1260
4 1197 1198 1262 1261
4 1198 1199 1263 1262
4 1199 1200 1264 1263
4 1200 1201 1265 1264
4 1201 1202 1266 1265
4 1202 1203 1267 1266
4 1203 1204 1268 1267
4 1204 1205 1269 1268
4 1205 1206 1270 1269
4 1206 1207 1271 1270
4 1207 1208 1272 1271
4 1208 1209 1273 1272
4 1209 1210 1274 1273
4 1210 1211 1275 1274
4 1211 1212 1276 1275
4 1212 1213 1277 1276
4 1213 1214 1278 1277
4 1214 1215 1279 1278
4 1215 1152 1216 1279
4 1216 1217 1281 1280
4 1217 1218 1282 1281
4 1218 1219 1283 1282
4 1219 1220 1284 1283
4 1220 1221 1285 1284
4 1221 1222 1286 1285
4 1222 1223 1287 1286
4 1223 1224 1288 1287
4 1224 1225 1289 1288
4 1225 1226 1290 1289
4 1226 1227 1291 1290
4 1227 1228 1292 1291
4 1228 1229 1293 1292
4 1229 1230 1294 1293
4 1230 1231 1295 1294
4 1231 1232 1296 1295
4 1232 1233 1297 1296
4 1233 1234 1298 1297
4 1234 1235 1299 1298
4 1235 1236 1300 1299
4 1236 1237 1301 1300
4 1237 1238 1302 1301
4 1238 1239 1303 1302
4 1239 1240 1304 1303
4 1240 1241 1305 1304
4 1241 1242 1306 1305
4 1242 1243 1307 1306
4 1243 1244 1308 1307
4 1244 1245 1309 1308
4 1245 1246 1310 1309
4 1246 1247 1311 1310
4 1247 1248 1312 1311
4 1248 1249 1313 1312
4 1249 1250 1314 1313
4 1250 1251 1315 1314
4 1251 1252 1316 1315
4 1252 1253 1317 1316
4 1253 1254 1318 1317
4 1254 1255 1319 1318
4 1255 1256 1320 1319
4 1256 1257 1321 1320
4 1257 1258 1322 1321
4 1258 1259 1323 1322
4 1259 1260 1324 1323
4 1260 1261 1325 1324
4 1261 1262 1326 1325
4 1262 1263 1327 1326
4 1263 1264 1328 1327
4 1264 1265 1329 1328
4 1265 1266 1330 1329
4 1266 1267 1331 1330
4 1267 1268 1332 1331
4 1268 1269 1333 1332
4 1269 1270 1334 1333
4 1270 1271 1335 1334
4 1271 1272 1336 1335
4 1272 1273 1337 1336
4 1273 1274 1338 1337
4 1274 1275 1339 1338
4 1275 1276 1340 1339
4 1276 1277 1341 1340
4 1277 1278 1342 1341
4 1278 1279 1343 1342
4 1279 1216 1280 1343
4 1280 1281 1345 1344
4 1281 1282 1346 1345
4 1282 1283 1347 1346
4 1283 1284 1348 1347
4 1284 1285 1349 1348
4 1285 1286 1350 1349
4 1286 1287 1351 1350
4 1287 1288 1352 1351
4 1288 1289 1353 1352
4 1289 1290 1354 1353
4 1290 1291 1355 1354
4 1291 1292 1356 1355
4 1292 1293 1357 1356
4 1293 1294 1358 1357
4 1294 1295 1359 1358
4 1295 1296 1360 1359
4 1296 1297 1361 1360
4 1297 1298 1362 1361
4 1298 1299 1363 1362
4 1299 1300 1364 1363
4 1300 1301 1365 1364
4 1301 1302 1366 1365
4 1302 1303 1367 1366
4 1303 1304 1368 1367
4 1304 1305 1369 1368
4 1305 1306 1370 1369
4 1306 1307 1371 1370
4 1307 1308 1372 1371
4 1308 1309 1373 1372
4 1309 1310 1374 1373
4 1310 1311 1375 1374
4 1311 1312 1376 1375
4 1312 1313 1377 1376
4 1313 1314 1378 1377
4 1314 1315 1379 1378
4 1315 1316 1380 1379
4 1316 1317 1381 1380
4 1317 1318 1382 1381
4 1318 1319 1383 1382
4 1319 1320 1384 1383
4 1320 1321 1385 1384
4 1321 1322 1386 1385
4 1322 1323 1387 1386
4 1323 1324 1388 1387
4 1324 1325 1389 1388
4 1325 1326 1390 1389
4 1326 1327 1391 1390
4 1327 1328 1392 1391
4 1328 1329 1393 1392
4 1329 1330 1394 1393
4 1330 1331 1395 1394
4 1331 1332 1396 1395
4 1332 1333 1397 1396
4 1333 1334 1398 1397
4 1334 1335 1399 1398
4 1335 1336 1400 1399
4 1336 1337 1401 1400
4 1337 1338 1402 1401
4 1338 1339 1403 1402
4 1339 1340 1404 1403
4 1340 1341 1405 1404
4 1341 1342 1406 1405
4 1342 1343 1407 1406
4 1343 1280 1344 1407
4 1344 1345 1409 1408
4 1345 1346 1410 1409
4 1346 1347 1411 1410
4 1347 1348 1412 1411
4 1348 1349 1413 1412
4 1349 1350 1414 1413
4 1350 1351 1415 1414
4 1351 1352 1416 1415
4 1352 1353 1417 1416
4 1353 1354 1418 1417
4 1354 1355 1419 1418
4 1355 1356 1420 1419
4 1356 1357 1421 1420
4 1357 1358 1422 1421
4 1358 1359 1423 1422
4 1359 1360 1424 1423
4 1360 1361 1425 1424
4 1361 1362 1426 1425
4 1362 1363 1427 1426
4 1363 1364 1428 1427
4 1364 1365 1429 1428
4 1365 1366 1430 1429
4 1366 1367 1431 1430
4 1367 1368 1432 1431
4 1368 1369 1433 1432
4 1369 1370 1434 1433
4 1370 1371 1435 1434
4 1371 1372 1436 1435
4 1372 1373 1437 1436
4 1373 1374 1438 1437
4 1374 1375 1439 1438
4 1375 1376 1440 1439
4 1376 1377 1441 1440
4 1377 1378 1442 1441
4 1378 1379 1443 1442
4 1379 1380 1444 1443
4 1380 1381 1445 1444
4 1381 1382 1446 1445
4 1382 1383 1447 1446
4 1383 1384 1448 1447
4 1384 1385 1449 1448
4 1385 1386 1450 1449
4 1386 1387 1451 1450
4 1387 1388 1452 1451
4 1388 1389 1453 1452
4 1389 1390 1454 1453
4 1390 1391 1455 1454
4 1391 1392 1456 1455
4 1392 1393 1457 1456
4 1393 1394 1458 1457
4 1394 1395 1459 1458
4 1395 1396 1460 1459
4 1396 1397 1461 1460
4 1397 1398 1462 1461
4 1398 1399 1463 1462
4 1399 1400 1464 1463
4 1400 1401 1465 1464
4 1401 1402 1466 1465
4 1402 1403 1467 1466
4 1403 1404 1468 1467
4 1404 1405 1469 1468
4 1405 1406 1470 1469
4 1406 1407 1471 1470
4 1407 1344 1408 1471
4 1408 1409 1473 1472
4 1409 1410 1474 1473
4 1410 1411 1475 1474
4 1411 1412 1476 1475
4 1412 1413 1477 1476
4 1413 1414 1478 1477
4 1414 1415 1479 1478
4 1415 1416 1480 1479
4 1416 1417 1481 1480
4 1417 1418 1482 1481
4 1418 1419 1483 1482
4 1419 1420 1484 1483
4 1420 1421 1485 1484
4 1421 1422 1486 1485
4 1422 1423 1487 1486
4 1423 1424 1488 1487
4 1424 1425 1489 1488
4 1425 1426 1490 1489
4 1426 1427 1491 1490
4 1427 1428 1492 1491
4 1428 1429 1493 1492
4 1429 1430 1494 1493
4 1430 1431 1495 1494
4 1431 1432 1496 1495
4 1432 1433 1497 1496
4 1433 1434 1498 1497
4 1434 1435 1499 1498
4 1435 1436 1500 1499
4 1436 1437 1501 1500
4 1437 1438 1502 1501
4 1438 1439 1503 1502
4 1439 1440 1504 1503
4 1440 1441 1505 1504
4 1441 1442 1506 1505
4 1442 1443 1507 1506
4 1443 1444 1508 1507
4 1444 1445 1509 1508
4 1445 1446 1510 1509
4 1446 1447 1511 1510
4 1447 1448 1512 1511
4 1448 1449 1513 1512
4 1449 1450 1514 1513
4 1450 1451 1515 1514
4 1451 1452 1516 1515
4 1452 1453 1517 1516
4 1453 1454 1518 1517
4 1454 1455 1519 1518
4 1455 1456 1520 1519
4 1456 1457 1521 1520
4 1457 1458 1522 1521
4 1458 1459 1523 1522
4 1459 1460 1524 1523
4 1460 1461 1525 1524
4 1461 1462 1526 1525
4 1462 1463 1527 1526
4 1463 1464 1528 1527
4 1464 1465 1529 1528
4 1465 1466 1530 1529
4 1466 1467 1531 1530
4 1467 1468 1532 1531
4 1468 1469 1533 1532
4 1469 1470 1534 1533
4 1470 1471 1535 1534
4 1471 1408 1472 1535
4 1472 1473 1537 1536
4 1473 1474 1538 1537
4 1474 1475 1539 1538
4 1475 1476 1540 1539
4 1476 1477 1541 1540
4 1477 1478 1542 1541
4 1478 1479 1543 1542
4 1479 1480 1544 1543
4 1480 1481 1545 1544
4 1481 1482 1546 1545
4 1482 1483 1547 1546
4 1483 1484 1548 1547
4 1484 1485 1549 1548
4 1485 1486 1550 1549
4 1486 1487 1551 1550
4 1487 1488 1552 1551
4 1488 1489 1553 1552
4 1489 1490 1554 1553
4 1490 1491 1555 1554
4 1491 1492 1556 1555
4 1492 1493 1557 1556
4 1493 1494 1558 1557
4 1494 1495 1559 1558
4 1495 1496 1560 1559
4 1496 1497 1561 1560
4 1497 1498 1562 1561
4 1498 1499 1563 1562
4 1499 1500 1564 1563
4 1500 1501 1565 1564
4 1501 1502 1566 1565
4 1502 1503 1567 1566
4 1503 1504 1568 1567
4 1504 1505 1569 1568
4 1505 1506 1570 1569
4 1506 1507 1571 1570
4 1507 1508 1572 1571
4 1508 1509 1573 1572
4 1509 1510 1574 1573
4 1510 1511 1575 1574
4 1511 1512 1576 1575
4 1512 1513 1577 1576
4 1513 1514 1578 1577
4 1514 1515 1579 1578
4 1515 1516 1580 1579
4 1516 1517 1581 1580
4 1517 1518 1582 1581
4 1518 1519 1583 1582
4 1519 1520 1584 1583
4 1520 1521 1585 1584
4 1521 1522 1586 1585
4 1522 1523 1587 1586
4 1523 1524 1588 1587
4 1524 1525 1589 1588
4 1525 1526 1590 1589
4 1526 1527 1591 1590
4 1527 1528 1592 1591
4 1528 1529 1593 1592
4 1529 1530 1594 1593
4 1530 1531 1595 1594
4 1531 1532 1596 1595
4 1532 1533 1597 1596
4 1533 1534 1598 1597
4 1534 1535 1599 1598
4 1535 1472 1536 1599
4 1536 1537 1601 1600
4 1537 1538 1602 1601
4 1538 1539 1603 1602
4 1539 1540 1604 1603
4 1540 1541 1605 1604
4 1541 1542 1606 1605
4 1542 1543 1607 1606
4 1543 1544 1608 1607
4 1544 1545 1609 1608
4 1545 1546 1610 1609
4 1546 1547 1611 1610
4 1547 1548 1612 1611
4 1548 1549 1613 1612
4 1549 1550 1614 1613
4 1550 1551 1615 1614
4 1551 1552 1616 1615
4 1552 1553 1617 1616
4 1553 1554 1618 1617
4 1554 1555 1619 1618
4 1555 1556 1620 1619
4 1556 1557 1621 1620
4 1557 1558 1622 1621
4 1558 1559 1623 1622
4 1559 1560 1624 1623
4 1560 1561 1625 1624
4 1561 1562 1626 1625
4 1562 1563 1627 1626
4 1563 1564 1628 1627
4 1564 1565 1629 1628
4 1565 1566 1630 1629
4 1566 1567 1631 1630
4 1567 1568 1632 1631
4 1568 1569 1633 1632
4 1569 1570 1634 1633
4 1570 1571 1635 1634
4 1571 1572 1636 1635
4 1572 1573 1637 1636
4 1573 1574 1638 1637
4 1574 1575 1639 1638
4 1575 1576 1640 1639
4 1576 1577 1641 1640
4 1577 1578 1642 1641
4 1578 1579 1643 1642
4 1579 1580 1644 1643
4 1580 1581 1645 1644
4 1581 1582 1646 1645
4 1582 1583 1647 1646
4 1583 1584 1648 1647
4 1584 1585 1649 1648
4 1585 1586 1650 1649
4 1586 1587 1651 1650
4 1587 1588 1652 1651
4 1588 1589 1653 1652
4 1589 1590 1654 1653
4 1590 1591 1655 1654
4 1591 1592 1656 1655
4 1592 1593 1657 1656
4 1593 1594 1658 1657
4 1594 1595 1659 1658
4 1595 1596 1660 1659
4 1596 1597 1661 1660
4 1597 1598 1662 1661
4 1598 1599 1663 1662
4 1599 1536 1600 1663
4 1600 1601 1665 1664
4 1601 1602 1666 1665
4 1602 1603 1667 1666
4 1603 1604 1668 1667
4 1604 1605 1669 1668
4 1605 1606 1670 1669
4 1606 1607 1671 1670
4 1607 1608 1672 1671
4 1608 1609 1673 1672
4 1609 1610 1674 1673
4 1610 1611 1675 1674
4 1611 1612 1676 1675
4 1612 1613 1677 1676
4 1613 1614 1678 1677
4 1614 1615 1679 1678
4 1615 1616 1680 1679
4 1616 1617 1681 1680
4 1617 1618 1682 1681
4 1618 1619 1683 1682
4 1619 1620 1684 1683
4 1620 1621 1685 1684
4 1621 1622 1686 1685
4 1622 1623 1687 1686
4 1623 1624 1688 1687
4 1624 1625 1689 1688
4 1625 1626 1690 1689
4 1626 1627 1691 1690
4 1627 1628 1692 1691
4 1628 1629 1693 1692
4 1629 1630 1694 1693
4 1630 1631 1695 1694
4 1631 1632 1696 1695
4 1632 1633 1697 1696
4 1633 1634 1698 1697
4 1634 1635 1699 1698
4 1635 1636 1700 1699
4 1636 1637 1701 1700
4 1637 1638 1702 1701
4 1638 1639 1703 1702
4 1639 1640 1704 1703
4 1640 1641 1705 1704
4 1641 1642 1706 1705
4 1642 1643 1707 1706
4 1643 1644 1708 1707
4 1644 1645 1709 1708
4 1645 1646 1710 1709
4 1646 1647 1711 1710
4 1647 1648 1712 1711
4 1648 1649 1713 1712
4 1649 1650 1714 1713
4 1650 1651 1715 1714
4 1651 1652 1716 1715
4 1652 1653 1717 1716
4 1653 1654 1718 1717
4 1654 1655 1719 1718
4 1655 1656 1720 1719
4 1656 1657 1721 1720
4 1657 1658 1722 1721
4 1658 1659 1723 1722
4 1659 1660 1724 1723
4 1660 1661 1725 1724
4 1661 1662 1726 1725
4 1662 1663 1727 1726
4 1663 1600 1664 1727
4 1664 1665 1729 1728
4 1665 1666 1730 1729
4 1666 1667 1731 1730
4 1667 1668 1732 1731
4 1668 1669 1733 1732
4 1669 1670 1734 1733
4 1670 1671 1735 1734
4 1671 1672 1736 1735
4 1672 1673 1737 1736
4 1673 1674 1738 1737
4 1674 1675 1739 1738
4 1675 1676 1740 1739
4 1676 1677 1741 1740
4 1677 1678 1742 1741
4 1678 1679 1743 1742
4 1679 1680 1744 1743
4 1680 1681 1745 1744
4 1681 1682 1746 1745
4 1682 1683 1747 1746
4 1683 1684 1748 1747
4 1684 1685 1749 1748
4 1685 1686 1750 1749
4 1686 1687 1751 1750
4 1687 1688 1752 1751
4 1688 1689 1753 1752
4 1689 1690 1754 1753
4 1690 1691 1755 1754
4 1691 1692 1756 1755
4 1692 1693 1757 1756
4 1693 1694 1758 1757
4 1694 1695 1759 1758
4 1695 1696 1760 1759
4 1696 1697 1761 1760
4 1697 1698 1762 1761
4 1698 1699 1763 1762
4 1699 1700 1764 1763
4 1700 1701 1765 1764
4 1701 1702 1766 1765
4 1702 1703 1767 1766
4 1703 1704 1768 1767
4 1704 1705 1769 1768
4 1705 1706 1770 1769
4 1706 1707 1771 1770
4 1707 1708 1772 1771
4 1708 1709 1773 1772
4 1709 1710 1774 1773
4 1710 1711 1775 1774
4 1711 1712 1776 1775
4 1712 1713 1777 1776
4 1713 1714 1778 1777
4 1714 1715 1779 1778
4 1715 1716 1780 1779
4 1716 1717 1781 1780
4 1717 1718 1782 1781
4 1718 1719 1783 1782
4 1719 1720 1784 1783
4 1720 1721 1785 1784
4 1721 1722 1786 1785
4 1722 1723 1787 1786
4 1723 1724 1788 1787
4 1724 1725 1789 1788
4 1725 1726 1790 1789
4 1726 1727 1791 1790
4 1727 1664 1728 1791
4 1728 1729 1793 1792
4 1729 1730 1794 1793
4 1730 1731 1795 1794
4 1731 1732 1796 1795
4 1732 1733 1797 1796
4 1733 1734 1798 1797
4 1734 1735 1799 1798
4 1735 1736 1800 1799
4 1736 1737 1801 1800
4 1737 1738 1802 1801
4 1738 1739 1803 1802
4 1739 1740 1804 1803
4 1740 1741 1805 1804
4 1741 1742 1806 1805
4 1742 1743 1807 1806
4 1743 1744 1808 1807
4 1744 1745 1809 1808
4 1745 1746 1810 1809
4 1746 1747 1811 1810
4 1747 1748 1812 1811
4 1748 1749 1813 1812
4 1749 1750 1814 1813
4 1750 1751 1815 1814
4 1751 1752 1816 1815
4 1752 1753 1817 1816
4 1753 1754 1818 1817
4 1754 1755 1819 1818
4 1755 1756 1820 1819
4 1756 1757 1821 1820
4 1757 1758 1822 1821
4 1758 1759 1823 1822
4 1759 1760 1824 1823
4 1760 1761 1825 1824
4 1761 1762 1826 1825
4 1762 1763 1827 1826
4 1763 1764 1828 1827
4 1764 1765 1829 1828
4 1765 1766 1830 1829
4 1766 1767 1831 1830
4 1767 1768 1832 1831
4 1768 1769 1833 1832
4 1769 1770 1834 1833
4 1770 1771 1835 1834
4 1771 1772 1836 1835
4 1772 1773 1837 1836
4 1773 1774 1838 1837
4 1774 1775 1839 1838
4 1775 1776 1840 1839
4 1776 1777 1841 1840
4 1777 1778 1842 1841
4 1778 1779 1843 1842
4 1779 1780 1844 1843
4 1780 1781 1845 1844
4 1781 1782 1846 1845
4 1782 1783 1847 1846
4 1783 1784 1848 1847
4 1784 1785 1849 1848
4 1785 1786 1850 1849
4 1786 1787 1851 1850
4 1787 1788 1852 1851
4 1788 1789 1853 1852
4 1789 1790 1854 1853
4 1790 1791 1855 1854
4 1791 1728 1792 1855
4 1792 1793 1857 1856
4 1793 1794 1858 1857
4 1794 1795 1859 1858
4 1795 1796 1860 1859
4 1796 1797 1861 1860
4 1797 1798 1862 1861
4 1798 1799 1863 1862
4 1799 1800 1864 1863
4 1800 1801 1865 1864
4 1801 1802 1866 1865
4 1802 1803 1867 1866
4 1803 1804 1868 1867
4 1804 1805 1869 1868
4 1805 1806 1870 1869
4 1806 1807 1871 1870
4 1807 1808 1872 1871
4 1808 1809 1873 1872
4 1809 1810 1874 1873
4 1810 1811 1875 1874
4 1811 1812 1876 1875
4 1812 1813 1877 1876
4 1813 1814 1878 1877
4 1814 1815 1879 1878
4 1815 1816 1880 1879
4 1816 1817 1881 1880
4 1817 1818 1882 1881
4 1818 1819 1883 1882
4 1819 1820 1884 1883
4 1820 1821 1885 1884
4 1821 1822 1886 1885
4 1822 1823 1887 1886
4 1823 1824 1888 1887
4 1824 1825 1889 1888
4 1825 1826 1890 1889
4 1826 1827 1891 1890
4 1827 1828 1892 1891
4 1828 1829 1893 1892
4 1829 1830 1894 1893
4 1830 1831 1895 1894
4 1831 1832 1896 1895
4 1832 1833 1897 1896
4 1833 1834 1898 1897
4 1834 1835 1899 1898
4 1835 1836 1900 1899
4 1836 1837 1901 1900
4 1837 1838 1902 1901
4 1838 1839 1903 1902
4 1839 1840 1904 1903
4 1840 1841 1905 1904
4 1841 1842 1906 1905
4 1842 1843 1907 1906
4 1843 1844 1908 1907
4 1844 1845 1909 1908
4 1845 1846 1910 1909
4 1846 1847 1911 1910
4 1847 1848 1912 1911
4 1848 1849 1913 1912
4 1849 1850 1914 1913
4 1850 1851 1915 1914
4 1851 1852 1916 1915
4 1852 1853 1917 1916
4 1853 1854 1918 1917
4 1854 1855 1919 1918
4 1855 1792 1856 1919
4 1856 1857 1921 1920
4 1857 1858 1922 1921
4 1858 1859 1923 1922
4 1859 1860 1924 1923
4 1860 1861 1925 1924
4 1861 1862 1926 1925
4 1862 1863 1927 1926
4 1863 1864 1928 1927
4 1864 1865 1929 1928
4 1865 1866 1930 1929
4 1866 1867 1931 1930
4 1867 1868 1932 1931
4 1868 1869 1933 1932
4 1869 1870 1934 1933
4 1870 1871 1935 1934
4 1871 1872 1936 1935
4 1872 1873 1937 1936
4 1873 1874 1938 1937
4 1874 1875 1939 1938
4 1875 1876 1940 1939
4 1876 1877 1941 1940
4 1877 1878 1942 1941
4 1878 1879 1943 1942
4 1879 1880 1944 1943
4 1880 1881 1945 1944
4 1881 1882 1946 1945
4 1882 1883 1947 1946
4 1883 1884 1948 1947
4 1884 1885 1949 1948
4 1885 1886 1950 1949
4 1886 1887 1951 1950
4 1887 1888 1952 1951
4 1888 1889 1953 1952
4 1889 1890 1954 1953
4 1890 1891 1955 1954
4 1891 1892 1956 1955
4 1892 1893 1957 1956
4 1893 1894 1958 1957
4 1894 1895 1959 1958
4 1895 1896 1960 1959
4 1896 1897 1961 1960
4 1897 1898 1962 1961
4 1898 1899 1963 1962
4 1899 1900 1964 1963
4 1900 1901 1965 1964
4 1901 1902 1966 1965
4 1902 1903 1967 1966
4 1903 1904 1968 1967
4 1904 1905 1969 1968
4 1905 1906 1970 1969
4 1906 1907 1971 1970
4 1907 1908 1972 1971
4 1908 1909 1973 1972
4 1909 1910 1974 1973
4 1910 1911 1975 1974
4 1911 1912 1976 1975
4 1912 1913 1977 1976
4 1913 1914 1978 1977
4 1914 1915 1979 1978
4 1915 1916 1980 1979
4 1916 1917 1981 1980
4 1917 1918 1982 1981
4 1918 1919 1983 1982
4 1919 1856 1920 1983
4 1920 1921 1985 1984
4 1921 1922 1986 1985
4 1922 1923 1987 1986
4 1923 1924 1988 1987
4 1924 1925 1989 1988
4 1925 1926 1990 1989
4 1926 1927 1991 1990
4 1927 1928 1992 1991
4 1928 1929 1993 1992
4 1929 1930 1994 1993
4 1930 1931 1995 1994
4 1931 1932 1996 1995
4 1932 1933 1997 1996
4 1933 1934 1998 1997
4 1934 1935 1999 1998
4 1935 1936 2000 1999
4 1936 1937 2001 2000
4 1937 1938 2002 2001
4 1938 1939 2003 2002
4 1939 1940 2004 2003
4 1940 1941 2005 2004
4 1941 1942 2006 2005
4 1942 1943 2007 2006
4 1943 1944 2008 2007
4 1944 1945 2009 2008
4 1945 1946 2010 2009
4 1946 1947 2011 2010
4 1947 1948 2012 2011
4 1948 1949 2013 2012
4 1949 1950 2014 2013
4 1950 1951 2015 2014
4 1951 1952 2016 2015
4 1952 1953 2017 2016
4 1953 1954 2018 2017
4 1954 1955 2019 2018
4 1955 1956 2020 2019
4 1956 1957 2021 2020
4 1957 1958 2022 2021
4 1958 1959 2023 2022
4 1959 1960 2024 2023
4 1960 1961 2025 2024
4 1961 1962 2026 2025
4 1962 1963 2027 2026
4 1963 1964 2028 2027
4 1964 1965 2029 2028
4 1965 1966 2030 2029
4 1966 1967 2031 2030
4 1967 1968 2032 2031
4 1968 1969 2033 2032
4 1969 1970 2034 2033
4 1970 1971 2035 2034
4 1971 1972 2036 2035
4 1972 1973 2037 2036
4 1973 1974 2038 2037
4 1974 1975 2039 2038
4 1975 1976 2040 2039
4 1976 1977 2041 2040
4 1977 1978 2042 2041
4 1978 1979 2043 2042
4 1979 1980 2044 2043
4 1980 1981 2045 2044
4 1981 1982 2046 2045
4 1982 1983 2047 2046
4 1983 1920 1984 2047
4 1984 1985 2049 2048
4 1985 1986 2050 2049
4 1986 1987 2051 2050
4 1987 1988 2052 2051
4 1988 1989 2053 2052
4 1989 1990 2054 2053
4 1990 1991 2055 2054
4 1991 1992 2056 2055
4 1992 1993 2057 2056
4 1993 1994 2058 2057
4 1994 1995 2059 2058
4 1995 1996 2060 2059
4 1996 1997 2061 2060
4 1997 1998 2062 2061
4 1998 1999 2063 2062
4 1999 2000 2064 2063
4 2000 2001 2065 2064
4 2001 2002 2066 2065
4 2002 2003 2067 2066
4 2003 2004 2068 2067
4 2004 2005 2069 2068
4 2005 2006 2070 2069
4 2006 2007 2071 2070
4 2007 2008 2072 2071
4 2008 2009 2073 2072
4 2009 2010 2074 2073
4 2010 2011 2075 2074
4 2011 2012 2076 2075
4 2012 2013 2077 2076
4 2013 2014 2078 2077
4 2014 2015 2079 2078
4 2015 2016 2080 2079
4 2016 2017 2081 2080
4 2017 2018 2082 2081
4 2018 2019 2083 2082
4 2019 2020 2084 2083
4 2020 2021 2085 2084
4 2021 2022 2086 2085
4 2022 2023 2087 2086
4 2023 2024 2088 2087
4 2024 2025 2089 2088
4 2025 2026 2090 2089
4 2026 2027 2091 2090
4 2027 2028 2092 2091
4 2028 2029 2093 2092
4 2029 2030 2094 2093
4 2030 2031 2095 2094
4 2031 2032 2096 2095
4 2032 2033 2097 2096
4 2033 2034 2098 2097
4 2034 2035 2099 2098
4 2035 2036 2100 2099
4 2036 2037 2101 2100
4 2037 2038 2102 2101
4 2038 2039 2103 2102
4 2039 2040 2104 2103
4 2040 2041 2105 2104
4 2041 2042 2106 2105
4 2042 2043 2107 2106
4 2043 2044 2108 2107
4 2044 2045 2109 2108
4 2045 2046 2110 2109
4 2046 2047 2111 2110
4 2047 1984 2048 2111
