ply
format ascii 1.0
element vertex 4704
property float x
property float y
property float z
property float nx
property float ny
property float nz
element face 9024
property list uchar int vertex_indices
end_header
0.0 0.0 1.0 0.0 0.0 1.0
0.0 0.0 1.0 0.0 0.0 1.0
0.0 0.0 1.0 0.0 0.0 1.0
0.0 0.0 1.0 0.0 0.0 1.0
0.0 0.0 1.0 0.0 0.0 1.0
0.0 0.0 1.0 0.0 0.0 1.0
0.0 0.0 1.0 0.0 0.0 1.0
0.0 0.0 1.0 0.0 0.0 1.0
0.0 0.0 1.0 0.0 0.0 1.0
0.0 0.0 1.0 0.0 0.0 1.0
0.0 0.0 1.0 0.0 0.0 1.0
0.0 0.0 1.0 0.0 0.0 1.0
0.0 0.0 1.0 0.0 0.0 1.0
0.0 0.0 1.0 0.0 0.0 1.0
0.0 0.0 1.0 0.0 0.0 1.0
0.0 0.0 1.0 0.0 0.0 1.0
0.0 0.0 1.0 0.0 0.0 1.0
0.0 0.0 1.0 0.0 0.0 1.0
0.0 0.0 1.0 0.0 0.0 1.0
0.0 0.0 1.0 0.0 0.0 1.0
0.0 0.0 1.0 0.0 0.0 1.0
0.0 0.0 1.0 0.0 0.0 1.0
0.0 0.0 1.0 0.0 0.0 1.0
0.0 0.0 1.0 0.0 0.0 1.0
0.0 0.0 1.0 0.0 0.0 1.0
-0.0 0.0 1.0 -0.0 0.0 1.0
-0.0 0.0 1.0 -0.0 0.0 1.0
-0.0 0.0 1.0 -0.0 0.0 1.0
-0.0 0.0 1.0 -0.0 0.0 1.0
-0.0 0.0 1.0 -0.0 0.0 1.0
-0.0 0.0 1.0 -0.0 0.0 1.0
-0.0 0.0 1.0 -0.0 0.0 1.0
-0.0 0.0 1.0 -0.0 0.0 1.0
-0.0 0.0 1.0 -0.0 0.0 1.0
-0.0 0.0 1.0 -0.0 0.0 1.0
-0.0 0.0 1.0 -0.0 0.0 1.0
-0.0 0.0 1.0 -0.0 0.0 1.0
-0.0 0.0 1.0 -0.0 0.0 1.0
-0.0 0.0 1.0 -0.0 0.0 1.0
-0.0 0.0 1.0 -0.0 0.0 1.0
-0.0 0.0 1.0 -0.0 0.0 1.0
-0.0 0.0 1.0 -0.0 0.0 1.0
-0.0 0.0 1.0 -0.0 0.0 1.0
-0.0 0.0 1.0 -0.0 0.0 1.0
-0.0 0.0 1.0 -0.0 0.0 1.0
-0.0 0.0 1.0 -0.0 0.0 1.0
-0.0 0.0 1.0 -0.0 0.0 1.0
-0.0 0.0 1.0 -0.0 0.0 1.0
-0.0 0.0 1.0 -0.0 0.0 1.0
-0.0 -0.0 1.0 -0.0 -0.0 1.0
-0.0 -0.0 1.0 -0.0 -0.0 1.0
-0.0 -0.0 1.0 -0.0 -0.0 1.0
-0.0 -0.0 1.0 -0.0 -0.0 1.0
-0.0 -0.0 1.0 -0.0 -0.0 1.0
-0.0 -0.0 1.0 -0.0 -0.0 1.0
-0.0 -0.0 1.0 -0.0 -0.0 1.0
-0.0 -0.0 1.0 -0.0 -0.0 1.0
-0.0 -0.0 1.0 -0.0 -0.0 1.0
-0.0 -0.0 1.0 -0.0 -0.0 1.0
-0.0 -0.0 1.0 -0.0 -0.0 1.0
-0.0 -0.0 1.0 -0.0 -0.0 1.0
-0.0 -0.0 1.0 -0.0 -0.0 1.0
-0.0 -0.0 1.0 -0.0 -0.0 1.0
-0.0 -0.0 1.0 -0.0 -0.0 1.0
-0.0 -0.0 1.0 -0.0 -0.0 1.0
-0.0 -0.0 1.0 -0.0 -0.0 1.0
-0.0 -0.0 1.0 -0.0 -0.0 1.0
-0.0 -0.0 1.0 -0.0 -0.0 1.0
-0.0 -0.0 1.0 -0.0 -0.0 1.0
-0.0 -0.0 1.0 -0.0 -0.0 1.0
-0.0 -0.0 1.0 -0.0 -0.0 1.0
-0.0 -0.0 1.0 -0.0 -0.0 1.0
-0.0 -0.0 1.0 -0.0 -0.0 1.0
0.0 -0.0 1.0 0.0 -0.0 1.0
0.0 -0.0 1.0 0.0 -0.0 1.0
0.0 -0.0 1.0 0.0 -0.0 1.0
0.0 -0.0 1.0 0.0 -0.0 1.0
0.0 -0.0 1.0 0.0 -0.0 1.0
0.0 -0.0 1.0 0.0 -0.0 1.0
0.0 -0.0 1.0 0.0 -0.0 1.0
0.0 -0.0 1.0 0.0 -0.0 1.0
0.0 -0.0 1.0 0.0 -0.0 1.0
0.0 -0.0 1.0 0.0 -0.0 1.0
0.0 -0.0 1.0 0.0 -0.0 1.0
0.0 -0.0 1.0 0.0 -0.0 1.0
0.0 -0.0 1.0 0.0 -0.0 1.0
0.0 -0.0 1.0 0.0 -0.0 1.0
0.0 -0.0 1.0 0.0 -0.0 1.0
0.0 -0.0 1.0 0.0 -0.0 1.0
0.0 -0.0 1.0 0.0 -0.0 1.0
0.0 -0.0 1.0 0.0 -0.0 1.0
0.0 -0.0 1.0 0.0 -0.0 1.0
0.0 -0.0 1.0 0.0 -0.0 1.0
0.0 -0.0 1.0 0.0 -0.0 1.0
0.0 -0.0 1.0 0.0 -0.0 1.0
0.0 -0.0 1.0 0.0 -0.0 1.0
0.06540312923014306 0.0 0.9978589232386035 0.06540312923014306 0.0 0.9978589232386035
0.06526309611002579 0.004277569313094794 0.9978589232386035 0.06526309611002579 0.004277569313094794 0.9978589232386035
0.0648435963929926 0.008536821417686528 0.9978589232386035 0.0648435963929926 0.008536821417686528 0.9978589232386035
0.06414642644123458 0.01275951754237106 0.9978589232386035 0.06414642644123458 0.01275951754237106 0.9978589232386035
0.06317457164351666 0.01692757545406239 0.9978589232386035 0.06317457164351666 0.01692757545406239 0.9978589232386035
0.0619321936312845 0.021023146888890763 0.9978589232386035 0.0619321936312845 0.021023146888890763 0.9978589232386035
0.060424612457919843 0.025028693981208678 0.9978589232386035 0.060424612457919843 0.025028693981208678 0.9978589232386035
0.058658283817455116 0.02892706436342405 0.9978589232386035 0.058658283817455116 0.02892706436342405 0.9978589232386035
0.05664077140030047 0.032701564615071524 0.9978589232386035 0.05664077140030047 0.032701564615071524 0.9978589232386035
0.054380714504360314 0.03633603174660174 0.9978589232386035 0.054380714504360314 0.03633603174660174 0.9978589232386035
0.05188779104023332 0.03981490241178392 0.9978589232386035 0.05188779104023332 0.03981490241178392 0.9978589232386035
0.049172676088913445 0.04312327955234382 0.9978589232386035 0.049172676088913445 0.04312327955234382 0.9978589232386035
0.04624699618945426 0.046246996189454256 0.9978589232386035 0.04624699618945426 0.046246996189454256 0.9978589232386035
0.04312327955234382 0.04917267608891344 0.9978589232386035 0.04312327955234382 0.04917267608891344 0.9978589232386035
0.03981490241178392 0.05188779104023332 0.9978589232386035 0.03981490241178392 0.05188779104023332 0.9978589232386035
0.03633603174660175 0.05438071450436031 0.9978589232386035 0.03633603174660175 0.05438071450436031 0.9978589232386035
0.03270156461507154 0.056640771400300466 0.9978589232386035 0.03270156461507154 0.056640771400300466 0.9978589232386035
0.02892706436342405 0.058658283817455116 0.9978589232386035 0.02892706436342405 0.058658283817455116 0.9978589232386035
0.02502869398120868 0.060424612457919843 0.9978589232386035 0.02502869398120868 0.060424612457919843 0.9978589232386035
0.021023146888890773 0.06193219363128449 0.9978589232386035 0.021023146888890773 0.06193219363128449 0.9978589232386035
0.01692757545406239 0.06317457164351666 0.9978589232386035 0.01692757545406239 0.06317457164351666 0.9978589232386035
0.012759517542371066 0.06414642644123458 0.9978589232386035 0.012759517542371066 0.06414642644123458 0.9978589232386035
0.008536821417686536 0.0648435963929926 0.9978589232386035 0.008536821417686536 0.0648435963929926 0.9978589232386035
0.004277569313094807 0.06526309611002579 0.9978589232386035 0.004277569313094807 0.06526309611002579 0.9978589232386035
4.00478664329577e-18 0.06540312923014306 0.9978589232386035 4.00478664329577e-18 0.06540312923014306 0.9978589232386035
-0.004277569313094799 0.06526309611002579 0.9978589232386035 -0.004277569313094799 0.06526309611002579 0.9978589232386035
-0.00853682141768653 0.0648435963929926 0.9978589232386035 -0.00853682141768653 0.0648435963929926 0.9978589232386035
-0.012759517542371056 0.06414642644123458 0.9978589232386035 -0.012759517542371056 0.06414642644123458 0.9978589232386035
-0.01692757545406238 0.06317457164351666 0.9978589232386035 -0.01692757545406238 0.06317457164351666 0.9978589232386035
-0.021023146888890763 0.0619321936312845 0.9978589232386035 -0.021023146888890763 0.0619321936312845 0.9978589232386035
-0.02502869398120866 0.06042461245791985 0.9978589232386035 -0.02502869398120866 0.06042461245791985 0.9978589232386035
-0.028927064363424043 0.058658283817455116 0.9978589232386035 -0.028927064363424043 0.058658283817455116 0.9978589232386035
-0.03270156461507152 0.05664077140030047 0.9978589232386035 -0.03270156461507152 0.05664077140030047 0.9978589232386035
-0.03633603174660175 0.05438071450436031 0.9978589232386035 -0.03633603174660175 0.05438071450436031 0.9978589232386035
-0.03981490241178392 0.05188779104023332 0.9978589232386035 -0.03981490241178392 0.05188779104023332 0.9978589232386035
-0.04312327955234382 0.04917267608891344 0.9978589232386035 -0.04312327955234382 0.04917267608891344 0.9978589232386035
-0.046246996189454256 0.04624699618945426 0.9978589232386035 -0.046246996189454256 0.04624699618945426 0.9978589232386035
-0.04917267608891343 0.043123279552343824 0.9978589232386035 -0.04917267608891343 0.043123279552343824 0.9978589232386035
-0.05188779104023331 0.03981490241178393 0.9978589232386035 -0.05188779104023331 0.03981490241178393 0.9978589232386035
-0.0543807145043603 0.03633603174660176 0.9978589232386035 -0.0543807145043603 0.03633603174660176 0.9978589232386035
-0.05664077140030047 0.032701564615071524 0.9978589232386035 -0.05664077140030047 0.032701564615071524 0.9978589232386035
-0.0586582838174551 0.028927064363424078 0.9978589232386035 -0.0586582838174551 0.028927064363424078 0.9978589232386035
-0.060424612457919843 0.025028693981208685 0.9978589232386035 -0.060424612457919843 0.025028693981208685 0.9978589232386035
-0.06193219363128449 0.021023146888890776 0.9978589232386035 -0.06193219363128449 0.021023146888890776 0.9978589232386035
-0.06317457164351664 0.01692757545406241 0.9978589232386035 -0.06317457164351664 0.01692757545406241 0.9978589232386035
-0.06414642644123458 0.012759517542371054 0.9978589232386035 -0.06414642644123458 0.012759517542371054 0.9978589232386035
-0.0648435963929926 0.008536821417686554 0.9978589232386035 -0.0648435963929926 0.008536821417686554 0.9978589232386035
-0.06526309611002579 0.004277569313094798 0.9978589232386035 -0.06526309611002579 0.004277569313094798 0.9978589232386035
-0.06540312923014306 8.00957328659154e-18 0.9978589232386035 -0.06540312923014306 8.00957328659154e-18 0.9978589232386035
-0.06526309611002579 -0.004277569313094781 0.9978589232386035 -0.06526309611002579 -0.004277569313094781 0.9978589232386035
-0.0648435963929926 -0.00853682141768654 0.9978589232386035 -0.0648435963929926 -0.00853682141768654 0.9978589232386035
-0.06414642644123458 -0.012759517542371038 0.9978589232386035 -0.06414642644123458 -0.012759517542371038 0.9978589232386035
-0.06317457164351666 -0.016927575454062392 0.9978589232386035 -0.06317457164351666 -0.016927575454062392 0.9978589232386035
-0.0619321936312845 -0.02102314688889076 0.9978589232386035 -0.0619321936312845 -0.02102314688889076 0.9978589232386035
-0.06042461245791985 -0.02502869398120867 0.9978589232386035 -0.06042461245791985 -0.02502869398120867 0.9978589232386035
-0.0586582838174551 -0.028927064363424064 0.9978589232386035 -0.0586582838174551 -0.028927064363424064 0.9978589232386035
-0.05664077140030048 -0.03270156461507152 0.9978589232386035 -0.05664077140030048 -0.03270156461507152 0.9978589232386035
-0.05438071450436033 -0.03633603174660172 0.9978589232386035 -0.05438071450436033 -0.03633603174660172 0.9978589232386035
-0.05188779104023332 -0.03981490241178392 0.9978589232386035 -0.05188779104023332 -0.03981490241178392 0.9978589232386035
-0.049172676088913445 -0.04312327955234382 0.9978589232386035 -0.049172676088913445 -0.04312327955234382 0.9978589232386035
-0.046246996189454284 -0.046246996189454236 0.9978589232386035 -0.046246996189454284 -0.046246996189454236 0.9978589232386035
-0.04312327955234383 -0.04917267608891343 0.9978589232386035 -0.04312327955234383 -0.04917267608891343 0.9978589232386035
-0.03981490241178393 -0.051887791040233305 0.9978589232386035 -0.03981490241178393 -0.051887791040233305 0.9978589232386035
-0.03633603174660174 -0.054380714504360314 0.9978589232386035 -0.03633603174660174 -0.054380714504360314 0.9978589232386035
-0.03270156461507156 -0.05664077140030045 0.9978589232386035 -0.03270156461507156 -0.05664077140030045 0.9978589232386035
-0.028927064363424057 -0.05865828381745511 0.9978589232386035 -0.028927064363424057 -0.05865828381745511 0.9978589232386035
-0.02502869398120866 -0.06042461245791985 0.9978589232386035 -0.02502869398120866 -0.06042461245791985 0.9978589232386035
-0.02102314688889078 -0.06193219363128449 0.9978589232386035 -0.02102314688889078 -0.06193219363128449 0.9978589232386035
-0.01692757545406238 -0.06317457164351666 0.9978589232386035 -0.01692757545406238 -0.06317457164351666 0.9978589232386035
-0.012759517542371087 -0.06414642644123457 0.9978589232386035 -0.012759517542371087 -0.06414642644123457 0.9978589232386035
-0.008536821417686531 -0.0648435963929926 0.9978589232386035 -0.008536821417686531 -0.0648435963929926 0.9978589232386035
-0.004277569313094772 -0.06526309611002579 0.9978589232386035 -0.004277569313094772 -0.06526309611002579 0.9978589232386035
-1.2014359929887309e-17 -0.06540312923014306 0.9978589232386035 -1.2014359929887309e-17 -0.06540312923014306 0.9978589232386035
0.004277569313094748 -0.0652630961100258 0.9978589232386035 0.004277569313094748 -0.0652630961100258 0.9978589232386035
0.008536821417686507 -0.0648435963929926 0.9978589232386035 0.008536821417686507 -0.0648435963929926 0.9978589232386035
0.012759517542371063 -0.06414642644123458 0.9978589232386035 0.012759517542371063 -0.06414642644123458 0.9978589232386035
0.01692757545406236 -0.06317457164351666 0.9978589232386035 0.01692757545406236 -0.06317457164351666 0.9978589232386035
0.021023146888890756 -0.0619321936312845 0.9978589232386035 0.021023146888890756 -0.0619321936312845 0.9978589232386035
0.02502869398120864 -0.06042461245791986 0.9978589232386035 0.02502869398120864 -0.06042461245791986 0.9978589232386035
0.028927064363424036 -0.05865828381745512 0.9978589232386035 0.028927064363424036 -0.05865828381745512 0.9978589232386035
0.03270156461507154 -0.056640771400300466 0.9978589232386035 0.03270156461507154 -0.056640771400300466 0.9978589232386035
0.036336031746601716 -0.05438071450436033 0.9978589232386035 0.036336031746601716 -0.05438071450436033 0.9978589232386035
0.03981490241178387 -0.051887791040233354 0.9978589232386035 0.03981490241178387 -0.051887791040233354 0.9978589232386035
0.04312327955234383 -0.049172676088913424 0.9978589232386035 0.04312327955234383 -0.049172676088913424 0.9978589232386035
0.04624699618945425 -0.04624699618945427 0.9978589232386035 0.04624699618945425 -0.04624699618945427 0.9978589232386035
0.049172676088913445 -0.04312327955234381 0.9978589232386035 0.049172676088913445 -0.04312327955234381 0.9978589232386035
0.051887791040233305 -0.03981490241178393 0.9978589232386035 0.051887791040233305 -0.03981490241178393 0.9978589232386035
0.054380714504360286 -0.036336031746601785 0.9978589232386035 0.054380714504360286 -0.036336031746601785 0.9978589232386035
0.05664077140030045 -0.03270156461507156 0.9978589232386035 0.05664077140030045 -0.03270156461507156 0.9978589232386035
0.05865828381745511 -0.02892706436342406 0.9978589232386035 0.05865828381745511 -0.02892706436342406 0.9978589232386035
0.06042461245791985 -0.025028693981208664 0.9978589232386035 0.06042461245791985 -0.025028693981208664 0.9978589232386035
0.06193219363128449 -0.021023146888890783 0.9978589232386035 0.06193219363128449 -0.021023146888890783 0.9978589232386035
0.06317457164351664 -0.016927575454062444 0.9978589232386035 0.06317457164351664 -0.016927575454062444 0.9978589232386035
0.06414642644123457 -0.01275951754237109 0.9978589232386035 0.06414642644123457 -0.01275951754237109 0.9978589232386035
0.0648435963929926 -0.008536821417686535 0.9978589232386035 0.0648435963929926 -0.008536821417686535 0.9978589232386035
0.06526309611002579 -0.004277569313094777 0.9978589232386035 0.06526309611002579 -0.004277569313094777 0.9978589232386035
0.13052619222005157 0.0 0.9914448613738104 0.13052619222005157 0.0 0.9914448613738104
0.13024672562313563 0.008536821417686528 0.9914448613738104 0.13024672562313563 0.008536821417686528 0.9914448613738104
0.12940952255126037 0.01703708685546585 0.9914448613738104 0.12940952255126037 0.01703708685546585 0.9914448613738104
0.12801816803650923 0.025464396871748916 0.9914448613738104 0.12801816803650923 0.025464396871748916 0.9914448613738104
0.12607862007251908 0.03378266443126182 0.9914448613738104 0.12607862007251908 0.03378266443126182 0.9914448613738104
0.1235991841014365 0.04195626943527107 0.9914448613738104 0.1235991841014365 0.04195626943527107 0.9914448613738104
0.1205904774487396 0.049950211252314816 0.9914448613738104 0.1205904774487396 0.049950211252314816 0.9914448613738104
0.11706538385822031 0.0577302585962802 0.9914448613738104 0.11706538385822031 0.0577302585962802 0.9914448613738104
0.11303899832181542 0.06526309611002577 0.9914448613738104 0.11303899832181542 0.06526309611002577 0.9914448613738104
0.10852856244053377 0.07251646702685544 0.9914448613738104 0.10852856244053377 0.07251646702685544 0.9914448613738104
0.10355339059327374 0.07945931129894555 0.9914448613738104 0.10355339059327374 0.07945931129894555 0.9914448613738104
0.09813478722968759 0.08606189860123817 0.9914448613738104 0.09813478722968759 0.08606189860123817 0.9914448613738104
0.09229595564125725 0.09229595564125724 0.9914448613738104 0.09229595564125725 0.09229595564125724 0.9914448613738104
0.08606189860123817 0.09813478722968758 0.9914448613738104 0.08606189860123817 0.09813478722968758 0.9914448613738104
0.07945931129894555 0.10355339059327374 0.9914448613738104 0.07945931129894555 0.10355339059327374 0.9914448613738104
0.07251646702685546 0.10852856244053376 0.9914448613738104 0.07251646702685546 0.10852856244053376 0.9914448613738104
0.0652630961100258 0.11303899832181541 0.9914448613738104 0.0652630961100258 0.11303899832181541 0.9914448613738104
0.0577302585962802 0.11706538385822031 0.9914448613738104 0.0577302585962802 0.11706538385822031 0.9914448613738104
0.04995021125231482 0.1205904774487396 0.9914448613738104 0.04995021125231482 0.1205904774487396 0.9914448613738104
0.04195626943527108 0.12359918410143649 0.9914448613738104 0.04195626943527108 0.12359918410143649 0.9914448613738104
0.03378266443126182 0.12607862007251908 0.9914448613738104 0.03378266443126182 0.12607862007251908 0.9914448613738104
0.025464396871748927 0.12801816803650923 0.9914448613738104 0.025464396871748927 0.12801816803650923 0.9914448613738104
0.01703708685546587 0.12940952255126037 0.9914448613738104 0.01703708685546587 0.12940952255126037 0.9914448613738104
0.008536821417686554 0.13024672562313563 0.9914448613738104 0.008536821417686554 0.13024672562313563 0.9914448613738104
7.992424175358916e-18 0.13052619222005157 0.9914448613738104 7.992424175358916e-18 0.13052619222005157 0.9914448613738104
-0.008536821417686538 0.13024672562313563 0.9914448613738104 -0.008536821417686538 0.13024672562313563 0.9914448613738104
-0.017037086855465854 0.12940952255126037 0.9914448613738104 -0.017037086855465854 0.12940952255126037 0.9914448613738104
-0.02546439687174891 0.12801816803650923 0.9914448613738104 -0.02546439687174891 0.12801816803650923 0.9914448613738104
-0.03378266443126181 0.12607862007251908 0.9914448613738104 -0.03378266443126181 0.12607862007251908 0.9914448613738104
-0.04195626943527107 0.1235991841014365 0.9914448613738104 -0.04195626943527107 0.1235991841014365 0.9914448613738104
-0.04995021125231478 0.12059047744873962 0.9914448613738104 -0.04995021125231478 0.12059047744873962 0.9914448613738104
-0.057730258596280185 0.11706538385822031 0.9914448613738104 -0.057730258596280185 0.11706538385822031 0.9914448613738104
-0.06526309611002576 0.11303899832181542 0.9914448613738104 -0.06526309611002576 0.11303899832181542 0.9914448613738104
-0.07251646702685546 0.10852856244053376 0.9914448613738104 -0.07251646702685546 0.10852856244053376 0.9914448613738104
-0.07945931129894555 0.10355339059327374 0.9914448613738104 -0.07945931129894555 0.10355339059327374 0.9914448613738104
-0.08606189860123817 0.09813478722968758 0.9914448613738104 -0.08606189860123817 0.09813478722968758 0.9914448613738104
-0.09229595564125724 0.09229595564125725 0.9914448613738104 -0.09229595564125724 0.09229595564125725 0.9914448613738104
-0.09813478722968756 0.08606189860123818 0.9914448613738104 -0.09813478722968756 0.08606189860123818 0.9914448613738104
-0.10355339059327373 0.07945931129894558 0.9914448613738104 -0.10355339059327373 0.07945931129894558 0.9914448613738104
-0.10852856244053374 0.07251646702685548 0.9914448613738104 -0.10852856244053374 0.07251646702685548 0.9914448613738104
-0.11303899832181542 0.06526309611002577 0.9914448613738104 -0.11303899832181542 0.06526309611002577 0.9914448613738104
-0.11706538385822028 0.05773025859628026 0.9914448613738104 -0.11706538385822028 0.05773025859628026 0.9914448613738104
-0.1205904774487396 0.04995021125231483 0.9914448613738104 -0.1205904774487396 0.04995021125231483 0.9914448613738104
-0.12359918410143649 0.04195626943527109 0.9914448613738104 -0.12359918410143649 0.04195626943527109 0.9914448613738104
-0.12607862007251905 0.033782664431261857 0.9914448613738104 -0.12607862007251905 0.033782664431261857 0.9914448613738104
-0.12801816803650923 0.025464396871748906 0.9914448613738104 -0.12801816803650923 0.025464396871748906 0.9914448613738104
-0.12940952255126037 0.017037086855465906 0.9914448613738104 -0.12940952255126037 0.017037086855465906 0.9914448613738104
-0.13024672562313563 0.008536821417686535 0.9914448613738104 -0.13024672562313563 0.008536821417686535 0.9914448613738104
-0.13052619222005157 1.5984848350717833e-17 0.9914448613738104 -0.13052619222005157 1.5984848350717833e-17 0.9914448613738104
-0.13024672562313563 -0.008536821417686502 0.9914448613738104 -0.13024672562313563 -0.008536821417686502 0.9914448613738104
-0.12940952255126037 -0.01703708685546588 0.9914448613738104 -0.12940952255126037 -0.01703708685546588 0.9914448613738104
-0.12801816803650926 -0.02546439687174887 0.9914448613738104 -0.12801816803650926 -0.02546439687174887 0.9914448613738104
-0.12607862007251908 -0.03378266443126183 0.9914448613738104 -0.12607862007251908 -0.03378266443126183 0.9914448613738104
-0.1235991841014365 -0.04195626943527106 0.9914448613738104 -0.1235991841014365 -0.04195626943527106 0.9914448613738104
-0.12059047744873962 -0.0499502112523148 0.9914448613738104 -0.12059047744873962 -0.0499502112523148 0.9914448613738104
-0.11706538385822028 -0.05773025859628023 0.9914448613738104 -0.11706538385822028 -0.05773025859628023 0.9914448613738104
-0.11303899832181544 -0.06526309611002576 0.9914448613738104 -0.11303899832181544 -0.06526309611002576 0.9914448613738104
-0.10852856244053381 -0.07251646702685541 0.9914448613738104 -0.10852856244053381 -0.07251646702685541 0.9914448613738104
-0.10355339059327374 -0.07945931129894555 0.9914448613738104 -0.10355339059327374 -0.07945931129894555 0.9914448613738104
-0.09813478722968759 -0.08606189860123817 0.9914448613738104 -0.09813478722968759 -0.08606189860123817 0.9914448613738104
-0.0922959556412573 -0.0922959556412572 0.9914448613738104 -0.0922959556412573 -0.0922959556412572 0.9914448613738104
-0.0860618986012382 -0.09813478722968756 0.9914448613738104 -0.0860618986012382 -0.09813478722968756 0.9914448613738104
-0.07945931129894558 -0.10355339059327372 0.9914448613738104 -0.07945931129894558 -0.10355339059327372 0.9914448613738104
-0.07251646702685544 -0.10852856244053377 0.9914448613738104 -0.07251646702685544 -0.10852856244053377 0.9914448613738104
-0.06526309611002584 -0.11303899832181538 0.9914448613738104 -0.06526309611002584 -0.11303899832181538 0.9914448613738104
-0.05773025859628021 -0.1170653838582203 0.9914448613738104 -0.05773025859628021 -0.1170653838582203 0.9914448613738104
-0.04995021125231478 -0.12059047744873962 0.9914448613738104 -0.04995021125231478 -0.12059047744873962 0.9914448613738104
-0.041956269435271094 -0.12359918410143649 0.9914448613738104 -0.041956269435271094 -0.12359918410143649 0.9914448613738104
-0.03378266443126181 -0.12607862007251908 0.9914448613738104 -0.03378266443126181 -0.12607862007251908 0.9914448613738104
-0.02546439687174897 -0.12801816803650923 0.9914448613738104 -0.02546439687174897 -0.12801816803650923 0.9914448613738104
-0.017037086855465858 -0.12940952255126037 0.9914448613738104 -0.017037086855465858 -0.12940952255126037 0.9914448613738104
-0.008536821417686483 -0.13024672562313563 0.9914448613738104 -0.008536821417686483 -0.13024672562313563 0.9914448613738104
-2.3977272526076745e-17 -0.13052619222005157 0.9914448613738104 -2.3977272526076745e-17 -0.13052619222005157 0.9914448613738104
0.008536821417686436 -0.13024672562313566 0.9914448613738104 0.008536821417686436 -0.13024672562313566 0.9914448613738104
0.017037086855465813 -0.12940952255126037 0.9914448613738104 0.017037086855465813 -0.12940952255126037 0.9914448613738104
0.025464396871748923 -0.12801816803650923 0.9914448613738104 0.025464396871748923 -0.12801816803650923 0.9914448613738104
0.03378266443126176 -0.1260786200725191 0.9914448613738104 0.03378266443126176 -0.1260786200725191 0.9914448613738104
0.04195626943527105 -0.1235991841014365 0.9914448613738104 0.04195626943527105 -0.1235991841014365 0.9914448613738104
0.04995021125231473 -0.12059047744873963 0.9914448613738104 0.04995021125231473 -0.12059047744873963 0.9914448613738104
0.05773025859628017 -0.11706538385822032 0.9914448613738104 0.05773025859628017 -0.11706538385822032 0.9914448613738104
0.0652630961100258 -0.11303899832181541 0.9914448613738104 0.0652630961100258 -0.11303899832181541 0.9914448613738104
0.0725164670268554 -0.10852856244053381 0.9914448613738104 0.0725164670268554 -0.10852856244053381 0.9914448613738104
0.07945931129894546 -0.10355339059327381 0.9914448613738104 0.07945931129894546 -0.10355339059327381 0.9914448613738104
0.0860618986012382 -0.09813478722968755 0.9914448613738104 0.0860618986012382 -0.09813478722968755 0.9914448613738104
0.09229595564125723 -0.09229595564125727 0.9914448613738104 0.09229595564125723 -0.09229595564125727 0.9914448613738104
0.09813478722968759 -0.08606189860123815 0.9914448613738104 0.09813478722968759 -0.08606189860123815 0.9914448613738104
0.10355339059327372 -0.07945931129894558 0.9914448613738104 0.10355339059327372 -0.07945931129894558 0.9914448613738104
0.10852856244053372 -0.07251646702685553 0.9914448613738104 0.10852856244053372 -0.07251646702685553 0.9914448613738104
0.11303899832181538 -0.06526309611002584 0.9914448613738104 0.11303899832181538 -0.06526309611002584 0.9914448613738104
0.1170653838582203 -0.05773025859628022 0.9914448613738104 0.1170653838582203 -0.05773025859628022 0.9914448613738104
0.12059047744873962 -0.04995021125231479 0.9914448613738104 0.12059047744873962 -0.04995021125231479 0.9914448613738104
0.12359918410143649 -0.0419562694352711 0.9914448613738104 0.12359918410143649 -0.0419562694352711 0.9914448613738104
0.12607862007251905 -0.033782664431261926 0.9914448613738104 0.12607862007251905 -0.033782664431261926 0.9914448613738104
0.12801816803650923 -0.025464396871748975 0.9914448613738104 0.12801816803650923 -0.025464396871748975 0.9914448613738104
0.12940952255126037 -0.017037086855465865 0.9914448613738104 0.12940952255126037 -0.017037086855465865 0.9914448613738104
0.13024672562313563 -0.008536821417686493 0.9914448613738104 0.13024672562313563 -0.008536821417686493 0.9914448613738104
0.19509032201612825 0.0 0.9807852804032304 0.19509032201612825 0.0 0.9807852804032304
0.19467261866128616 0.01275951754237106 0.9807852804032304 0.19467261866128616 0.01275951754237106 0.9807852804032304
0.1934212972666523 0.025464396871748916 0.9807852804032304 0.1934212972666523 0.025464396871748916 0.9807852804032304
0.19134171618254486 0.03806023374435662 0.9807852804032304 0.19134171618254486 0.03806023374435662 0.9807852804032304
0.18844278049442909 0.05049309085295759 0.9807852804032304 0.18844278049442909 0.05049309085295759 0.9807852804032304
0.18473690388997419 0.06270972879468588 0.9807852804032304 0.18473690388997419 0.06270972879468588 0.9807852804032304
0.18023995550173696 0.0746578340503426 0.9807852804032304 0.18023995550173696 0.0746578340503426 0.9807852804032304
0.17497119195309993 0.08628624299891655 0.9807852804032304 0.17497119195309993 0.08628624299891655 0.9807852804032304
0.16895317489845363 0.09754516100806411 0.9807852804032304 0.16895317489845363 0.09754516100806411 0.9807852804032304
0.16221167441072887 0.1083863756623696 0.9807852804032304 0.16221167441072887 0.1083863756623696 0.9807852804032304
0.15477555862998804 0.1187634632163097 0.9807852804032304 0.15477555862998804 0.1187634632163097 0.9807852804032304
0.14667667014561758 0.128631987387859 0.9807852804032304 0.14667667014561758 0.128631987387859 0.9807852804032304
0.1379496896414715 0.13794968964147147 0.9807852804032304 0.1379496896414715 0.13794968964147147 0.9807852804032304
0.128631987387859 0.14667667014561755 0.9807852804032304 0.128631987387859 0.14667667014561755 0.9807852804032304
0.1187634632163097 0.15477555862998804 0.9807852804032304 0.1187634632163097 0.15477555862998804 0.9807852804032304
0.10838637566236964 0.16221167441072884 0.9807852804032304 0.10838637566236964 0.16221167441072884 0.9807852804032304
0.09754516100806415 0.16895317489845363 0.9807852804032304 0.09754516100806415 0.16895317489845363 0.9807852804032304
0.08628624299891655 0.17497119195309993 0.9807852804032304 0.08628624299891655 0.17497119195309993 0.9807852804032304
0.07465783405034261 0.18023995550173696 0.9807852804032304 0.07465783405034261 0.18023995550173696 0.9807852804032304
0.06270972879468589 0.18473690388997416 0.9807852804032304 0.06270972879468589 0.18473690388997416 0.9807852804032304
0.05049309085295759 0.18844278049442909 0.9807852804032304 0.05049309085295759 0.18844278049442909 0.9807852804032304
0.03806023374435663 0.19134171618254486 0.9807852804032304 0.03806023374435663 0.19134171618254486 0.9807852804032304
0.02546439687174894 0.1934212972666523 0.9807852804032304 0.02546439687174894 0.1934212972666523 0.9807852804032304
0.012759517542371101 0.19467261866128616 0.9807852804032304 0.012759517542371101 0.19467261866128616 0.9807852804032304
1.1945836920083893e-17 0.19509032201612825 0.9807852804032304 1.1945836920083893e-17 0.19509032201612825 0.9807852804032304
-0.012759517542371077 0.19467261866128616 0.9807852804032304 -0.012759517542371077 0.19467261866128616 0.9807852804032304
-0.02546439687174892 0.1934212972666523 0.9807852804032304 -0.02546439687174892 0.1934212972666523 0.9807852804032304
-0.0380602337443566 0.19134171618254486 0.9807852804032304 -0.0380602337443566 0.19134171618254486 0.9807852804032304
-0.05049309085295757 0.18844278049442909 0.9807852804032304 -0.05049309085295757 0.18844278049442909 0.9807852804032304
-0.06270972879468588 0.18473690388997419 0.9807852804032304 -0.06270972879468588 0.18473690388997419 0.9807852804032304
-0.07465783405034254 0.18023995550173696 0.9807852804032304 -0.07465783405034254 0.18023995550173696 0.9807852804032304
-0.08628624299891652 0.17497119195309993 0.9807852804032304 -0.08628624299891652 0.17497119195309993 0.9807852804032304
-0.0975451610080641 0.16895317489845363 0.9807852804032304 -0.0975451610080641 0.16895317489845363 0.9807852804032304
-0.10838637566236964 0.16221167441072884 0.9807852804032304 -0.10838637566236964 0.16221167441072884 0.9807852804032304
-0.1187634632163097 0.15477555862998804 0.9807852804032304 -0.1187634632163097 0.15477555862998804 0.9807852804032304
-0.128631987387859 0.14667667014561755 0.9807852804032304 -0.128631987387859 0.14667667014561755 0.9807852804032304
-0.13794968964147147 0.1379496896414715 0.9807852804032304 -0.13794968964147147 0.1379496896414715 0.9807852804032304
-0.14667667014561755 0.128631987387859 0.9807852804032304 -0.14667667014561755 0.128631987387859 0.9807852804032304
-0.154775558629988 0.11876346321630975 0.9807852804032304 -0.154775558629988 0.11876346321630975 0.9807852804032304
-0.1622116744107288 0.10838637566236967 0.9807852804032304 -0.1622116744107288 0.10838637566236967 0.9807852804032304
-0.16895317489845363 0.09754516100806411 0.9807852804032304 -0.16895317489845363 0.09754516100806411 0.9807852804032304
-0.1749711919530999 0.08628624299891663 0.9807852804032304 -0.1749711919530999 0.08628624299891663 0.9807852804032304
-0.18023995550173696 0.07465783405034263 0.9807852804032304 -0.18023995550173696 0.07465783405034263 0.9807852804032304
-0.18473690388997416 0.0627097287946859 0.9807852804032304 -0.18473690388997416 0.0627097287946859 0.9807852804032304
-0.18844278049442909 0.050493090852957646 0.9807852804032304 -0.18844278049442909 0.050493090852957646 0.9807852804032304
-0.19134171618254486 0.038060233744356596 0.9807852804032304 -0.19134171618254486 0.038060233744356596 0.9807852804032304
-0.1934212972666523 0.025464396871748996 0.9807852804032304 -0.1934212972666523 0.025464396871748996 0.9807852804032304
-0.19467261866128616 0.012759517542371071 0.9807852804032304 -0.19467261866128616 0.012759517542371071 0.9807852804032304
-0.19509032201612825 2.3891673840167787e-17 0.9807852804032304 -0.19509032201612825 2.3891673840167787e-17 0.9807852804032304
-0.19467261866128616 -0.012759517542371023 0.9807852804032304 -0.19467261866128616 -0.012759517542371023 0.9807852804032304
-0.1934212972666523 -0.025464396871748955 0.9807852804032304 -0.1934212972666523 -0.025464396871748955 0.9807852804032304
-0.1913417161825449 -0.03806023374435655 0.9807852804032304 -0.1913417161825449 -0.03806023374435655 0.9807852804032304
-0.18844278049442909 -0.050493090852957605 0.9807852804032304 -0.18844278049442909 -0.050493090852957605 0.9807852804032304
-0.18473690388997419 -0.06270972879468587 0.9807852804032304 -0.18473690388997419 -0.06270972879468587 0.9807852804032304
-0.18023995550173696 -0.07465783405034258 0.9807852804032304 -0.18023995550173696 -0.07465783405034258 0.9807852804032304
-0.1749711919530999 -0.08628624299891659 0.9807852804032304 -0.1749711919530999 -0.08628624299891659 0.9807852804032304
-0.16895317489845366 -0.09754516100806408 0.9807852804032304 -0.16895317489845366 -0.09754516100806408 0.9807852804032304
-0.1622116744107289 -0.10838637566236956 0.9807852804032304 -0.1622116744107289 -0.10838637566236956 0.9807852804032304
-0.15477555862998804 -0.1187634632163097 0.9807852804032304 -0.15477555862998804 -0.1187634632163097 0.9807852804032304
-0.14667667014561758 -0.128631987387859 0.9807852804032304 -0.14667667014561758 -0.128631987387859 0.9807852804032304
-0.13794968964147156 -0.13794968964147142 0.9807852804032304 -0.13794968964147156 -0.13794968964147142 0.9807852804032304
-0.12863198738785903 -0.14667667014561755 0.9807852804032304 -0.12863198738785903 -0.14667667014561755 0.9807852804032304
-0.11876346321630975 -0.15477555862998799 0.9807852804032304 -0.11876346321630975 -0.15477555862998799 0.9807852804032304
-0.1083863756623696 -0.16221167441072887 0.9807852804032304 -0.1083863756623696 -0.16221167441072887 0.9807852804032304
-0.09754516100806421 -0.16895317489845357 0.9807852804032304 -0.09754516100806421 -0.16895317489845357 0.9807852804032304
-0.08628624299891657 -0.1749711919530999 0.9807852804032304 -0.08628624299891657 -0.1749711919530999 0.9807852804032304
-0.07465783405034254 -0.18023995550173696 0.9807852804032304 -0.07465783405034254 -0.18023995550173696 0.9807852804032304
-0.06270972879468592 -0.18473690388997416 0.9807852804032304 -0.06270972879468592 -0.18473690388997416 0.9807852804032304
-0.05049309085295757 -0.18844278049442909 0.9807852804032304 -0.05049309085295757 -0.18844278049442909 0.9807852804032304
-0.03806023374435669 -0.19134171618254484 0.9807852804032304 -0.03806023374435669 -0.19134171618254484 0.9807852804032304
-0.025464396871748927 -0.1934212972666523 0.9807852804032304 -0.025464396871748927 -0.1934212972666523 0.9807852804032304
-0.012759517542370995 -0.19467261866128616 0.9807852804032304 -0.012759517542370995 -0.19467261866128616 0.9807852804032304
-3.583751076025168e-17 -0.19509032201612825 0.9807852804032304 -3.583751076025168e-17 -0.19509032201612825 0.9807852804032304
0.012759517542370924 -0.19467261866128618 0.9807852804032304 0.012759517542370924 -0.19467261866128618 0.9807852804032304
0.025464396871748854 -0.19342129726665233 0.9807852804032304 0.025464396871748854 -0.19342129726665233 0.9807852804032304
0.038060233744356624 -0.19134171618254486 0.9807852804032304 0.038060233744356624 -0.19134171618254486 0.9807852804032304
0.05049309085295751 -0.1884427804944291 0.9807852804032304 0.05049309085295751 -0.1884427804944291 0.9807852804032304
0.06270972879468585 -0.18473690388997419 0.9807852804032304 0.06270972879468585 -0.18473690388997419 0.9807852804032304
0.07465783405034249 -0.180239955501737 0.9807852804032304 0.07465783405034249 -0.180239955501737 0.9807852804032304
0.0862862429989165 -0.17497119195309996 0.9807852804032304 0.0862862429989165 -0.17497119195309996 0.9807852804032304
0.09754516100806415 -0.16895317489845363 0.9807852804032304 0.09754516100806415 -0.16895317489845363 0.9807852804032304
0.10838637566236953 -0.1622116744107289 0.9807852804032304 0.10838637566236953 -0.1622116744107289 0.9807852804032304
0.11876346321630955 -0.15477555862998815 0.9807852804032304 0.11876346321630955 -0.15477555862998815 0.9807852804032304
0.12863198738785903 -0.14667667014561753 0.9807852804032304 0.12863198738785903 -0.14667667014561753 0.9807852804032304
0.13794968964147145 -0.13794968964147153 0.9807852804032304 0.13794968964147145 -0.13794968964147153 0.9807852804032304
0.14667667014561758 -0.12863198738785897 0.9807852804032304 0.14667667014561758 -0.12863198738785897 0.9807852804032304
0.15477555862998799 -0.11876346321630975 0.9807852804032304 0.15477555862998799 -0.11876346321630975 0.9807852804032304
0.16221167441072878 -0.10838637566236975 0.9807852804032304 0.16221167441072878 -0.10838637566236975 0.9807852804032304
0.16895317489845357 -0.09754516100806421 0.9807852804032304 0.16895317489845357 -0.09754516100806421 0.9807852804032304
0.1749711919530999 -0.08628624299891657 0.9807852804032304 0.1749711919530999 -0.08628624299891657 0.9807852804032304
0.18023995550173696 -0.07465783405034256 0.9807852804032304 0.18023995550173696 -0.07465783405034256 0.9807852804032304
0.18473690388997416 -0.06270972879468593 0.9807852804032304 0.18473690388997416 -0.06270972879468593 0.9807852804032304
0.18844278049442906 -0.05049309085295776 0.9807852804032304 0.18844278049442906 -0.05049309085295776 0.9807852804032304
0.19134171618254484 -0.03806023374435671 0.9807852804032304 0.19134171618254484 -0.03806023374435671 0.9807852804032304
0.1934212972666523 -0.025464396871748937 0.9807852804032304 0.1934212972666523 -0.025464396871748937 0.9807852804032304
0.19467261866128616 -0.012759517542371009 0.9807852804032304 0.19467261866128616 -0.012759517542371009 0.9807852804032304
0.25881904510252074 0.0 0.9659258262890683 0.25881904510252074 0.0 0.9659258262890683
0.2582648936596449 0.01692757545406239 0.9659258262890683 0.2582648936596449 0.01692757545406239 0.9659258262890683
0.25660481229257065 0.03378266443126182 0.9659258262890683 0.25660481229257065 0.03378266443126182 0.9659258262890683
0.25384590972457216 0.05049309085295759 0.9659258262890683 0.25384590972457216 0.05049309085295759 0.9659258262890683
0.24999999999999997 0.06698729810778066 0.9659258262890683 0.24999999999999997 0.06698729810778066 0.9659258262890683
0.24508355189472955 0.08319465546802914 0.9659258262890683 0.24508355189472955 0.08319465546802914 0.9659258262890683
0.23911761839433449 0.09904576054128762 0.9659258262890683 0.23911761839433449 0.09904576054128762 0.9659258262890683
0.2321277465419703 0.11447273646212651 0.9659258262890683 0.2321277465419703 0.11447273646212651 0.9659258262890683
0.2241438680420134 0.12940952255126034 0.9659258262890683 0.2241438680420134 0.12940952255126034 0.9659258262890683
0.2152001710879079 0.14379215719751837 0.9659258262890683 0.2152001710879079 0.14379215719751837 0.9659258262890683
0.2053349539630727 0.15755905175128304 0.9659258262890683 0.2053349539630727 0.15755905175128304 0.9659258262890683
0.194590461041772 0.170651254256543 0.9659258262890683 0.194590461041772 0.170651254256543 0.9659258262890683
0.18301270189221933 0.1830127018922193 0.9659258262890683 0.18301270189221933 0.1830127018922193 0.9659258262890683
0.170651254256543 0.19459046104177197 0.9659258262890683 0.170651254256543 0.19459046104177197 0.9659258262890683
0.15755905175128304 0.2053349539630727 0.9659258262890683 0.15755905175128304 0.2053349539630727 0.9659258262890683
0.14379215719751842 0.21520017108790787 0.9659258262890683 0.14379215719751842 0.21520017108790787 0.9659258262890683
0.1294095225512604 0.22414386804201336 0.9659258262890683 0.1294095225512604 0.22414386804201336 0.9659258262890683
0.11447273646212651 0.2321277465419703 0.9659258262890683 0.11447273646212651 0.2321277465419703 0.9659258262890683
0.09904576054128764 0.23911761839433449 0.9659258262890683 0.09904576054128764 0.23911761839433449 0.9659258262890683
0.08319465546802916 0.24508355189472952 0.9659258262890683 0.08319465546802916 0.24508355189472952 0.9659258262890683
0.06698729810778066 0.24999999999999997 0.9659258262890683 0.06698729810778066 0.24999999999999997 0.9659258262890683
0.05049309085295761 0.25384590972457216 0.9659258262890683 0.05049309085295761 0.25384590972457216 0.9659258262890683
0.033782664431261857 0.25660481229257065 0.9659258262890683 0.033782664431261857 0.25660481229257065 0.9659258262890683
0.016927575454062444 0.2582648936596449 0.9659258262890683 0.016927575454062444 0.2582648936596449 0.9659258262890683
1.5848095757158825e-17 0.25881904510252074 0.9659258262890683 1.5848095757158825e-17 0.25881904510252074 0.9659258262890683
-0.01692757545406241 0.2582648936596449 0.9659258262890683 -0.01692757545406241 0.2582648936596449 0.9659258262890683
-0.03378266443126183 0.25660481229257065 0.9659258262890683 -0.03378266443126183 0.25660481229257065 0.9659258262890683
-0.05049309085295758 0.25384590972457216 0.9659258262890683 -0.05049309085295758 0.25384590972457216 0.9659258262890683
-0.06698729810778063 0.24999999999999997 0.9659258262890683 -0.06698729810778063 0.24999999999999997 0.9659258262890683
-0.08319465546802914 0.24508355189472955 0.9659258262890683 -0.08319465546802914 0.24508355189472955 0.9659258262890683
-0.09904576054128754 0.2391176183943345 0.9659258262890683 -0.09904576054128754 0.2391176183943345 0.9659258262890683
-0.11447273646212648 0.2321277465419703 0.9659258262890683 -0.11447273646212648 0.2321277465419703 0.9659258262890683
-0.12940952255126031 0.2241438680420134 0.9659258262890683 -0.12940952255126031 0.2241438680420134 0.9659258262890683
-0.14379215719751842 0.21520017108790787 0.9659258262890683 -0.14379215719751842 0.21520017108790787 0.9659258262890683
-0.15755905175128304 0.2053349539630727 0.9659258262890683 -0.15755905175128304 0.2053349539630727 0.9659258262890683
-0.170651254256543 0.19459046104177197 0.9659258262890683 -0.170651254256543 0.19459046104177197 0.9659258262890683
-0.1830127018922193 0.18301270189221933 0.9659258262890683 -0.1830127018922193 0.18301270189221933 0.9659258262890683
-0.19459046104177194 0.17065125425654304 0.9659258262890683 -0.19459046104177194 0.17065125425654304 0.9659258262890683
-0.20533495396307264 0.1575590517512831 0.9659258262890683 -0.20533495396307264 0.1575590517512831 0.9659258262890683
-0.21520017108790784 0.14379215719751845 0.9659258262890683 -0.21520017108790784 0.14379215719751845 0.9659258262890683
-0.2241438680420134 0.12940952255126034 0.9659258262890683 -0.2241438680420134 0.12940952255126034 0.9659258262890683
-0.23212774654197024 0.11447273646212662 0.9659258262890683 -0.23212774654197024 0.11447273646212662 0.9659258262890683
-0.23911761839433449 0.09904576054128765 0.9659258262890683 -0.23911761839433449 0.09904576054128765 0.9659258262890683
-0.24508355189472952 0.08319465546802918 0.9659258262890683 -0.24508355189472952 0.08319465546802918 0.9659258262890683
-0.24999999999999994 0.06698729810778074 0.9659258262890683 -0.24999999999999994 0.06698729810778074 0.9659258262890683
-0.25384590972457216 0.05049309085295757 0.9659258262890683 -0.25384590972457216 0.05049309085295757 0.9659258262890683
-0.25660481229257065 0.033782664431261926 0.9659258262890683 -0.25660481229257065 0.033782664431261926 0.9659258262890683
-0.2582648936596449 0.016927575454062403 0.9659258262890683 -0.2582648936596449 0.016927575454062403 0.9659258262890683
-0.25881904510252074 3.169619151431765e-17 0.9659258262890683 -0.25881904510252074 3.169619151431765e-17 0.9659258262890683
-0.2582648936596449 -0.01692757545406234 0.9659258262890683 -0.2582648936596449 -0.01692757545406234 0.9659258262890683
-0.25660481229257065 -0.03378266443126187 0.9659258262890683 -0.25660481229257065 -0.03378266443126187 0.9659258262890683
-0.25384590972457216 -0.05049309085295751 0.9659258262890683 -0.25384590972457216 -0.05049309085295751 0.9659258262890683
-0.24999999999999997 -0.06698729810778067 0.9659258262890683 -0.24999999999999997 -0.06698729810778067 0.9659258262890683
-0.24508355189472955 -0.08319465546802911 0.9659258262890683 -0.24508355189472955 -0.08319465546802911 0.9659258262890683
-0.2391176183943345 -0.0990457605412876 0.9659258262890683 -0.2391176183943345 -0.0990457605412876 0.9659258262890683
-0.23212774654197024 -0.11447273646212656 0.9659258262890683 -0.23212774654197024 -0.11447273646212656 0.9659258262890683
-0.22414386804201342 -0.12940952255126031 0.9659258262890683 -0.22414386804201342 -0.12940952255126031 0.9659258262890683
-0.21520017108790795 -0.1437921571975183 0.9659258262890683 -0.21520017108790795 -0.1437921571975183 0.9659258262890683
-0.2053349539630727 -0.15755905175128304 0.9659258262890683 -0.2053349539630727 -0.15755905175128304 0.9659258262890683
-0.194590461041772 -0.170651254256543 0.9659258262890683 -0.194590461041772 -0.170651254256543 0.9659258262890683
-0.1830127018922194 -0.18301270189221922 0.9659258262890683 -0.1830127018922194 -0.18301270189221922 0.9659258262890683
-0.17065125425654307 -0.19459046104177194 0.9659258262890683 -0.17065125425654307 -0.19459046104177194 0.9659258262890683
-0.1575590517512831 -0.2053349539630726 0.9659258262890683 -0.1575590517512831 -0.2053349539630726 0.9659258262890683
-0.14379215719751837 -0.2152001710879079 0.9659258262890683 -0.14379215719751837 -0.2152001710879079 0.9659258262890683
-0.12940952255126048 -0.22414386804201328 0.9659258262890683 -0.12940952255126048 -0.22414386804201328 0.9659258262890683
-0.11447273646212654 -0.23212774654197027 0.9659258262890683 -0.11447273646212654 -0.23212774654197027 0.9659258262890683
-0.09904576054128754 -0.2391176183943345 0.9659258262890683 -0.09904576054128754 -0.2391176183943345 0.9659258262890683
-0.08319465546802919 -0.24508355189472952 0.9659258262890683 -0.08319465546802919 -0.24508355189472952 0.9659258262890683
-0.06698729810778063 -0.24999999999999997 0.9659258262890683 -0.06698729810778063 -0.24999999999999997 0.9659258262890683
-0.0504930908529577 -0.2538459097245721 0.9659258262890683 -0.0504930908529577 -0.2538459097245721 0.9659258262890683
-0.033782664431261836 -0.25660481229257065 0.9659258262890683 -0.033782664431261836 -0.25660481229257065 0.9659258262890683
-0.016927575454062302 -0.2582648936596449 0.9659258262890683 -0.016927575454062302 -0.2582648936596449 0.9659258262890683
-4.7544287271476465e-17 -0.25881904510252074 0.9659258262890683 -4.7544287271476465e-17 -0.25881904510252074 0.9659258262890683
0.01692757545406221 -0.25826489365964495 0.9659258262890683 0.01692757545406221 -0.25826489365964495 0.9659258262890683
0.03378266443126174 -0.2566048122925707 0.9659258262890683 0.03378266443126174 -0.2566048122925707 0.9659258262890683
0.050493090852957605 -0.25384590972457216 0.9659258262890683 0.050493090852957605 -0.25384590972457216 0.9659258262890683
0.06698729810778055 -0.25 0.9659258262890683 0.06698729810778055 -0.25 0.9659258262890683
0.0831946554680291 -0.24508355189472955 0.9659258262890683 0.0831946554680291 -0.24508355189472955 0.9659258262890683
0.09904576054128746 -0.23911761839433457 0.9659258262890683 0.09904576054128746 -0.23911761839433457 0.9659258262890683
0.11447273646212645 -0.23212774654197033 0.9659258262890683 0.11447273646212645 -0.23212774654197033 0.9659258262890683
0.1294095225512604 -0.22414386804201336 0.9659258262890683 0.1294095225512604 -0.22414386804201336 0.9659258262890683
0.14379215719751828 -0.21520017108790795 0.9659258262890683 0.14379215719751828 -0.21520017108790795 0.9659258262890683
0.15755905175128285 -0.20533495396307283 0.9659258262890683 0.15755905175128285 -0.20533495396307283 0.9659258262890683
0.17065125425654307 -0.1945904610417719 0.9659258262890683 0.17065125425654307 -0.1945904610417719 0.9659258262890683
0.18301270189221927 -0.18301270189221935 0.9659258262890683 0.18301270189221927 -0.18301270189221935 0.9659258262890683
0.194590461041772 -0.17065125425654298 0.9659258262890683 0.194590461041772 -0.17065125425654298 0.9659258262890683
0.2053349539630726 -0.1575590517512831 0.9659258262890683 0.2053349539630726 -0.1575590517512831 0.9659258262890683
0.21520017108790776 -0.14379215719751856 0.9659258262890683 0.21520017108790776 -0.14379215719751856 0.9659258262890683
0.22414386804201328 -0.12940952255126048 0.9659258262890683 0.22414386804201328 -0.12940952255126048 0.9659258262890683
0.23212774654197027 -0.11447273646212655 0.9659258262890683 0.23212774654197027 -0.11447273646212655 0.9659258262890683
0.2391176183943345 -0.09904576054128755 0.9659258262890683 0.2391176183943345 -0.09904576054128755 0.9659258262890683
0.24508355189472952 -0.0831946554680292 0.9659258262890683 0.24508355189472952 -0.0831946554680292 0.9659258262890683
0.24999999999999992 -0.06698729810778088 0.9659258262890683 0.24999999999999992 -0.06698729810778088 0.9659258262890683
0.2538459097245721 -0.050493090852957716 0.9659258262890683 0.2538459097245721 -0.050493090852957716 0.9659258262890683
0.25660481229257065 -0.03378266443126185 0.9659258262890683 0.25660481229257065 -0.03378266443126185 0.9659258262890683
0.2582648936596449 -0.016927575454062323 0.9659258262890683 0.2582648936596449 -0.016927575454062323 0.9659258262890683
0.3214394653031616 0.0 0.9469301294951057 0.3214394653031616 0.0 0.9469301294951057
0.3207512387338053 0.021023146888890763 0.9469301294951057 0.3207512387338053 0.021023146888890763 0.9469301294951057
0.31868950611756475 0.04195626943527107 0.9469301294951057 0.31868950611756475 0.04195626943527107 0.9469301294951057
0.3152630961100258 0.06270972879468588 0.9469301294951057 0.3152630961100258 0.06270972879468588 0.9469301294951057
0.31048668112487265 0.08319465546802914 0.9469301294951057 0.31048668112487265 0.08319465546802914 0.9469301294951057
0.30438071450436033 0.10332332985438242 0.9469301294951057 0.30438071450436033 0.10332332985438242 0.9469301294951057
0.2969713429349629 0.12300955787981306 0.9469301294951057 0.2969713429349629 0.12300955787981306 0.9469301294951057
0.288290294483248 0.14216904009363143 0.9469301294951057 0.288290294483248 0.14216904009363143 0.9469301294951057
0.2783747427314246 0.16071973265158077 0.9469301294951057 0.2783747427314246 0.16071973265158077 0.9469301294951057
0.2672671475943572 0.1785821986401738 0.9469301294951057 0.2672671475943572 0.1785821986401738 0.9469301294951057
0.2550150734996918 0.19567994823775173 0.9469301294951057 0.2550150734996918 0.19567994823775173 0.9469301294951057
0.24167098570967446 0.21193976625564337 0.9469301294951057 0.24167098570967446 0.21193976625564337 0.9469301294951057
0.22729202565684353 0.2272920256568435 0.9469301294951057 0.22729202565684353 0.2272920256568435 0.9469301294951057
0.21193976625564337 0.24167098570967444 0.9469301294951057 0.21193976625564337 0.24167098570967444 0.9469301294951057
0.19567994823775173 0.2550150734996918 0.9469301294951057 0.19567994823775173 0.2550150734996918 0.9469301294951057
0.17858219864017388 0.26726714759435716 0.9469301294951057 0.17858219864017388 0.26726714759435716 0.9469301294951057
0.16071973265158082 0.27837474273142454 0.9469301294951057 0.16071973265158082 0.27837474273142454 0.9469301294951057
0.14216904009363143 0.288290294483248 0.9469301294951057 0.14216904009363143 0.288290294483248 0.9469301294951057
0.12300955787981308 0.2969713429349629 0.9469301294951057 0.12300955787981308 0.2969713429349629 0.9469301294951057
0.10332332985438246 0.3043807145043603 0.9469301294951057 0.10332332985438246 0.3043807145043603 0.9469301294951057
0.08319465546802914 0.31048668112487265 0.9469301294951057 0.08319465546802914 0.31048668112487265 0.9469301294951057
0.0627097287946859 0.3152630961100258 0.9469301294951057 0.0627097287946859 0.3152630961100258 0.9469301294951057
0.041956269435271115 0.31868950611756475 0.9469301294951057 0.041956269435271115 0.31868950611756475 0.9469301294951057
0.021023146888890832 0.3207512387338053 0.9469301294951057 0.021023146888890832 0.3207512387338053 0.9469301294951057
1.9682490615157677e-17 0.3214394653031616 0.9469301294951057 1.9682490615157677e-17 0.3214394653031616 0.9469301294951057
-0.02102314688889079 0.3207512387338053 0.9469301294951057 -0.02102314688889079 0.3207512387338053 0.9469301294951057
-0.041956269435271074 0.31868950611756475 0.9469301294951057 -0.041956269435271074 0.31868950611756475 0.9469301294951057
-0.06270972879468587 0.3152630961100258 0.9469301294951057 -0.06270972879468587 0.3152630961100258 0.9469301294951057
-0.0831946554680291 0.31048668112487265 0.9469301294951057 -0.0831946554680291 0.31048668112487265 0.9469301294951057
-0.10332332985438242 0.30438071450436033 0.9469301294951057 -0.10332332985438242 0.30438071450436033 0.9469301294951057
-0.12300955787981298 0.2969713429349629 0.9469301294951057 -0.12300955787981298 0.2969713429349629 0.9469301294951057
-0.1421690400936314 0.288290294483248 0.9469301294951057 -0.1421690400936314 0.288290294483248 0.9469301294951057
-0.16071973265158074 0.2783747427314246 0.9469301294951057 -0.16071973265158074 0.2783747427314246 0.9469301294951057
-0.17858219864017388 0.26726714759435716 0.9469301294951057 -0.17858219864017388 0.26726714759435716 0.9469301294951057
-0.19567994823775173 0.2550150734996918 0.9469301294951057 -0.19567994823775173 0.2550150734996918 0.9469301294951057
-0.21193976625564337 0.24167098570967444 0.9469301294951057 -0.21193976625564337 0.24167098570967444 0.9469301294951057
-0.2272920256568435 0.22729202565684353 0.9469301294951057 -0.2272920256568435 0.22729202565684353 0.9469301294951057
-0.2416709857096744 0.2119397662556434 0.9469301294951057 -0.2416709857096744 0.2119397662556434 0.9469301294951057
-0.2550150734996918 0.1956799482377518 0.9469301294951057 -0.2550150734996918 0.1956799482377518 0.9469301294951057
-0.26726714759435716 0.1785821986401739 0.9469301294951057 -0.26726714759435716 0.1785821986401739 0.9469301294951057
-0.2783747427314246 0.16071973265158077 0.9469301294951057 -0.2783747427314246 0.16071973265158077 0.9469301294951057
-0.28829029448324794 0.14216904009363157 0.9469301294951057 -0.28829029448324794 0.14216904009363157 0.9469301294951057
-0.2969713429349629 0.1230095578798131 0.9469301294951057 -0.2969713429349629 0.1230095578798131 0.9469301294951057
-0.3043807145043603 0.10332332985438247 0.9469301294951057 -0.3043807145043603 0.10332332985438247 0.9469301294951057
-0.3104866811248726 0.08319465546802922 0.9469301294951057 -0.3104866811248726 0.08319465546802922 0.9469301294951057
-0.3152630961100258 0.06270972879468585 0.9469301294951057 -0.3152630961100258 0.06270972879468585 0.9469301294951057
-0.31868950611756475 0.0419562694352712 0.9469301294951057 -0.31868950611756475 0.0419562694352712 0.9469301294951057
-0.3207512387338053 0.021023146888890783 0.9469301294951057 -0.3207512387338053 0.021023146888890783 0.9469301294951057
-0.3214394653031616 3.9364981230315354e-17 0.9469301294951057 -0.3214394653031616 3.9364981230315354e-17 0.9469301294951057
-0.3207512387338053 -0.0210231468888907 0.9469301294951057 -0.3207512387338053 -0.0210231468888907 0.9469301294951057
-0.31868950611756475 -0.04195626943527113 0.9469301294951057 -0.31868950611756475 -0.04195626943527113 0.9469301294951057
-0.31526309611002584 -0.06270972879468577 0.9469301294951057 -0.31526309611002584 -0.06270972879468577 0.9469301294951057
-0.31048668112487265 -0.08319465546802915 0.9469301294951057 -0.31048668112487265 -0.08319465546802915 0.9469301294951057
-0.30438071450436033 -0.1033233298543824 0.9469301294951057 -0.30438071450436033 -0.1033233298543824 0.9469301294951057
-0.2969713429349629 -0.12300955787981302 0.9469301294951057 -0.2969713429349629 -0.12300955787981302 0.9469301294951057
-0.28829029448324794 -0.14216904009363152 0.9469301294951057 -0.28829029448324794 -0.14216904009363152 0.9469301294951057
-0.27837474273142465 -0.1607197326515807 0.9469301294951057 -0.27837474273142465 -0.1607197326515807 0.9469301294951057
-0.26726714759435727 -0.17858219864017374 0.9469301294951057 -0.26726714759435727 -0.17858219864017374 0.9469301294951057
-0.2550150734996918 -0.19567994823775173 0.9469301294951057 -0.2550150734996918 -0.19567994823775173 0.9469301294951057
-0.24167098570967446 -0.21193976625564337 0.9469301294951057 -0.24167098570967446 -0.21193976625564337 0.9469301294951057
-0.22729202565684364 -0.2272920256568434 0.9469301294951057 -0.22729202565684364 -0.2272920256568434 0.9469301294951057
-0.21193976625564345 -0.2416709857096744 0.9469301294951057 -0.21193976625564345 -0.2416709857096744 0.9469301294951057
-0.1956799482377518 -0.25501507349969177 0.9469301294951057 -0.1956799482377518 -0.25501507349969177 0.9469301294951057
-0.1785821986401738 -0.2672671475943572 0.9469301294951057 -0.1785821986401738 -0.2672671475943572 0.9469301294951057
-0.16071973265158093 -0.2783747427314245 0.9469301294951057 -0.16071973265158093 -0.2783747427314245 0.9469301294951057
-0.14216904009363146 -0.28829029448324794 0.9469301294951057 -0.14216904009363146 -0.28829029448324794 0.9469301294951057
-0.12300955787981298 -0.2969713429349629 0.9469301294951057 -0.12300955787981298 -0.2969713429349629 0.9469301294951057
-0.10332332985438249 -0.3043807145043603 0.9469301294951057 -0.10332332985438249 -0.3043807145043603 0.9469301294951057
-0.0831946554680291 -0.31048668112487265 0.9469301294951057 -0.0831946554680291 -0.31048668112487265 0.9469301294951057
-0.06270972879468602 -0.3152630961100258 0.9469301294951057 -0.06270972879468602 -0.3152630961100258 0.9469301294951057
-0.04195626943527109 -0.31868950611756475 0.9469301294951057 -0.04195626943527109 -0.31868950611756475 0.9469301294951057
-0.02102314688889066 -0.3207512387338053 0.9469301294951057 -0.02102314688889066 -0.3207512387338053 0.9469301294951057
-5.904747184547303e-17 -0.3214394653031616 0.9469301294951057 -5.904747184547303e-17 -0.3214394653031616 0.9469301294951057
0.02102314688889054 -0.3207512387338053 0.9469301294951057 0.02102314688889054 -0.3207512387338053 0.9469301294951057
0.04195626943527097 -0.3186895061175648 0.9469301294951057 0.04195626943527097 -0.3186895061175648 0.9469301294951057
0.06270972879468589 -0.3152630961100258 0.9469301294951057 0.06270972879468589 -0.3152630961100258 0.9469301294951057
0.08319465546802898 -0.3104866811248727 0.9469301294951057 0.08319465546802898 -0.3104866811248727 0.9469301294951057
0.10332332985438239 -0.30438071450436033 0.9469301294951057 0.10332332985438239 -0.30438071450436033 0.9469301294951057
0.12300955787981287 -0.29697134293496297 0.9469301294951057 0.12300955787981287 -0.29697134293496297 0.9469301294951057
0.14216904009363135 -0.28829029448324806 0.9469301294951057 0.14216904009363135 -0.28829029448324806 0.9469301294951057
0.16071973265158082 -0.27837474273142454 0.9469301294951057 0.16071973265158082 -0.27837474273142454 0.9469301294951057
0.17858219864017372 -0.26726714759435727 0.9469301294951057 0.17858219864017372 -0.26726714759435727 0.9469301294951057
0.19567994823775148 -0.255015073499692 0.9469301294951057 0.19567994823775148 -0.255015073499692 0.9469301294951057
0.21193976625564345 -0.24167098570967438 0.9469301294951057 0.21193976625564345 -0.24167098570967438 0.9469301294951057
0.22729202565684345 -0.22729202565684356 0.9469301294951057 0.22729202565684345 -0.22729202565684356 0.9469301294951057
0.24167098570967446 -0.21193976625564334 0.9469301294951057 0.24167098570967446 -0.21193976625564334 0.9469301294951057
0.25501507349969177 -0.1956799482377518 0.9469301294951057 0.25501507349969177 -0.1956799482377518 0.9469301294951057
0.26726714759435705 -0.17858219864017405 0.9469301294951057 0.26726714759435705 -0.17858219864017405 0.9469301294951057
0.2783747427314245 -0.16071973265158093 0.9469301294951057 0.2783747427314245 -0.16071973265158093 0.9469301294951057
0.28829029448324794 -0.1421690400936315 0.9469301294951057 0.28829029448324794 -0.1421690400936315 0.9469301294951057
0.2969713429349629 -0.12300955787981299 0.9469301294951057 0.2969713429349629 -0.12300955787981299 0.9469301294951057
0.3043807145043603 -0.10332332985438251 0.9469301294951057 0.3043807145043603 -0.10332332985438251 0.9469301294951057
0.3104866811248726 -0.0831946554680294 0.9469301294951057 0.3104866811248726 -0.0831946554680294 0.9469301294951057
0.3152630961100258 -0.06270972879468603 0.9469301294951057 0.3152630961100258 -0.06270972879468603 0.9469301294951057
0.31868950611756475 -0.0419562694352711 0.9469301294951057 0.31868950611756475 -0.0419562694352711 0.9469301294951057
0.3207512387338053 -0.02102314688889068 0.9469301294951057 0.3207512387338053 -0.02102314688889068 0.9469301294951057
0.3826834323650898 0.0 0.9238795325112867 0.3826834323650898 0.0 0.9238795325112867
0.38186407776108144 0.025028693981208678 0.9238795325112867 0.38186407776108144 0.025028693981208678 0.9238795325112867
0.37940952255126037 0.049950211252314816 0.9238795325112867 0.37940952255126037 0.049950211252314816 0.9238795325112867
0.37533027751786524 0.0746578340503426 0.9238795325112867 0.37533027751786524 0.0746578340503426 0.9238795325112867
0.3696438106143861 0.09904576054128762 0.9238795325112867 0.3696438106143861 0.09904576054128762 0.9238795325112867
0.362374472165106 0.12300955787981306 0.9238795325112867 0.362374472165106 0.12300955787981306 0.9238795325112867
0.3535533905932738 0.14644660940672624 0.9238795325112867 0.3535533905932738 0.14644660940672624 0.9238795325112867
0.3432183391244172 0.16925655406926732 0.9238795325112867 0.3432183391244172 0.16925655406926732 0.9238795325112867
0.3314135740355918 0.19134171618254486 0.9238795325112867 0.3314135740355918 0.19134171618254486 0.9238795325112867
0.31818964514320847 0.2126075236918141 0.9238795325112867 0.31818964514320847 0.2126075236918141 0.9238795325112867
0.30360317934095893 0.23296291314453416 0.9238795325112867 0.30360317934095893 0.23296291314453416 0.9238795325112867
0.2877166381147634 0.2523207196380522 0.9238795325112867 0.2877166381147634 0.2523207196380522 0.9238795325112867
0.2705980500730985 0.27059805007309845 0.9238795325112867 0.2705980500730985 0.27059805007309845 0.9238795325112867
0.2523207196380522 0.2877166381147634 0.9238795325112867 0.2523207196380522 0.2877166381147634 0.9238795325112867
0.23296291314453416 0.30360317934095893 0.9238795325112867 0.23296291314453416 0.30360317934095893 0.9238795325112867
0.21260752369181418 0.31818964514320847 0.9238795325112867 0.21260752369181418 0.31818964514320847 0.9238795325112867
0.19134171618254495 0.3314135740355918 0.9238795325112867 0.19134171618254495 0.3314135740355918 0.9238795325112867
0.16925655406926732 0.3432183391244172 0.9238795325112867 0.16925655406926732 0.3432183391244172 0.9238795325112867
0.14644660940672627 0.3535533905932738 0.9238795325112867 0.14644660940672627 0.3535533905932738 0.9238795325112867
0.1230095578798131 0.36237447216510593 0.9238795325112867 0.1230095578798131 0.36237447216510593 0.9238795325112867
0.09904576054128762 0.3696438106143861 0.9238795325112867 0.09904576054128762 0.3696438106143861 0.9238795325112867
0.07465783405034264 0.37533027751786524 0.9238795325112867 0.07465783405034264 0.37533027751786524 0.9238795325112867
0.049950211252314865 0.37940952255126037 0.9238795325112867 0.049950211252314865 0.37940952255126037 0.9238795325112867
0.025028693981208758 0.38186407776108144 0.9238795325112867 0.025028693981208758 0.38186407776108144 0.9238795325112867
2.3432602026631493e-17 0.3826834323650898 0.9238795325112867 2.3432602026631493e-17 0.3826834323650898 0.9238795325112867
-0.02502869398120871 0.38186407776108144 0.9238795325112867 -0.02502869398120871 0.38186407776108144 0.9238795325112867
-0.04995021125231482 0.37940952255126037 0.9238795325112867 -0.04995021125231482 0.37940952255126037 0.9238795325112867
-0.07465783405034258 0.37533027751786524 0.9238795325112867 -0.07465783405034258 0.37533027751786524 0.9238795325112867
-0.09904576054128758 0.3696438106143861 0.9238795325112867 -0.09904576054128758 0.3696438106143861 0.9238795325112867
-0.12300955787981306 0.362374472165106 0.9238795325112867 -0.12300955787981306 0.362374472165106 0.9238795325112867
-0.14644660940672613 0.3535533905932738 0.9238795325112867 -0.14644660940672613 0.3535533905932738 0.9238795325112867
-0.16925655406926726 0.3432183391244172 0.9238795325112867 -0.16925655406926726 0.3432183391244172 0.9238795325112867
-0.19134171618254484 0.3314135740355918 0.9238795325112867 -0.19134171618254484 0.3314135740355918 0.9238795325112867
-0.21260752369181418 0.31818964514320847 0.9238795325112867 -0.21260752369181418 0.31818964514320847 0.9238795325112867
-0.23296291314453416 0.30360317934095893 0.9238795325112867 -0.23296291314453416 0.30360317934095893 0.9238795325112867
-0.2523207196380522 0.2877166381147634 0.9238795325112867 -0.2523207196380522 0.2877166381147634 0.9238795325112867
-0.27059805007309845 0.2705980500730985 0.9238795325112867 -0.27059805007309845 0.2705980500730985 0.9238795325112867
-0.28771663811476333 0.25232071963805225 0.9238795325112867 -0.28771663811476333 0.25232071963805225 0.9238795325112867
-0.30360317934095893 0.23296291314453424 0.9238795325112867 -0.30360317934095893 0.23296291314453424 0.9238795325112867
-0.3181896451432084 0.21260752369181424 0.9238795325112867 -0.3181896451432084 0.21260752369181424 0.9238795325112867
-0.3314135740355918 0.19134171618254486 0.9238795325112867 -0.3314135740355918 0.19134171618254486 0.9238795325112867
-0.3432183391244171 0.16925655406926748 0.9238795325112867 -0.3432183391244171 0.16925655406926748 0.9238795325112867
-0.3535533905932738 0.1464466094067263 0.9238795325112867 -0.3535533905932738 0.1464466094067263 0.9238795325112867
-0.36237447216510593 0.12300955787981313 0.9238795325112867 -0.36237447216510593 0.12300955787981313 0.9238795325112867
-0.3696438106143861 0.09904576054128772 0.9238795325112867 -0.3696438106143861 0.09904576054128772 0.9238795325112867
-0.37533027751786524 0.07465783405034257 0.9238795325112867 -0.37533027751786524 0.07465783405034257 0.9238795325112867
-0.37940952255126037 0.049950211252314976 0.9238795325112867 -0.37940952255126037 0.049950211252314976 0.9238795325112867
-0.38186407776108144 0.0250286939812087 0.9238795325112867 -0.38186407776108144 0.0250286939812087 0.9238795325112867
-0.3826834323650898 4.6865204053262986e-17 0.9238795325112867 -0.3826834323650898 4.6865204053262986e-17 0.9238795325112867
-0.38186407776108144 -0.025028693981208605 0.9238795325112867 -0.38186407776108144 -0.025028693981208605 0.9238795325112867
-0.37940952255126037 -0.049950211252314886 0.9238795325112867 -0.37940952255126037 -0.049950211252314886 0.9238795325112867
-0.3753302775178653 -0.07465783405034247 0.9238795325112867 -0.3753302775178653 -0.07465783405034247 0.9238795325112867
-0.3696438106143861 -0.09904576054128764 0.9238795325112867 -0.3696438106143861 -0.09904576054128764 0.9238795325112867
-0.362374472165106 -0.12300955787981303 0.9238795325112867 -0.362374472165106 -0.12300955787981303 0.9238795325112867
-0.3535533905932738 -0.1464466094067262 0.9238795325112867 -0.3535533905932738 -0.1464466094067262 0.9238795325112867
-0.3432183391244171 -0.1692565540692674 0.9238795325112867 -0.3432183391244171 -0.1692565540692674 0.9238795325112867
-0.33141357403559185 -0.1913417161825448 0.9238795325112867 -0.33141357403559185 -0.1913417161825448 0.9238795325112867
-0.3181896451432086 -0.21260752369181402 0.9238795325112867 -0.3181896451432086 -0.21260752369181402 0.9238795325112867
-0.30360317934095893 -0.23296291314453416 0.9238795325112867 -0.30360317934095893 -0.23296291314453416 0.9238795325112867
-0.2877166381147634 -0.2523207196380522 0.9238795325112867 -0.2877166381147634 -0.2523207196380522 0.9238795325112867
-0.2705980500730987 -0.27059805007309834 0.9238795325112867 -0.2705980500730987 -0.27059805007309834 0.9238795325112867
-0.25232071963805225 -0.28771663811476333 0.9238795325112867 -0.25232071963805225 -0.28771663811476333 0.9238795325112867
-0.23296291314453424 -0.3036031793409589 0.9238795325112867 -0.23296291314453424 -0.3036031793409589 0.9238795325112867
-0.2126075236918141 -0.31818964514320847 0.9238795325112867 -0.2126075236918141 -0.31818964514320847 0.9238795325112867
-0.19134171618254506 -0.3314135740355917 0.9238795325112867 -0.19134171618254506 -0.3314135740355917 0.9238795325112867
-0.16925655406926735 -0.3432183391244172 0.9238795325112867 -0.16925655406926735 -0.3432183391244172 0.9238795325112867
-0.14644660940672613 -0.3535533905932738 0.9238795325112867 -0.14644660940672613 -0.3535533905932738 0.9238795325112867
-0.12300955787981314 -0.36237447216510593 0.9238795325112867 -0.12300955787981314 -0.36237447216510593 0.9238795325112867
-0.09904576054128758 -0.3696438106143861 0.9238795325112867 -0.09904576054128758 -0.3696438106143861 0.9238795325112867
-0.07465783405034276 -0.3753302775178652 0.9238795325112867 -0.07465783405034276 -0.3753302775178652 0.9238795325112867
-0.04995021125231484 -0.37940952255126037 0.9238795325112867 -0.04995021125231484 -0.37940952255126037 0.9238795325112867
-0.025028693981208553 -0.38186407776108144 0.9238795325112867 -0.025028693981208553 -0.38186407776108144 0.9238795325112867
-7.029780607989448e-17 -0.3826834323650898 0.9238795325112867 -7.029780607989448e-17 -0.3826834323650898 0.9238795325112867
0.025028693981208414 -0.3818640777610815 0.9238795325112867 0.025028693981208414 -0.3818640777610815 0.9238795325112867
0.0499502112523147 -0.3794095225512604 0.9238795325112867 0.0499502112523147 -0.3794095225512604 0.9238795325112867
0.07465783405034263 -0.37533027751786524 0.9238795325112867 0.07465783405034263 -0.37533027751786524 0.9238795325112867
0.09904576054128744 -0.36964381061438617 0.9238795325112867 0.09904576054128744 -0.36964381061438617 0.9238795325112867
0.12300955787981302 -0.362374472165106 0.9238795325112867 0.12300955787981302 -0.362374472165106 0.9238795325112867
0.14644660940672602 -0.35355339059327384 0.9238795325112867 0.14644660940672602 -0.35355339059327384 0.9238795325112867
0.16925655406926723 -0.34321833912441724 0.9238795325112867 0.16925655406926723 -0.34321833912441724 0.9238795325112867
0.19134171618254495 -0.3314135740355918 0.9238795325112867 0.19134171618254495 -0.3314135740355918 0.9238795325112867
0.21260752369181396 -0.3181896451432086 0.9238795325112867 0.21260752369181396 -0.3181896451432086 0.9238795325112867
0.23296291314453385 -0.30360317934095915 0.9238795325112867 0.23296291314453385 -0.30360317934095915 0.9238795325112867
0.25232071963805225 -0.2877166381147633 0.9238795325112867 0.25232071963805225 -0.2877166381147633 0.9238795325112867
0.27059805007309845 -0.27059805007309856 0.9238795325112867 0.27059805007309845 -0.27059805007309856 0.9238795325112867
0.2877166381147634 -0.25232071963805214 0.9238795325112867 0.2877166381147634 -0.25232071963805214 0.9238795325112867
0.3036031793409589 -0.23296291314453424 0.9238795325112867 0.3036031793409589 -0.23296291314453424 0.9238795325112867
0.3181896451432083 -0.2126075236918144 0.9238795325112867 0.3181896451432083 -0.2126075236918144 0.9238795325112867
0.3314135740355917 -0.19134171618254506 0.9238795325112867 0.3314135740355917 -0.19134171618254506 0.9238795325112867
0.3432183391244172 -0.16925655406926737 0.9238795325112867 0.3432183391244172 -0.16925655406926737 0.9238795325112867
0.3535533905932738 -0.14644660940672616 0.9238795325112867 0.3535533905932738 -0.14644660940672616 0.9238795325112867
0.36237447216510593 -0.12300955787981317 0.9238795325112867 0.36237447216510593 -0.12300955787981317 0.9238795325112867
0.36964381061438606 -0.09904576054128794 0.9238795325112867 0.36964381061438606 -0.09904576054128794 0.9238795325112867
0.3753302775178652 -0.07465783405034278 0.9238795325112867 0.3753302775178652 -0.07465783405034278 0.9238795325112867
0.37940952255126037 -0.04995021125231486 0.9238795325112867 0.37940952255126037 -0.04995021125231486 0.9238795325112867
0.38186407776108144 -0.025028693981208577 0.9238795325112867 0.38186407776108144 -0.025028693981208577 0.9238795325112867
0.44228869021900125 0.0 0.8968727415326884 0.44228869021900125 0.0 0.8968727415326884
0.44134171618254486 0.02892706436342405 0.8968727415326884 0.44134171618254486 0.02892706436342405 0.8968727415326884
0.4385048491613818 0.0577302585962802 0.8968727415326884 0.4385048491613818 0.0577302585962802 0.8968727415326884
0.43379023705562064 0.08628624299891655 0.8968727415326884 0.43379023705562064 0.08628624299891655 0.8968727415326884
0.4272180685580985 0.11447273646212651 0.8968727415326884 0.4272180685580985 0.11447273646212651 0.8968727415326884
0.4188164867032995 0.14216904009363143 0.8968727415326884 0.4188164867032995 0.14216904009363143 0.8968727415326884
0.4086214683545602 0.16925655406926732 0.8968727415326884 0.4086214683545602 0.16925655406926732 0.8968727415326884
0.3966766701456176 0.19561928549563964 0.8968727415326884 0.3966766701456176 0.19561928549563964 0.8968727415326884
0.3830332415362011 0.2211443451095006 0.8968727415326884 0.3830332415362011 0.2211443451095006 0.8968727415326884
0.3677496057821935 0.24572243068690516 0.8968727415326884 0.3677496057821935 0.24572243068690516 0.8968727415326884
0.35089120975828 0.26924829509211456 0.8968727415326884 0.35089120975828 0.26924829509211456 0.8968727415326884
0.332530243704383 0.29162119696198924 0.8968727415326884 0.332530243704383 0.29162119696198924 0.8968727415326884
0.31274533209597205 0.312745332095972 0.8968727415326884 0.31274533209597205 0.312745332095972 0.8968727415326884
0.29162119696198924 0.33253024370438294 0.8968727415326884 0.29162119696198924 0.33253024370438294 0.8968727415326884
0.26924829509211456 0.35089120975828 0.8968727415326884 0.26924829509211456 0.35089120975828 0.8968727415326884
0.24572243068690527 0.36774960578219346 0.8968727415326884 0.24572243068690527 0.36774960578219346 0.8968727415326884
0.22114434510950068 0.38303324153620105 0.8968727415326884 0.22114434510950068 0.38303324153620105 0.8968727415326884
0.19561928549563964 0.3966766701456176 0.8968727415326884 0.19561928549563964 0.3966766701456176 0.8968727415326884
0.16925655406926735 0.4086214683545602 0.8968727415326884 0.16925655406926735 0.4086214683545602 0.8968727415326884
0.1421690400936315 0.41881648670329946 0.8968727415326884 0.1421690400936315 0.41881648670329946 0.8968727415326884
0.11447273646212651 0.4272180685580985 0.8968727415326884 0.11447273646212651 0.4272180685580985 0.8968727415326884
0.08628624299891659 0.43379023705562064 0.8968727415326884 0.08628624299891659 0.43379023705562064 0.8968727415326884
0.05773025859628026 0.4385048491613818 0.8968727415326884 0.05773025859628026 0.4385048491613818 0.8968727415326884
0.028927064363424144 0.44134171618254486 0.8968727415326884 0.028927064363424144 0.44134171618254486 0.8968727415326884
2.7082371438788758e-17 0.44228869021900125 0.8968727415326884 2.7082371438788758e-17 0.44228869021900125 0.8968727415326884
-0.02892706436342409 0.44134171618254486 0.8968727415326884 -0.02892706436342409 0.44134171618254486 0.8968727415326884
-0.05773025859628021 0.4385048491613818 0.8968727415326884 -0.05773025859628021 0.4385048491613818 0.8968727415326884
-0.08628624299891652 0.43379023705562064 0.8968727415326884 -0.08628624299891652 0.43379023705562064 0.8968727415326884
-0.11447273646212645 0.4272180685580985 0.8968727415326884 -0.11447273646212645 0.4272180685580985 0.8968727415326884
-0.14216904009363143 0.4188164867032995 0.8968727415326884 -0.14216904009363143 0.4188164867032995 0.8968727415326884
-0.16925655406926718 0.40862146835456026 0.8968727415326884 -0.16925655406926718 0.40862146835456026 0.8968727415326884
-0.1956192854956396 0.3966766701456176 0.8968727415326884 -0.1956192854956396 0.3966766701456176 0.8968727415326884
-0.22114434510950054 0.3830332415362011 0.8968727415326884 -0.22114434510950054 0.3830332415362011 0.8968727415326884
-0.24572243068690527 0.36774960578219346 0.8968727415326884 -0.24572243068690527 0.36774960578219346 0.8968727415326884
-0.26924829509211456 0.35089120975828 0.8968727415326884 -0.26924829509211456 0.35089120975828 0.8968727415326884
-0.29162119696198924 0.33253024370438294 0.8968727415326884 -0.29162119696198924 0.33253024370438294 0.8968727415326884
-0.312745332095972 0.31274533209597205 0.8968727415326884 -0.312745332095972 0.31274533209597205 0.8968727415326884
-0.3325302437043829 0.2916211969619893 0.8968727415326884 -0.3325302437043829 0.2916211969619893 0.8968727415326884
-0.3508912097582799 0.2692482950921147 0.8968727415326884 -0.3508912097582799 0.2692482950921147 0.8968727415326884
-0.3677496057821934 0.2457224306869053 0.8968727415326884 -0.3677496057821934 0.2457224306869053 0.8968727415326884
-0.3830332415362011 0.2211443451095006 0.8968727415326884 -0.3830332415362011 0.2211443451095006 0.8968727415326884
-0.39667667014561747 0.19561928549563984 0.8968727415326884 -0.39667667014561747 0.19561928549563984 0.8968727415326884
-0.4086214683545602 0.16925655406926735 0.8968727415326884 -0.4086214683545602 0.16925655406926735 0.8968727415326884
-0.41881648670329946 0.14216904009363152 0.8968727415326884 -0.41881648670329946 0.14216904009363152 0.8968727415326884
-0.4272180685580985 0.11447273646212663 0.8968727415326884 -0.4272180685580985 0.11447273646212663 0.8968727415326884
-0.43379023705562064 0.0862862429989165 0.8968727415326884 -0.43379023705562064 0.0862862429989165 0.8968727415326884
-0.4385048491613818 0.057730258596280386 0.8968727415326884 -0.4385048491613818 0.057730258596280386 0.8968727415326884
-0.44134171618254486 0.028927064363424074 0.8968727415326884 -0.44134171618254486 0.028927064363424074 0.8968727415326884
-0.44228869021900125 5.4164742877577516e-17 0.8968727415326884 -0.44228869021900125 5.4164742877577516e-17 0.8968727415326884
-0.44134171618254486 -0.028927064363423963 0.8968727415326884 -0.44134171618254486 -0.028927064363423963 0.8968727415326884
-0.4385048491613818 -0.05773025859628029 0.8968727415326884 -0.4385048491613818 -0.05773025859628029 0.8968727415326884
-0.4337902370556207 -0.0862862429989164 0.8968727415326884 -0.4337902370556207 -0.0862862429989164 0.8968727415326884
-0.4272180685580985 -0.11447273646212654 0.8968727415326884 -0.4272180685580985 -0.11447273646212654 0.8968727415326884
-0.4188164867032995 -0.1421690400936314 0.8968727415326884 -0.4188164867032995 -0.1421690400936314 0.8968727415326884
-0.40862146835456026 -0.16925655406926726 0.8968727415326884 -0.40862146835456026 -0.16925655406926726 0.8968727415326884
-0.39667667014561747 -0.19561928549563976 0.8968727415326884 -0.39667667014561747 -0.19561928549563976 0.8968727415326884
-0.3830332415362011 -0.2211443451095005 0.8968727415326884 -0.3830332415362011 -0.2211443451095005 0.8968727415326884
-0.3677496057821936 -0.24572243068690508 0.8968727415326884 -0.3677496057821936 -0.24572243068690508 0.8968727415326884
-0.35089120975828 -0.26924829509211456 0.8968727415326884 -0.35089120975828 -0.26924829509211456 0.8968727415326884
-0.332530243704383 -0.29162119696198924 0.8968727415326884 -0.332530243704383 -0.29162119696198924 0.8968727415326884
-0.31274533209597216 -0.31274533209597183 0.8968727415326884 -0.31274533209597216 -0.31274533209597183 0.8968727415326884
-0.29162119696198935 -0.3325302437043829 0.8968727415326884 -0.29162119696198935 -0.3325302437043829 0.8968727415326884
-0.2692482950921147 -0.35089120975827987 0.8968727415326884 -0.2692482950921147 -0.35089120975827987 0.8968727415326884
-0.24572243068690516 -0.3677496057821935 0.8968727415326884 -0.24572243068690516 -0.3677496057821935 0.8968727415326884
-0.22114434510950082 -0.38303324153620094 0.8968727415326884 -0.22114434510950082 -0.38303324153620094 0.8968727415326884
-0.1956192854956397 -0.3966766701456175 0.8968727415326884 -0.1956192854956397 -0.3966766701456175 0.8968727415326884
-0.16925655406926718 -0.40862146835456026 0.8968727415326884 -0.16925655406926718 -0.40862146835456026 0.8968727415326884
-0.14216904009363154 -0.41881648670329946 0.8968727415326884 -0.14216904009363154 -0.41881648670329946 0.8968727415326884
-0.11447273646212645 -0.4272180685580985 0.8968727415326884 -0.11447273646212645 -0.4272180685580985 0.8968727415326884
-0.08628624299891673 -0.4337902370556206 0.8968727415326884 -0.08628624299891673 -0.4337902370556206 0.8968727415326884
-0.057730258596280226 -0.4385048491613818 0.8968727415326884 -0.057730258596280226 -0.4385048491613818 0.8968727415326884
-0.028927064363423904 -0.44134171618254486 0.8968727415326884 -0.028927064363423904 -0.44134171618254486 0.8968727415326884
-8.124711431636626e-17 -0.44228869021900125 0.8968727415326884 -8.124711431636626e-17 -0.44228869021900125 0.8968727415326884
0.028927064363423745 -0.44134171618254486 0.8968727415326884 0.028927064363423745 -0.44134171618254486 0.8968727415326884
0.05773025859628007 -0.4385048491613819 0.8968727415326884 0.05773025859628007 -0.4385048491613819 0.8968727415326884
0.08628624299891657 -0.43379023705562064 0.8968727415326884 0.08628624299891657 -0.43379023705562064 0.8968727415326884
0.11447273646212631 -0.4272180685580986 0.8968727415326884 0.11447273646212631 -0.4272180685580986 0.8968727415326884
0.14216904009363138 -0.4188164867032995 0.8968727415326884 0.14216904009363138 -0.4188164867032995 0.8968727415326884
0.16925655406926704 -0.4086214683545603 0.8968727415326884 0.16925655406926704 -0.4086214683545603 0.8968727415326884
0.19561928549563956 -0.39667667014561764 0.8968727415326884 0.19561928549563956 -0.39667667014561764 0.8968727415326884
0.22114434510950068 -0.38303324153620105 0.8968727415326884 0.22114434510950068 -0.38303324153620105 0.8968727415326884
0.24572243068690502 -0.3677496057821936 0.8968727415326884 0.24572243068690502 -0.3677496057821936 0.8968727415326884
0.26924829509211423 -0.35089120975828025 0.8968727415326884 0.26924829509211423 -0.35089120975828025 0.8968727415326884
0.29162119696198935 -0.3325302437043829 0.8968727415326884 0.29162119696198935 -0.3325302437043829 0.8968727415326884
0.31274533209597194 -0.3127453320959721 0.8968727415326884 0.31274533209597194 -0.3127453320959721 0.8968727415326884
0.332530243704383 -0.2916211969619892 0.8968727415326884 0.332530243704383 -0.2916211969619892 0.8968727415326884
0.35089120975827987 -0.2692482950921147 0.8968727415326884 0.35089120975827987 -0.2692482950921147 0.8968727415326884
0.3677496057821933 -0.2457224306869055 0.8968727415326884 0.3677496057821933 -0.2457224306869055 0.8968727415326884
0.38303324153620094 -0.22114434510950082 0.8968727415326884 0.38303324153620094 -0.22114434510950082 0.8968727415326884
0.3966766701456175 -0.19561928549563973 0.8968727415326884 0.3966766701456175 -0.19561928549563973 0.8968727415326884
0.40862146835456026 -0.1692565540692672 0.8968727415326884 0.40862146835456026 -0.1692565540692672 0.8968727415326884
0.41881648670329946 -0.14216904009363154 0.8968727415326884 0.41881648670329946 -0.14216904009363154 0.8968727415326884
0.42721806855809846 -0.11447273646212687 0.8968727415326884 0.42721806855809846 -0.11447273646212687 0.8968727415326884
0.4337902370556206 -0.08628624299891675 0.8968727415326884 0.4337902370556206 -0.08628624299891675 0.8968727415326884
0.4385048491613818 -0.05773025859628025 0.8968727415326884 0.4385048491613818 -0.05773025859628025 0.8968727415326884
0.44134171618254486 -0.028927064363423932 0.8968727415326884 0.44134171618254486 -0.028927064363423932 0.8968727415326884
0.49999999999999994 0.0 0.8660254037844387 0.49999999999999994 0.0 0.8660254037844387
0.4989294616193017 0.032701564615071524 0.8660254037844387 0.4989294616193017 0.032701564615071524 0.8660254037844387
0.49572243068690514 0.06526309611002577 0.8660254037844387 0.49572243068690514 0.06526309611002577 0.8660254037844387
0.49039264020161516 0.09754516100806411 0.8660254037844387 0.49039264020161516 0.09754516100806411 0.8660254037844387
0.4829629131445341 0.12940952255126034 0.8660254037844387 0.4829629131445341 0.12940952255126034 0.8660254037844387
0.4734650647475528 0.16071973265158077 0.8660254037844387 0.4734650647475528 0.16071973265158077 0.8660254037844387
0.4619397662556433 0.19134171618254486 0.8660254037844387 0.4619397662556433 0.19134171618254486 0.8660254037844387
0.44843637076634413 0.2211443451095006 0.8660254037844387 0.44843637076634413 0.2211443451095006 0.8660254037844387
0.4330127018922193 0.24999999999999994 0.8660254037844387 0.4330127018922193 0.24999999999999994 0.8660254037844387
0.41573480615127256 0.27778511650980103 0.8660254037844387 0.41573480615127256 0.27778511650980103 0.8660254037844387
0.3966766701456175 0.3043807145043603 0.8660254037844387 0.3966766701456175 0.3043807145043603 0.8660254037844387
0.3759199037394887 0.32967290755003437 0.8660254037844387 0.3759199037394887 0.32967290755003437 0.8660254037844387
0.35355339059327373 0.3535533905932737 0.8660254037844387 0.35355339059327373 0.3535533905932737 0.8660254037844387
0.32967290755003437 0.37591990373948864 0.8660254037844387 0.32967290755003437 0.37591990373948864 0.8660254037844387
0.3043807145043603 0.3966766701456175 0.8660254037844387 0.3043807145043603 0.3966766701456175 0.8660254037844387
0.27778511650980114 0.4157348061512725 0.8660254037844387 0.27778511650980114 0.4157348061512725 0.8660254037844387
0.25 0.43301270189221924 0.8660254037844387 0.25 0.43301270189221924 0.8660254037844387
0.2211443451095006 0.44843637076634413 0.8660254037844387 0.2211443451095006 0.44843637076634413 0.8660254037844387
0.1913417161825449 0.4619397662556433 0.8660254037844387 0.1913417161825449 0.4619397662556433 0.8660254037844387
0.16071973265158082 0.47346506474755273 0.8660254037844387 0.16071973265158082 0.47346506474755273 0.8660254037844387
0.12940952255126034 0.4829629131445341 0.8660254037844387 0.12940952255126034 0.4829629131445341 0.8660254037844387
0.09754516100806415 0.49039264020161516 0.8660254037844387 0.09754516100806415 0.49039264020161516 0.8660254037844387
0.06526309611002584 0.49572243068690514 0.8660254037844387 0.06526309611002584 0.49572243068690514 0.8660254037844387
0.03270156461507163 0.4989294616193017 0.8660254037844387 0.03270156461507163 0.4989294616193017 0.8660254037844387
3.0616169978683824e-17 0.49999999999999994 0.8660254037844387 3.0616169978683824e-17 0.49999999999999994 0.8660254037844387
-0.032701564615071566 0.4989294616193017 0.8660254037844387 -0.032701564615071566 0.4989294616193017 0.8660254037844387
-0.06526309611002579 0.49572243068690514 0.8660254037844387 -0.06526309611002579 0.49572243068690514 0.8660254037844387
-0.09754516100806408 0.49039264020161516 0.8660254037844387 -0.09754516100806408 0.49039264020161516 0.8660254037844387
-0.1294095225512603 0.4829629131445341 0.8660254037844387 -0.1294095225512603 0.4829629131445341 0.8660254037844387
-0.16071973265158077 0.4734650647475528 0.8660254037844387 -0.16071973265158077 0.4734650647475528 0.8660254037844387
-0.19134171618254472 0.46193976625564337 0.8660254037844387 -0.19134171618254472 0.46193976625564337 0.8660254037844387
-0.22114434510950054 0.44843637076634413 0.8660254037844387 -0.22114434510950054 0.44843637076634413 0.8660254037844387
-0.2499999999999999 0.4330127018922193 0.8660254037844387 -0.2499999999999999 0.4330127018922193 0.8660254037844387
-0.27778511650980114 0.4157348061512725 0.8660254037844387 -0.27778511650980114 0.4157348061512725 0.8660254037844387
-0.3043807145043603 0.3966766701456175 0.8660254037844387 -0.3043807145043603 0.3966766701456175 0.8660254037844387
-0.32967290755003437 0.37591990373948864 0.8660254037844387 -0.32967290755003437 0.37591990373948864 0.8660254037844387
-0.3535533905932737 0.35355339059327373 0.8660254037844387 -0.3535533905932737 0.35355339059327373 0.8660254037844387
-0.3759199037394886 0.3296729075500344 0.8660254037844387 -0.3759199037394886 0.3296729075500344 0.8660254037844387
-0.39667667014561747 0.3043807145043604 0.8660254037844387 -0.39667667014561747 0.3043807145043604 0.8660254037844387
-0.41573480615127245 0.2777851165098012 0.8660254037844387 -0.41573480615127245 0.2777851165098012 0.8660254037844387
-0.4330127018922193 0.24999999999999994 0.8660254037844387 -0.4330127018922193 0.24999999999999994 0.8660254037844387
-0.448436370766344 0.22114434510950082 0.8660254037844387 -0.448436370766344 0.22114434510950082 0.8660254037844387
-0.4619397662556433 0.19134171618254492 0.8660254037844387 -0.4619397662556433 0.19134171618254492 0.8660254037844387
-0.47346506474755273 0.16071973265158085 0.8660254037844387 -0.47346506474755273 0.16071973265158085 0.8660254037844387
-0.48296291314453405 0.12940952255126048 0.8660254037844387 -0.48296291314453405 0.12940952255126048 0.8660254037844387
-0.49039264020161516 0.09754516100806407 0.8660254037844387 -0.49039264020161516 0.09754516100806407 0.8660254037844387
-0.49572243068690514 0.06526309611002598 0.8660254037844387 -0.49572243068690514 0.06526309611002598 0.8660254037844387
-0.4989294616193017 0.03270156461507155 0.8660254037844387 -0.4989294616193017 0.03270156461507155 0.8660254037844387
-0.49999999999999994 6.123233995736765e-17 0.8660254037844387 -0.49999999999999994 6.123233995736765e-17 0.8660254037844387
-0.4989294616193017 -0.03270156461507143 0.8660254037844387 -0.4989294616193017 -0.03270156461507143 0.8660254037844387
-0.49572243068690514 -0.06526309611002587 0.8660254037844387 -0.49572243068690514 -0.06526309611002587 0.8660254037844387
-0.4903926402016152 -0.09754516100806394 0.8660254037844387 -0.4903926402016152 -0.09754516100806394 0.8660254037844387
-0.4829629131445341 -0.12940952255126037 0.8660254037844387 -0.4829629131445341 -0.12940952255126037 0.8660254037844387
-0.4734650647475528 -0.16071973265158074 0.8660254037844387 -0.4734650647475528 -0.16071973265158074 0.8660254037844387
-0.46193976625564337 -0.1913417161825448 0.8660254037844387 -0.46193976625564337 -0.1913417161825448 0.8660254037844387
-0.448436370766344 -0.2211443451095007 0.8660254037844387 -0.448436370766344 -0.2211443451095007 0.8660254037844387
-0.43301270189221935 -0.24999999999999986 0.8660254037844387 -0.43301270189221935 -0.24999999999999986 0.8660254037844387
-0.4157348061512727 -0.2777851165098009 0.8660254037844387 -0.4157348061512727 -0.2777851165098009 0.8660254037844387
-0.3966766701456175 -0.3043807145043603 0.8660254037844387 -0.3966766701456175 -0.3043807145043603 0.8660254037844387
-0.3759199037394887 -0.32967290755003437 0.8660254037844387 -0.3759199037394887 -0.32967290755003437 0.8660254037844387
-0.3535533905932739 -0.3535533905932735 0.8660254037844387 -0.3535533905932739 -0.3535533905932735 0.8660254037844387
-0.3296729075500345 -0.3759199037394886 0.8660254037844387 -0.3296729075500345 -0.3759199037394886 0.8660254037844387
-0.3043807145043604 -0.3966766701456174 0.8660254037844387 -0.3043807145043604 -0.3966766701456174 0.8660254037844387
-0.27778511650980103 -0.41573480615127256 0.8660254037844387 -0.27778511650980103 -0.41573480615127256 0.8660254037844387
-0.25000000000000017 -0.43301270189221913 0.8660254037844387 -0.25000000000000017 -0.43301270189221913 0.8660254037844387
-0.22114434510950065 -0.4484363707663441 0.8660254037844387 -0.22114434510950065 -0.4484363707663441 0.8660254037844387
-0.19134171618254472 -0.46193976625564337 0.8660254037844387 -0.19134171618254472 -0.46193976625564337 0.8660254037844387
-0.16071973265158088 -0.47346506474755273 0.8660254037844387 -0.16071973265158088 -0.47346506474755273 0.8660254037844387
-0.1294095225512603 -0.4829629131445341 0.8660254037844387 -0.1294095225512603 -0.4829629131445341 0.8660254037844387
-0.09754516100806432 -0.4903926402016151 0.8660254037844387 -0.09754516100806432 -0.4903926402016151 0.8660254037844387
-0.0652630961100258 -0.49572243068690514 0.8660254037844387 -0.0652630961100258 -0.49572243068690514 0.8660254037844387
-0.03270156461507136 -0.4989294616193017 0.8660254037844387 -0.03270156461507136 -0.4989294616193017 0.8660254037844387
-9.184850993605147e-17 -0.49999999999999994 0.8660254037844387 -9.184850993605147e-17 -0.49999999999999994 0.8660254037844387
0.03270156461507118 -0.49892946161930174 0.8660254037844387 0.03270156461507118 -0.49892946161930174 0.8660254037844387
0.06526309611002562 -0.4957224306869052 0.8660254037844387 0.06526309611002562 -0.4957224306869052 0.8660254037844387
0.09754516100806414 -0.49039264020161516 0.8660254037844387 0.09754516100806414 -0.49039264020161516 0.8660254037844387
0.12940952255126012 -0.48296291314453416 0.8660254037844387 0.12940952255126012 -0.48296291314453416 0.8660254037844387
0.1607197326515807 -0.4734650647475528 0.8660254037844387 0.1607197326515807 -0.4734650647475528 0.8660254037844387
0.19134171618254456 -0.4619397662556434 0.8660254037844387 0.19134171618254456 -0.4619397662556434 0.8660254037844387
0.22114434510950048 -0.4484363707663442 0.8660254037844387 0.22114434510950048 -0.4484363707663442 0.8660254037844387
0.25 -0.43301270189221924 0.8660254037844387 0.25 -0.43301270189221924 0.8660254037844387
0.27778511650980087 -0.4157348061512727 0.8660254037844387 0.27778511650980087 -0.4157348061512727 0.8660254037844387
0.3043807145043599 -0.3966766701456178 0.8660254037844387 0.3043807145043599 -0.3966766701456178 0.8660254037844387
0.3296729075500345 -0.3759199037394885 0.8660254037844387 0.3296729075500345 -0.3759199037394885 0.8660254037844387
0.3535533905932736 -0.3535533905932738 0.8660254037844387 0.3535533905932736 -0.3535533905932738 0.8660254037844387
0.3759199037394887 -0.3296729075500343 0.8660254037844387 0.3759199037394887 -0.3296729075500343 0.8660254037844387
0.3966766701456174 -0.3043807145043604 0.8660254037844387 0.3966766701456174 -0.3043807145043604 0.8660254037844387
0.41573480615127234 -0.2777851165098014 0.8660254037844387 0.41573480615127234 -0.2777851165098014 0.8660254037844387
0.43301270189221913 -0.25000000000000017 0.8660254037844387 0.43301270189221913 -0.25000000000000017 0.8660254037844387
0.4484363707663441 -0.22114434510950068 0.8660254037844387 0.4484363707663441 -0.22114434510950068 0.8660254037844387
0.46193976625564337 -0.19134171618254475 0.8660254037844387 0.46193976625564337 -0.19134171618254475 0.8660254037844387
0.47346506474755273 -0.1607197326515809 0.8660254037844387 0.47346506474755273 -0.1607197326515809 0.8660254037844387
0.482962913144534 -0.12940952255126076 0.8660254037844387 0.482962913144534 -0.12940952255126076 0.8660254037844387
0.4903926402016151 -0.09754516100806435 0.8660254037844387 0.4903926402016151 -0.09754516100806435 0.8660254037844387
0.49572243068690514 -0.06526309611002583 0.8660254037844387 0.49572243068690514 -0.06526309611002583 0.8660254037844387
0.4989294616193017 -0.03270156461507139 0.8660254037844387 0.4989294616193017 -0.03270156461507139 0.8660254037844387
0.5555702330196022 0.0 0.8314696123025452 0.5555702330196022 0.0 0.8314696123025452
0.5543807145043602 0.03633603174660174 0.8314696123025452 0.5543807145043602 0.03633603174660174 0.8314696123025452
0.550817252659535 0.07251646702685544 0.8314696123025452 0.550817252659535 0.07251646702685544 0.8314696123025452
0.5448951067758185 0.1083863756623696 0.8314696123025452 0.5448951067758185 0.1083863756623696 0.8314696123025452
0.5366396363910695 0.14379215719751837 0.8314696123025452 0.5366396363910695 0.14379215719751837 0.8314696123025452
0.526086192696878 0.1785821986401738 0.8314696123025452 0.526086192696878 0.1785821986401738 0.8314696123025452
0.5132799671593367 0.2126075236918141 0.8314696123025452 0.5132799671593367 0.2126075236918141 0.8314696123025452
0.4982757980022451 0.24572243068690516 0.8314696123025452 0.4982757980022451 0.24572243068690516 0.8314696123025452
0.4811379353814157 0.27778511650980103 0.8314696123025452 0.4811379353814157 0.27778511650980103 0.8314696123025452
0.4619397662556433 0.3086582838174551 0.8314696123025452 0.4619397662556433 0.3086582838174551 0.8314696123025452
0.4407635001324813 0.33820972896772095 0.8314696123025452 0.4407635001324813 0.33820972896772095 0.8314696123025452
0.41769981703450837 0.36631290813564477 0.8314696123025452 0.41769981703450837 0.36631290813564477 0.8314696123025452
0.39284747919355106 0.392847479193551 0.8314696123025452 0.39284747919355106 0.392847479193551 0.8314696123025452
0.36631290813564477 0.4176998170345083 0.8314696123025452 0.36631290813564477 0.4176998170345083 0.8314696123025452
0.33820972896772095 0.4407635001324813 0.8314696123025452 0.33820972896772095 0.4407635001324813 0.8314696123025452
0.3086582838174552 0.46193976625564326 0.8314696123025452 0.3086582838174552 0.46193976625564326 0.8314696123025452
0.27778511650980114 0.48113793538141564 0.8314696123025452 0.27778511650980114 0.48113793538141564 0.8314696123025452
0.24572243068690516 0.4982757980022451 0.8314696123025452 0.24572243068690516 0.4982757980022451 0.8314696123025452
0.21260752369181413 0.5132799671593367 0.8314696123025452 0.21260752369181413 0.5132799671593367 0.8314696123025452
0.17858219864017388 0.5260861926968778 0.8314696123025452 0.17858219864017388 0.5260861926968778 0.8314696123025452
0.14379215719751837 0.5366396363910695 0.8314696123025452 0.14379215719751837 0.5366396363910695 0.8314696123025452
0.10838637566236964 0.5448951067758185 0.8314696123025452 0.10838637566236964 0.5448951067758185 0.8314696123025452
0.07251646702685552 0.550817252659535 0.8314696123025452 0.07251646702685552 0.550817252659535 0.8314696123025452
0.03633603174660185 0.5543807145043602 0.8314696123025452 0.03633603174660185 0.5543807145043602 0.8314696123025452
3.401886537845025e-17 0.5555702330196022 0.8314696123025452 3.401886537845025e-17 0.5555702330196022 0.8314696123025452
-0.03633603174660178 0.5543807145043602 0.8314696123025452 -0.03633603174660178 0.5543807145043602 0.8314696123025452
-0.07251646702685545 0.550817252659535 0.8314696123025452 -0.07251646702685545 0.550817252659535 0.8314696123025452
-0.10838637566236957 0.5448951067758185 0.8314696123025452 -0.10838637566236957 0.5448951067758185 0.8314696123025452
-0.1437921571975183 0.5366396363910695 0.8314696123025452 -0.1437921571975183 0.5366396363910695 0.8314696123025452
-0.1785821986401738 0.526086192696878 0.8314696123025452 -0.1785821986401738 0.526086192696878 0.8314696123025452
-0.21260752369181393 0.5132799671593368 0.8314696123025452 -0.21260752369181393 0.5132799671593368 0.8314696123025452
-0.2457224306869051 0.4982757980022451 0.8314696123025452 -0.2457224306869051 0.4982757980022451 0.8314696123025452
-0.277785116509801 0.4811379353814157 0.8314696123025452 -0.277785116509801 0.4811379353814157 0.8314696123025452
-0.3086582838174552 0.46193976625564326 0.8314696123025452 -0.3086582838174552 0.46193976625564326 0.8314696123025452
-0.33820972896772095 0.4407635001324813 0.8314696123025452 -0.33820972896772095 0.4407635001324813 0.8314696123025452
-0.36631290813564477 0.4176998170345083 0.8314696123025452 -0.36631290813564477 0.4176998170345083 0.8314696123025452
-0.392847479193551 0.39284747919355106 0.8314696123025452 -0.392847479193551 0.39284747919355106 0.8314696123025452
-0.41769981703450826 0.3663129081356448 0.8314696123025452 -0.41769981703450826 0.3663129081356448 0.8314696123025452
-0.4407635001324812 0.33820972896772106 0.8314696123025452 -0.4407635001324812 0.33820972896772106 0.8314696123025452
-0.4619397662556432 0.30865828381745525 0.8314696123025452 -0.4619397662556432 0.30865828381745525 0.8314696123025452
-0.4811379353814157 0.27778511650980103 0.8314696123025452 -0.4811379353814157 0.27778511650980103 0.8314696123025452
-0.498275798002245 0.2457224306869054 0.8314696123025452 -0.498275798002245 0.2457224306869054 0.8314696123025452
-0.5132799671593367 0.21260752369181415 0.8314696123025452 -0.5132799671593367 0.21260752369181415 0.8314696123025452
-0.5260861926968778 0.1785821986401739 0.8314696123025452 -0.5260861926968778 0.1785821986401739 0.8314696123025452
-0.5366396363910694 0.14379215719751853 0.8314696123025452 -0.5366396363910694 0.14379215719751853 0.8314696123025452
-0.5448951067758185 0.10838637566236956 0.8314696123025452 -0.5448951067758185 0.10838637566236956 0.8314696123025452
-0.550817252659535 0.07251646702685567 0.8314696123025452 -0.550817252659535 0.07251646702685567 0.8314696123025452
-0.5543807145043602 0.036336031746601764 0.8314696123025452 -0.5543807145043602 0.036336031746601764 0.8314696123025452
-0.5555702330196022 6.80377307569005e-17 0.8314696123025452 -0.5555702330196022 6.80377307569005e-17 0.8314696123025452
-0.5543807145043602 -0.036336031746601626 0.8314696123025452 -0.5543807145043602 -0.036336031746601626 0.8314696123025452
-0.550817252659535 -0.07251646702685555 0.8314696123025452 -0.550817252659535 -0.07251646702685555 0.8314696123025452
-0.5448951067758186 -0.10838637566236942 0.8314696123025452 -0.5448951067758186 -0.10838637566236942 0.8314696123025452
-0.5366396363910695 -0.1437921571975184 0.8314696123025452 -0.5366396363910695 -0.1437921571975184 0.8314696123025452
-0.526086192696878 -0.17858219864017377 0.8314696123025452 -0.526086192696878 -0.17858219864017377 0.8314696123025452
-0.5132799671593368 -0.21260752369181404 0.8314696123025452 -0.5132799671593368 -0.21260752369181404 0.8314696123025452
-0.498275798002245 -0.24572243068690527 0.8314696123025452 -0.498275798002245 -0.24572243068690527 0.8314696123025452
-0.48113793538141575 -0.277785116509801 0.8314696123025452 -0.48113793538141575 -0.277785116509801 0.8314696123025452
-0.4619397662556435 -0.3086582838174549 0.8314696123025452 -0.4619397662556435 -0.3086582838174549 0.8314696123025452
-0.4407635001324813 -0.33820972896772095 0.8314696123025452 -0.4407635001324813 -0.33820972896772095 0.8314696123025452
-0.41769981703450837 -0.36631290813564477 0.8314696123025452 -0.41769981703450837 -0.36631290813564477 0.8314696123025452
-0.3928474791935513 -0.39284747919355084 0.8314696123025452 -0.3928474791935513 -0.39284747919355084 0.8314696123025452
-0.3663129081356449 -0.41769981703450826 0.8314696123025452 -0.3663129081356449 -0.41769981703450826 0.8314696123025452
-0.33820972896772106 -0.4407635001324811 0.8314696123025452 -0.33820972896772106 -0.4407635001324811 0.8314696123025452
-0.3086582838174551 -0.4619397662556433 0.8314696123025452 -0.3086582838174551 -0.4619397662556433 0.8314696123025452
-0.2777851165098013 -0.48113793538141547 0.8314696123025452 -0.2777851165098013 -0.48113793538141547 0.8314696123025452
-0.24572243068690522 -0.49827579800224503 0.8314696123025452 -0.24572243068690522 -0.49827579800224503 0.8314696123025452
-0.21260752369181393 -0.5132799671593368 0.8314696123025452 -0.21260752369181393 -0.5132799671593368 0.8314696123025452
-0.17858219864017394 -0.5260861926968778 0.8314696123025452 -0.17858219864017394 -0.5260861926968778 0.8314696123025452
-0.1437921571975183 -0.5366396363910695 0.8314696123025452 -0.1437921571975183 -0.5366396363910695 0.8314696123025452
-0.10838637566236983 -0.5448951067758185 0.8314696123025452 -0.10838637566236983 -0.5448951067758185 0.8314696123025452
-0.07251646702685546 -0.550817252659535 0.8314696123025452 -0.07251646702685546 -0.550817252659535 0.8314696123025452
-0.03633603174660155 -0.5543807145043602 0.8314696123025452 -0.03633603174660155 -0.5543807145043602 0.8314696123025452
-1.0205659613535074e-16 -0.5555702330196022 0.8314696123025452 -1.0205659613535074e-16 -0.5555702330196022 0.8314696123025452
0.03633603174660135 -0.5543807145043603 0.8314696123025452 0.03633603174660135 -0.5543807145043603 0.8314696123025452
0.07251646702685527 -0.5508172526595351 0.8314696123025452 0.07251646702685527 -0.5508172526595351 0.8314696123025452
0.10838637566236962 -0.5448951067758185 0.8314696123025452 0.10838637566236962 -0.5448951067758185 0.8314696123025452
0.14379215719751812 -0.5366396363910695 0.8314696123025452 0.14379215719751812 -0.5366396363910695 0.8314696123025452
0.17858219864017374 -0.526086192696878 0.8314696123025452 0.17858219864017374 -0.526086192696878 0.8314696123025452
0.21260752369181377 -0.5132799671593368 0.8314696123025452 0.21260752369181377 -0.5132799671593368 0.8314696123025452
0.24572243068690505 -0.4982757980022452 0.8314696123025452 0.24572243068690505 -0.4982757980022452 0.8314696123025452
0.27778511650980114 -0.48113793538141564 0.8314696123025452 0.27778511650980114 -0.48113793538141564 0.8314696123025452
0.30865828381745486 -0.4619397662556435 0.8314696123025452 0.30865828381745486 -0.4619397662556435 0.8314696123025452
0.3382097289677205 -0.44076350013248156 0.8314696123025452 0.3382097289677205 -0.44076350013248156 0.8314696123025452
0.3663129081356449 -0.4176998170345082 0.8314696123025452 0.3663129081356449 -0.4176998170345082 0.8314696123025452
0.39284747919355095 -0.3928474791935511 0.8314696123025452 0.39284747919355095 -0.3928474791935511 0.8314696123025452
0.41769981703450837 -0.3663129081356447 0.8314696123025452 0.41769981703450837 -0.3663129081356447 0.8314696123025452
0.4407635001324811 -0.33820972896772106 0.8314696123025452 0.4407635001324811 -0.33820972896772106 0.8314696123025452
0.4619397662556431 -0.30865828381745547 0.8314696123025452 0.4619397662556431 -0.30865828381745547 0.8314696123025452
0.48113793538141547 -0.2777851165098013 0.8314696123025452 0.48113793538141547 -0.2777851165098013 0.8314696123025452
0.49827579800224503 -0.24572243068690525 0.8314696123025452 0.49827579800224503 -0.24572243068690525 0.8314696123025452
0.5132799671593368 -0.212607523691814 0.8314696123025452 0.5132799671593368 -0.212607523691814 0.8314696123025452
0.5260861926968778 -0.17858219864017397 0.8314696123025452 0.5260861926968778 -0.17858219864017397 0.8314696123025452
0.5366396363910694 -0.14379215719751884 0.8314696123025452 0.5366396363910694 -0.14379215719751884 0.8314696123025452
0.5448951067758185 -0.10838637566236986 0.8314696123025452 0.5448951067758185 -0.10838637566236986 0.8314696123025452
0.550817252659535 -0.0725164670268555 0.8314696123025452 0.550817252659535 -0.0725164670268555 0.8314696123025452
0.5543807145043602 -0.03633603174660159 0.8314696123025452 0.5543807145043602 -0.03633603174660159 0.8314696123025452
0.6087614290087207 0.0 0.7933533402912352 0.6087614290087207 0.0 0.7933533402912352
0.6074580240598355 0.03981490241178392 0.7933533402912352 0.6074580240598355 0.03981490241178392 0.7933533402912352
0.6035533905932737 0.07945931129894555 0.7933533402912352 0.6035533905932737 0.07945931129894555 0.7933533402912352
0.5970642488489893 0.1187634632163097 0.7933533402912352 0.5970642488489893 0.1187634632163097 0.7933533402912352
0.5880183863281625 0.15755905175128304 0.7933533402912352 0.5880183863281625 0.15755905175128304 0.7933533402912352
0.5764545388028535 0.19567994823775173 0.7933533402912352 0.5764545388028535 0.19567994823775173 0.7933533402912352
0.5624222244434797 0.23296291314453416 0.7933533402912352 0.5624222244434797 0.23296291314453416 0.7933533402912352
0.5459815317744083 0.26924829509211456 0.7933533402912352 0.5459815317744083 0.26924829509211456 0.7933533402912352
0.5272028623656693 0.3043807145043603 0.7933533402912352 0.5272028623656693 0.3043807145043603 0.7933533402912352
0.5061666293626244 0.33820972896772095 0.7933533402912352 0.5061666293626244 0.33820972896772095 0.7933533402912352
0.48296291314453416 0.37059047744873963 0.7933533402912352 0.48296291314453416 0.37059047744873963 0.7933533402912352
0.45769107558654376 0.4013843006112376 0.7933533402912352 0.45769107558654376 0.4013843006112376 0.7933533402912352
0.43045933457687946 0.4304593345768794 0.7933533402912352 0.43045933457687946 0.4304593345768794 0.7933533402912352
0.4013843006112376 0.4576910755865437 0.7933533402912352 0.4013843006112376 0.4576910755865437 0.7933533402912352
0.37059047744873963 0.48296291314453416 0.7933533402912352 0.37059047744873963 0.48296291314453416 0.7933533402912352
0.33820972896772106 0.5061666293626244 0.7933533402912352 0.33820972896772106 0.5061666293626244 0.7933533402912352
0.3043807145043604 0.5272028623656692 0.7933533402912352 0.3043807145043604 0.5272028623656692 0.7933533402912352
0.26924829509211456 0.5459815317744083 0.7933533402912352 0.26924829509211456 0.5459815317744083 0.7933533402912352
0.23296291314453418 0.5624222244434797 0.7933533402912352 0.23296291314453418 0.5624222244434797 0.7933533402912352
0.19567994823775178 0.5764545388028534 0.7933533402912352 0.19567994823775178 0.5764545388028534 0.7933533402912352
0.15755905175128304 0.5880183863281625 0.7933533402912352 0.15755905175128304 0.5880183863281625 0.7933533402912352
0.11876346321630976 0.5970642488489893 0.7933533402912352 0.11876346321630976 0.5970642488489893 0.7933533402912352
0.07945931129894564 0.6035533905932737 0.7933533402912352 0.07945931129894564 0.6035533905932737 0.7933533402912352
0.039814902411784044 0.6074580240598355 0.7933533402912352 0.039814902411784044 0.6074580240598355 0.7933533402912352
3.727588677399492e-17 0.6087614290087207 0.7933533402912352 3.727588677399492e-17 0.6087614290087207 0.7933533402912352
-0.03981490241178397 0.6074580240598355 0.7933533402912352 -0.03981490241178397 0.6074580240598355 0.7933533402912352
-0.07945931129894557 0.6035533905932737 0.7933533402912352 -0.07945931129894557 0.6035533905932737 0.7933533402912352
-0.11876346321630968 0.5970642488489893 0.7933533402912352 -0.11876346321630968 0.5970642488489893 0.7933533402912352
-0.15755905175128299 0.5880183863281625 0.7933533402912352 -0.15755905175128299 0.5880183863281625 0.7933533402912352
-0.19567994823775173 0.5764545388028535 0.7933533402912352 -0.19567994823775173 0.5764545388028535 0.7933533402912352
-0.232962913144534 0.5624222244434798 0.7933533402912352 -0.232962913144534 0.5624222244434798 0.7933533402912352
-0.2692482950921145 0.5459815317744083 0.7933533402912352 -0.2692482950921145 0.5459815317744083 0.7933533402912352
-0.3043807145043602 0.5272028623656693 0.7933533402912352 -0.3043807145043602 0.5272028623656693 0.7933533402912352
-0.33820972896772106 0.5061666293626244 0.7933533402912352 -0.33820972896772106 0.5061666293626244 0.7933533402912352
-0.37059047744873963 0.48296291314453416 0.7933533402912352 -0.37059047744873963 0.48296291314453416 0.7933533402912352
-0.4013843006112376 0.4576910755865437 0.7933533402912352 -0.4013843006112376 0.4576910755865437 0.7933533402912352
-0.4304593345768794 0.43045933457687946 0.7933533402912352 -0.4304593345768794 0.43045933457687946 0.7933533402912352
-0.45769107558654365 0.4013843006112377 0.7933533402912352 -0.45769107558654365 0.4013843006112377 0.7933533402912352
-0.4829629131445341 0.3705904774487398 0.7933533402912352 -0.4829629131445341 0.3705904774487398 0.7933533402912352
-0.5061666293626242 0.33820972896772117 0.7933533402912352 -0.5061666293626242 0.33820972896772117 0.7933533402912352
-0.5272028623656693 0.3043807145043603 0.7933533402912352 -0.5272028623656693 0.3043807145043603 0.7933533402912352
-0.5459815317744082 0.26924829509211484 0.7933533402912352 -0.5459815317744082 0.26924829509211484 0.7933533402912352
-0.5624222244434797 0.2329629131445342 0.7933533402912352 -0.5624222244434797 0.2329629131445342 0.7933533402912352
-0.5764545388028534 0.19567994823775184 0.7933533402912352 -0.5764545388028534 0.19567994823775184 0.7933533402912352
-0.5880183863281624 0.1575590517512832 0.7933533402912352 -0.5880183863281624 0.1575590517512832 0.7933533402912352
-0.5970642488489893 0.11876346321630966 0.7933533402912352 -0.5970642488489893 0.11876346321630966 0.7933533402912352
-0.6035533905932737 0.0794593112989458 0.7933533402912352 -0.6035533905932737 0.0794593112989458 0.7933533402912352
-0.6074580240598355 0.03981490241178395 0.7933533402912352 -0.6074580240598355 0.03981490241178395 0.7933533402912352
-0.6087614290087207 7.455177354798984e-17 0.7933533402912352 -0.6087614290087207 7.455177354798984e-17 0.7933533402912352
-0.6074580240598355 -0.0398149024117838 0.7933533402912352 -0.6074580240598355 -0.0398149024117838 0.7933533402912352
-0.6035533905932737 -0.07945931129894566 0.7933533402912352 -0.6035533905932737 -0.07945931129894566 0.7933533402912352
-0.5970642488489895 -0.11876346321630951 0.7933533402912352 -0.5970642488489895 -0.11876346321630951 0.7933533402912352
-0.5880183863281625 -0.15755905175128307 0.7933533402912352 -0.5880183863281625 -0.15755905175128307 0.7933533402912352
-0.5764545388028535 -0.1956799482377517 0.7933533402912352 -0.5764545388028535 -0.1956799482377517 0.7933533402912352
-0.5624222244434798 -0.2329629131445341 0.7933533402912352 -0.5624222244434798 -0.2329629131445341 0.7933533402912352
-0.5459815317744082 -0.26924829509211473 0.7933533402912352 -0.5459815317744082 -0.26924829509211473 0.7933533402912352
-0.5272028623656693 -0.3043807145043602 0.7933533402912352 -0.5272028623656693 -0.3043807145043602 0.7933533402912352
-0.5061666293626245 -0.33820972896772084 0.7933533402912352 -0.5061666293626245 -0.33820972896772084 0.7933533402912352
-0.48296291314453416 -0.37059047744873963 0.7933533402912352 -0.48296291314453416 -0.37059047744873963 0.7933533402912352
-0.45769107558654376 -0.4013843006112376 0.7933533402912352 -0.45769107558654376 -0.4013843006112376 0.7933533402912352
-0.4304593345768796 -0.4304593345768792 0.7933533402912352 -0.4304593345768796 -0.4304593345768792 0.7933533402912352
-0.40138430061123775 -0.45769107558654365 0.7933533402912352 -0.40138430061123775 -0.45769107558654365 0.7933533402912352
-0.3705904774487398 -0.48296291314453405 0.7933533402912352 -0.3705904774487398 -0.48296291314453405 0.7933533402912352
-0.33820972896772095 -0.5061666293626244 0.7933533402912352 -0.33820972896772095 -0.5061666293626244 0.7933533402912352
-0.3043807145043606 -0.527202862365669 0.7933533402912352 -0.3043807145043606 -0.527202862365669 0.7933533402912352
-0.2692482950921146 -0.5459815317744082 0.7933533402912352 -0.2692482950921146 -0.5459815317744082 0.7933533402912352
-0.232962913144534 -0.5624222244434798 0.7933533402912352 -0.232962913144534 -0.5624222244434798 0.7933533402912352
-0.19567994823775187 -0.5764545388028534 0.7933533402912352 -0.19567994823775187 -0.5764545388028534 0.7933533402912352
-0.15755905175128299 -0.5880183863281625 0.7933533402912352 -0.15755905175128299 -0.5880183863281625 0.7933533402912352
-0.11876346321630996 -0.5970642488489892 0.7933533402912352 -0.11876346321630996 -0.5970642488489892 0.7933533402912352
-0.07945931129894558 -0.6035533905932737 0.7933533402912352 -0.07945931129894558 -0.6035533905932737 0.7933533402912352
-0.03981490241178372 -0.6074580240598355 0.7933533402912352 -0.03981490241178372 -0.6074580240598355 0.7933533402912352
-1.1182766032198476e-16 -0.6087614290087207 0.7933533402912352 -1.1182766032198476e-16 -0.6087614290087207 0.7933533402912352
0.039814902411783495 -0.6074580240598356 0.7933533402912352 0.039814902411783495 -0.6074580240598356 0.7933533402912352
0.07945931129894537 -0.6035533905932738 0.7933533402912352 0.07945931129894537 -0.6035533905932738 0.7933533402912352
0.11876346321630975 -0.5970642488489893 0.7933533402912352 0.11876346321630975 -0.5970642488489893 0.7933533402912352
0.1575590517512828 -0.5880183863281626 0.7933533402912352 0.1575590517512828 -0.5880183863281626 0.7933533402912352
0.19567994823775167 -0.5764545388028535 0.7933533402912352 0.19567994823775167 -0.5764545388028535 0.7933533402912352
0.2329629131445338 -0.5624222244434799 0.7933533402912352 0.2329629131445338 -0.5624222244434799 0.7933533402912352
0.26924829509211445 -0.5459815317744084 0.7933533402912352 0.26924829509211445 -0.5459815317744084 0.7933533402912352
0.3043807145043604 -0.5272028623656692 0.7933533402912352 0.3043807145043604 -0.5272028623656692 0.7933533402912352
0.3382097289677207 -0.5061666293626245 0.7933533402912352 0.3382097289677207 -0.5061666293626245 0.7933533402912352
0.3705904774487392 -0.4829629131445345 0.7933533402912352 0.3705904774487392 -0.4829629131445345 0.7933533402912352
0.40138430061123775 -0.45769107558654354 0.7933533402912352 0.40138430061123775 -0.45769107558654354 0.7933533402912352
0.4304593345768793 -0.4304593345768795 0.7933533402912352 0.4304593345768793 -0.4304593345768795 0.7933533402912352
0.45769107558654376 -0.40138430061123753 0.7933533402912352 0.45769107558654376 -0.40138430061123753 0.7933533402912352
0.48296291314453405 -0.3705904774487398 0.7933533402912352 0.48296291314453405 -0.3705904774487398 0.7933533402912352
0.5061666293626241 -0.3382097289677214 0.7933533402912352 0.5061666293626241 -0.3382097289677214 0.7933533402912352
0.527202862365669 -0.3043807145043606 0.7933533402912352 0.527202862365669 -0.3043807145043606 0.7933533402912352
0.5459815317744082 -0.2692482950921147 0.7933533402912352 0.5459815317744082 -0.2692482950921147 0.7933533402912352
0.5624222244434798 -0.23296291314453402 0.7933533402912352 0.5624222244434798 -0.23296291314453402 0.7933533402912352
0.5764545388028534 -0.1956799482377519 0.7933533402912352 0.5764545388028534 -0.1956799482377519 0.7933533402912352
0.5880183863281624 -0.15755905175128357 0.7933533402912352 0.5880183863281624 -0.15755905175128357 0.7933533402912352
0.5970642488489892 -0.11876346321631 0.7933533402912352 0.5970642488489892 -0.11876346321631 0.7933533402912352
0.6035533905932737 -0.07945931129894562 0.7933533402912352 0.6035533905932737 -0.07945931129894562 0.7933533402912352
0.6074580240598355 -0.03981490241178376 0.7933533402912352 0.6074580240598355 -0.03981490241178376 0.7933533402912352
0.6593458151000688 0.0 0.7518398074789775 0.6593458151000688 0.0 0.7518398074789775
0.6579341050976341 0.04312327955234382 0.7518398074789775 0.6579341050976341 0.04312327955234382 0.7518398074789775
0.6537050202492898 0.08606189860123817 0.7518398074789775 0.6537050202492898 0.08606189860123817 0.7518398074789775
0.6466766701456176 0.128631987387859 0.7518398074789775 0.6466766701456176 0.128631987387859 0.7518398074789775
0.6368791512607732 0.170651254256543 0.7518398074789775 0.6368791512607732 0.170651254256543 0.7518398074789775
0.6243544180747642 0.21193976625564337 0.7518398074789775 0.6243544180747642 0.21193976625564337 0.7518398074789775
0.6091561034179249 0.2523207196380522 0.7518398074789775 0.6091561034179249 0.2523207196380522 0.7518398074789775
0.5913492888069037 0.29162119696198924 0.7518398074789775 0.5913492888069037 0.29162119696198924 0.7518398074789775
0.571010225755617 0.32967290755003437 0.7518398074789775 0.571010225755617 0.32967290755003437 0.7518398074789775
0.5482260092545599 0.36631290813564477 0.7518398074789775 0.5482260092545599 0.36631290813564477 0.7518398074789775
0.5230942048166868 0.4013843006112376 0.7518398074789775 0.5230942048166868 0.4013843006112376 0.7518398074789775
0.49572243068690525 0.43473690388997416 0.7518398074789775 0.49572243068690525 0.43473690388997416 0.7518398074789775
0.46622789700423023 0.4662278970042302 0.7518398074789775 0.46622789700423023 0.4662278970042302 0.7518398074789775
0.43473690388997416 0.4957224306869052 0.7518398074789775 0.43473690388997416 0.4957224306869052 0.7518398074789775
0.4013843006112376 0.5230942048166868 0.7518398074789775 0.4013843006112376 0.5230942048166868 0.7518398074789775
0.36631290813564493 0.5482260092545599 0.7518398074789775 0.36631290813564493 0.5482260092545599 0.7518398074789775
0.3296729075500345 0.5710102257556169 0.7518398074789775 0.3296729075500345 0.5710102257556169 0.7518398074789775
0.29162119696198924 0.5913492888069037 0.7518398074789775 0.29162119696198924 0.5913492888069037 0.7518398074789775
0.25232071963805225 0.6091561034179249 0.7518398074789775 0.25232071963805225 0.6091561034179249 0.7518398074789775
0.21193976625564345 0.6243544180747641 0.7518398074789775 0.21193976625564345 0.6243544180747641 0.7518398074789775
0.170651254256543 0.6368791512607732 0.7518398074789775 0.170651254256543 0.6368791512607732 0.7518398074789775
0.12863198738785905 0.6466766701456176 0.7518398074789775 0.12863198738785905 0.6466766701456176 0.7518398074789775
0.08606189860123827 0.6537050202492898 0.7518398074789775 0.08606189860123827 0.6537050202492898 0.7518398074789775
0.043123279552343956 0.6579341050976341 0.7518398074789775 0.043123279552343956 0.6579341050976341 0.7518398074789775
4.0373287099675095e-17 0.6593458151000688 0.7518398074789775 4.0373287099675095e-17 0.6593458151000688 0.7518398074789775
-0.04312327955234387 0.6579341050976341 0.7518398074789775 -0.04312327955234387 0.6579341050976341 0.7518398074789775
-0.08606189860123818 0.6537050202492898 0.7518398074789775 -0.08606189860123818 0.6537050202492898 0.7518398074789775
-0.12863198738785894 0.6466766701456176 0.7518398074789775 -0.12863198738785894 0.6466766701456176 0.7518398074789775
-0.17065125425654296 0.6368791512607732 0.7518398074789775 -0.17065125425654296 0.6368791512607732 0.7518398074789775
-0.21193976625564337 0.6243544180747642 0.7518398074789775 -0.21193976625564337 0.6243544180747642 0.7518398074789775
-0.252320719638052 0.609156103417925 0.7518398074789775 -0.252320719638052 0.609156103417925 0.7518398074789775
-0.2916211969619891 0.5913492888069037 0.7518398074789775 -0.2916211969619891 0.5913492888069037 0.7518398074789775
-0.3296729075500343 0.571010225755617 0.7518398074789775 -0.3296729075500343 0.571010225755617 0.7518398074789775
-0.36631290813564493 0.5482260092545599 0.7518398074789775 -0.36631290813564493 0.5482260092545599 0.7518398074789775
-0.4013843006112376 0.5230942048166868 0.7518398074789775 -0.4013843006112376 0.5230942048166868 0.7518398074789775
-0.43473690388997416 0.4957224306869052 0.7518398074789775 -0.43473690388997416 0.4957224306869052 0.7518398074789775
-0.4662278970042302 0.46622789700423023 0.7518398074789775 -0.4662278970042302 0.46622789700423023 0.7518398074789775
-0.4957224306869051 0.43473690388997427 0.7518398074789775 -0.4957224306869051 0.43473690388997427 0.7518398074789775
-0.5230942048166867 0.40138430061123775 0.7518398074789775 -0.5230942048166867 0.40138430061123775 0.7518398074789775
-0.5482260092545598 0.366312908135645 0.7518398074789775 -0.5482260092545598 0.366312908135645 0.7518398074789775
-0.571010225755617 0.32967290755003437 0.7518398074789775 -0.571010225755617 0.32967290755003437 0.7518398074789775
-0.5913492888069036 0.2916211969619895 0.7518398074789775 -0.5913492888069036 0.2916211969619895 0.7518398074789775
-0.6091561034179249 0.25232071963805225 0.7518398074789775 -0.6091561034179249 0.25232071963805225 0.7518398074789775
-0.6243544180747641 0.21193976625564348 0.7518398074789775 -0.6243544180747641 0.21193976625564348 0.7518398074789775
-0.6368791512607732 0.1706512542565432 0.7518398074789775 -0.6368791512607732 0.1706512542565432 0.7518398074789775
-0.6466766701456176 0.12863198738785894 0.7518398074789775 -0.6466766701456176 0.12863198738785894 0.7518398074789775
-0.6537050202492898 0.08606189860123845 0.7518398074789775 -0.6537050202492898 0.08606189860123845 0.7518398074789775
-0.6579341050976341 0.04312327955234385 0.7518398074789775 -0.6579341050976341 0.04312327955234385 0.7518398074789775
-0.6593458151000688 8.074657419935019e-17 0.7518398074789775 -0.6593458151000688 8.074657419935019e-17 0.7518398074789775
-0.6579341050976341 -0.043123279552343685 0.7518398074789775 -0.6579341050976341 -0.043123279552343685 0.7518398074789775
-0.6537050202492898 -0.08606189860123829 0.7518398074789775 -0.6537050202492898 -0.08606189860123829 0.7518398074789775
-0.6466766701456176 -0.12863198738785878 0.7518398074789775 -0.6466766701456176 -0.12863198738785878 0.7518398074789775
-0.6368791512607732 -0.17065125425654307 0.7518398074789775 -0.6368791512607732 -0.17065125425654307 0.7518398074789775
-0.6243544180747642 -0.21193976625564334 0.7518398074789775 -0.6243544180747642 -0.21193976625564334 0.7518398074789775
-0.609156103417925 -0.25232071963805214 0.7518398074789775 -0.609156103417925 -0.25232071963805214 0.7518398074789775
-0.5913492888069036 -0.29162119696198935 0.7518398074789775 -0.5913492888069036 -0.29162119696198935 0.7518398074789775
-0.5710102257556171 -0.32967290755003426 0.7518398074789775 -0.5710102257556171 -0.32967290755003426 0.7518398074789775
-0.5482260092545601 -0.36631290813564465 0.7518398074789775 -0.5482260092545601 -0.36631290813564465 0.7518398074789775
-0.5230942048166868 -0.4013843006112376 0.7518398074789775 -0.5230942048166868 -0.4013843006112376 0.7518398074789775
-0.49572243068690525 -0.43473690388997416 0.7518398074789775 -0.49572243068690525 -0.43473690388997416 0.7518398074789775
-0.46622789700423045 -0.46622789700422995 0.7518398074789775 -0.46622789700423045 -0.46622789700422995 0.7518398074789775
-0.4347369038899743 -0.4957224306869051 0.7518398074789775 -0.4347369038899743 -0.4957224306869051 0.7518398074789775
-0.40138430061123775 -0.5230942048166866 0.7518398074789775 -0.40138430061123775 -0.5230942048166866 0.7518398074789775
-0.36631290813564477 -0.5482260092545599 0.7518398074789775 -0.36631290813564477 -0.5482260092545599 0.7518398074789775
-0.3296729075500347 -0.5710102257556168 0.7518398074789775 -0.3296729075500347 -0.5710102257556168 0.7518398074789775
-0.2916211969619893 -0.5913492888069037 0.7518398074789775 -0.2916211969619893 -0.5913492888069037 0.7518398074789775
-0.252320719638052 -0.609156103417925 0.7518398074789775 -0.252320719638052 -0.609156103417925 0.7518398074789775
-0.2119397662556435 -0.6243544180747641 0.7518398074789775 -0.2119397662556435 -0.6243544180747641 0.7518398074789775
-0.17065125425654296 -0.6368791512607732 0.7518398074789775 -0.17065125425654296 -0.6368791512607732 0.7518398074789775
-0.12863198738785925 -0.6466766701456175 0.7518398074789775 -0.12863198738785925 -0.6466766701456175 0.7518398074789775
-0.08606189860123821 -0.6537050202492898 0.7518398074789775 -0.08606189860123821 -0.6537050202492898 0.7518398074789775
-0.043123279552343595 -0.6579341050976341 0.7518398074789775 -0.043123279552343595 -0.6579341050976341 0.7518398074789775
-1.2111986129902527e-16 -0.6593458151000688 0.7518398074789775 -1.2111986129902527e-16 -0.6593458151000688 0.7518398074789775
0.04312327955234336 -0.6579341050976341 0.7518398074789775 0.04312327955234336 -0.6579341050976341 0.7518398074789775
0.08606189860123797 -0.6537050202492899 0.7518398074789775 0.08606189860123797 -0.6537050202492899 0.7518398074789775
0.12863198738785903 -0.6466766701456176 0.7518398074789775 0.12863198738785903 -0.6466766701456176 0.7518398074789775
0.17065125425654273 -0.6368791512607733 0.7518398074789775 0.17065125425654273 -0.6368791512607733 0.7518398074789775
0.2119397662556433 -0.6243544180747642 0.7518398074789775 0.2119397662556433 -0.6243544180747642 0.7518398074789775
0.2523207196380518 -0.609156103417925 0.7518398074789775 0.2523207196380518 -0.609156103417925 0.7518398074789775
0.29162119696198907 -0.5913492888069039 0.7518398074789775 0.29162119696198907 -0.5913492888069039 0.7518398074789775
0.3296729075500345 -0.5710102257556169 0.7518398074789775 0.3296729075500345 -0.5710102257556169 0.7518398074789775
0.36631290813564454 -0.5482260092545601 0.7518398074789775 0.36631290813564454 -0.5482260092545601 0.7518398074789775
0.4013843006112371 -0.5230942048166871 0.7518398074789775 0.4013843006112371 -0.5230942048166871 0.7518398074789775
0.4347369038899743 -0.495722430686905 0.7518398074789775 0.4347369038899743 -0.495722430686905 0.7518398074789775
0.46622789700423006 -0.4662278970042303 0.7518398074789775 0.46622789700423006 -0.4662278970042303 0.7518398074789775
0.49572243068690525 -0.4347369038899741 0.7518398074789775 0.49572243068690525 -0.4347369038899741 0.7518398074789775
0.5230942048166866 -0.40138430061123775 0.7518398074789775 0.5230942048166866 -0.40138430061123775 0.7518398074789775
0.5482260092545597 -0.36631290813564527 0.7518398074789775 0.5482260092545597 -0.36631290813564527 0.7518398074789775
0.5710102257556168 -0.3296729075500347 0.7518398074789775 0.5710102257556168 -0.3296729075500347 0.7518398074789775
0.5913492888069037 -0.29162119696198935 0.7518398074789775 0.5913492888069037 -0.29162119696198935 0.7518398074789775
0.609156103417925 -0.252320719638052 0.7518398074789775 0.609156103417925 -0.252320719638052 0.7518398074789775
0.6243544180747641 -0.21193976625564356 0.7518398074789775 0.6243544180747641 -0.21193976625564356 0.7518398074789775
0.6368791512607731 -0.17065125425654357 0.7518398074789775 0.6368791512607731 -0.17065125425654357 0.7518398074789775
0.6466766701456175 -0.1286319873878593 0.7518398074789775 0.6466766701456175 -0.1286319873878593 0.7518398074789775
0.6537050202492898 -0.08606189860123824 0.7518398074789775 0.6537050202492898 -0.08606189860123824 0.7518398074789775
0.6579341050976341 -0.043123279552343644 0.7518398074789775 0.6579341050976341 -0.043123279552343644 0.7518398074789775
0.7071067811865475 0.0 0.7071067811865476 0.7071067811865475 0.0 0.7071067811865476
0.705592811289523 0.046246996189454256 0.7071067811865476 0.705592811289523 0.046246996189454256 0.7071067811865476
0.7010573846499778 0.09229595564125724 0.7071067811865476 0.7010573846499778 0.09229595564125724 0.7071067811865476
0.6935199226610737 0.13794968964147147 0.7071067811865476 0.6935199226610737 0.13794968964147147 0.7071067811865476
0.6830127018922193 0.1830127018922193 0.7071067811865476 0.6830127018922193 0.1830127018922193 0.7071067811865476
0.6695807158758448 0.2272920256568435 0.7071067811865476 0.6695807158758448 0.2272920256568435 0.7071067811865476
0.6532814824381882 0.27059805007309845 0.7071067811865476 0.6532814824381882 0.27059805007309845 0.7071067811865476
0.6341847973991336 0.312745332095972 0.7071067811865476 0.6341847973991336 0.312745332095972 0.7071067811865476
0.6123724356957945 0.3535533905932737 0.7071067811865476 0.6123724356957945 0.3535533905932737 0.7071067811865476
0.5879378012096793 0.392847479193551 0.7071067811865476 0.5879378012096793 0.392847479193551 0.7071067811865476
0.5609855267969309 0.4304593345768794 0.7071067811865476 0.5609855267969309 0.4304593345768794 0.7071067811865476
0.5316310262343733 0.4662278970042302 0.7071067811865476 0.5316310262343733 0.4662278970042302 0.7071067811865476
0.5 0.4999999999999999 0.7071067811865476 0.5 0.4999999999999999 0.7071067811865476
0.4662278970042302 0.5316310262343732 0.7071067811865476 0.4662278970042302 0.5316310262343732 0.7071067811865476
0.4304593345768794 0.5609855267969309 0.7071067811865476 0.4304593345768794 0.5609855267969309 0.7071067811865476
0.3928474791935512 0.5879378012096792 0.7071067811865476 0.3928474791935512 0.5879378012096792 0.7071067811865476
0.3535533905932738 0.6123724356957945 0.7071067811865476 0.3535533905932738 0.6123724356957945 0.7071067811865476
0.312745332095972 0.6341847973991336 0.7071067811865476 0.312745332095972 0.6341847973991336 0.7071067811865476
0.2705980500730985 0.6532814824381882 0.7071067811865476 0.2705980500730985 0.6532814824381882 0.7071067811865476
0.22729202565684356 0.6695807158758447 0.7071067811865476 0.22729202565684356 0.6695807158758447 0.7071067811865476
0.1830127018922193 0.6830127018922193 0.7071067811865476 0.1830127018922193 0.6830127018922193 0.7071067811865476
0.13794968964147153 0.6935199226610737 0.7071067811865476 0.13794968964147153 0.6935199226610737 0.7071067811865476
0.09229595564125734 0.7010573846499778 0.7071067811865476 0.09229595564125734 0.7010573846499778 0.7071067811865476
0.0462469961894544 0.705592811289523 0.7071067811865476 0.0462469961894544 0.705592811289523 0.7071067811865476
4.329780281177466e-17 0.7071067811865475 0.7071067811865476 4.329780281177466e-17 0.7071067811865475 0.7071067811865476
-0.04624699618945431 0.705592811289523 0.7071067811865476 -0.04624699618945431 0.705592811289523 0.7071067811865476
-0.09229595564125725 0.7010573846499778 0.7071067811865476 -0.09229595564125725 0.7010573846499778 0.7071067811865476
-0.13794968964147145 0.6935199226610737 0.7071067811865476 -0.13794968964147145 0.6935199226610737 0.7071067811865476
-0.18301270189221922 0.6830127018922193 0.7071067811865476 -0.18301270189221922 0.6830127018922193 0.7071067811865476
-0.2272920256568435 0.6695807158758448 0.7071067811865476 -0.2272920256568435 0.6695807158758448 0.7071067811865476
-0.2705980500730983 0.6532814824381883 0.7071067811865476 -0.2705980500730983 0.6532814824381883 0.7071067811865476
-0.3127453320959719 0.6341847973991336 0.7071067811865476 -0.3127453320959719 0.6341847973991336 0.7071067811865476
-0.3535533905932736 0.6123724356957945 0.7071067811865476 -0.3535533905932736 0.6123724356957945 0.7071067811865476
-0.3928474791935512 0.5879378012096792 0.7071067811865476 -0.3928474791935512 0.5879378012096792 0.7071067811865476
-0.4304593345768794 0.5609855267969309 0.7071067811865476 -0.4304593345768794 0.5609855267969309 0.7071067811865476
-0.4662278970042302 0.5316310262343732 0.7071067811865476 -0.4662278970042302 0.5316310262343732 0.7071067811865476
-0.4999999999999999 0.5 0.7071067811865476 -0.4999999999999999 0.5 0.7071067811865476
-0.5316310262343732 0.46622789700423023 0.7071067811865476 -0.5316310262343732 0.46622789700423023 0.7071067811865476
-0.5609855267969309 0.4304593345768795 0.7071067811865476 -0.5609855267969309 0.4304593345768795 0.7071067811865476
-0.5879378012096792 0.3928474791935513 0.7071067811865476 -0.5879378012096792 0.3928474791935513 0.7071067811865476
-0.6123724356957945 0.3535533905932737 0.7071067811865476 -0.6123724356957945 0.3535533905932737 0.7071067811865476
-0.6341847973991335 0.31274533209597233 0.7071067811865476 -0.6341847973991335 0.31274533209597233 0.7071067811865476
-0.6532814824381882 0.27059805007309856 0.7071067811865476 -0.6532814824381882 0.27059805007309856 0.7071067811865476
-0.6695807158758447 0.22729202565684362 0.7071067811865476 -0.6695807158758447 0.22729202565684362 0.7071067811865476
-0.6830127018922192 0.1830127018922195 0.7071067811865476 -0.6830127018922192 0.1830127018922195 0.7071067811865476
-0.6935199226610737 0.13794968964147142 0.7071067811865476 -0.6935199226610737 0.13794968964147142 0.7071067811865476
-0.7010573846499778 0.09229595564125753 0.7071067811865476 -0.7010573846499778 0.09229595564125753 0.7071067811865476
-0.705592811289523 0.0462469961894543 0.7071067811865476 -0.705592811289523 0.0462469961894543 0.7071067811865476
-0.7071067811865475 8.659560562354932e-17 0.7071067811865476 -0.7071067811865475 8.659560562354932e-17 0.7071067811865476
-0.705592811289523 -0.04624699618945412 0.7071067811865476 -0.705592811289523 -0.04624699618945412 0.7071067811865476
-0.7010573846499778 -0.09229595564125738 0.7071067811865476 -0.7010573846499778 -0.09229595564125738 0.7071067811865476
-0.6935199226610738 -0.13794968964147125 0.7071067811865476 -0.6935199226610738 -0.13794968964147125 0.7071067811865476
-0.6830127018922193 -0.18301270189221933 0.7071067811865476 -0.6830127018922193 -0.18301270189221933 0.7071067811865476
-0.6695807158758448 -0.22729202565684345 0.7071067811865476 -0.6695807158758448 -0.22729202565684345 0.7071067811865476
-0.6532814824381883 -0.2705980500730984 0.7071067811865476 -0.6532814824381883 -0.2705980500730984 0.7071067811865476
-0.6341847973991335 -0.31274533209597216 0.7071067811865476 -0.6341847973991335 -0.31274533209597216 0.7071067811865476
-0.6123724356957946 -0.35355339059327356 0.7071067811865476 -0.6123724356957946 -0.35355339059327356 0.7071067811865476
-0.5879378012096794 -0.39284747919355084 0.7071067811865476 -0.5879378012096794 -0.39284747919355084 0.7071067811865476
-0.5609855267969309 -0.4304593345768794 0.7071067811865476 -0.5609855267969309 -0.4304593345768794 0.7071067811865476
-0.5316310262343733 -0.4662278970042302 0.7071067811865476 -0.5316310262343733 -0.4662278970042302 0.7071067811865476
-0.5000000000000002 -0.49999999999999967 0.7071067811865476 -0.5000000000000002 -0.49999999999999967 0.7071067811865476
-0.46622789700423034 -0.5316310262343732 0.7071067811865476 -0.46622789700423034 -0.5316310262343732 0.7071067811865476
-0.4304593345768795 -0.5609855267969308 0.7071067811865476 -0.4304593345768795 -0.5609855267969308 0.7071067811865476
-0.392847479193551 -0.5879378012096793 0.7071067811865476 -0.392847479193551 -0.5879378012096793 0.7071067811865476
-0.35355339059327406 -0.6123724356957942 0.7071067811865476 -0.35355339059327406 -0.6123724356957942 0.7071067811865476
-0.31274533209597205 -0.6341847973991336 0.7071067811865476 -0.31274533209597205 -0.6341847973991336 0.7071067811865476
-0.2705980500730983 -0.6532814824381883 0.7071067811865476 -0.2705980500730983 -0.6532814824381883 0.7071067811865476
-0.22729202565684364 -0.6695807158758447 0.7071067811865476 -0.22729202565684364 -0.6695807158758447 0.7071067811865476
-0.18301270189221922 -0.6830127018922193 0.7071067811865476 -0.18301270189221922 -0.6830127018922193 0.7071067811865476
-0.13794968964147178 -0.6935199226610735 0.7071067811865476 -0.13794968964147178 -0.6935199226610735 0.7071067811865476
-0.09229595564125728 -0.7010573846499778 0.7071067811865476 -0.09229595564125728 -0.7010573846499778 0.7071067811865476
-0.04624699618945402 -0.705592811289523 0.7071067811865476 -0.04624699618945402 -0.705592811289523 0.7071067811865476
-1.2989340843532398e-16 -0.7071067811865475 0.7071067811865476 -1.2989340843532398e-16 -0.7071067811865475 0.7071067811865476
0.046246996189453764 -0.7055928112895231 0.7071067811865476 0.046246996189453764 -0.7055928112895231 0.7071067811865476
0.09229595564125703 -0.7010573846499779 0.7071067811865476 0.09229595564125703 -0.7010573846499779 0.7071067811865476
0.13794968964147153 -0.6935199226610737 0.7071067811865476 0.13794968964147153 -0.6935199226610737 0.7071067811865476
0.18301270189221897 -0.6830127018922194 0.7071067811865476 0.18301270189221897 -0.6830127018922194 0.7071067811865476
0.22729202565684342 -0.6695807158758448 0.7071067811865476 0.22729202565684342 -0.6695807158758448 0.7071067811865476
0.27059805007309806 -0.6532814824381884 0.7071067811865476 0.27059805007309806 -0.6532814824381884 0.7071067811865476
0.31274533209597183 -0.6341847973991337 0.7071067811865476 0.31274533209597183 -0.6341847973991337 0.7071067811865476
0.3535533905932738 -0.6123724356957945 0.7071067811865476 0.3535533905932738 -0.6123724356957945 0.7071067811865476
0.3928474791935508 -0.5879378012096794 0.7071067811865476 0.3928474791935508 -0.5879378012096794 0.7071067811865476
0.43045933457687885 -0.5609855267969314 0.7071067811865476 0.43045933457687885 -0.5609855267969314 0.7071067811865476
0.46622789700423034 -0.5316310262343731 0.7071067811865476 0.46622789700423034 -0.5316310262343731 0.7071067811865476
0.49999999999999983 -0.5000000000000001 0.7071067811865476 0.49999999999999983 -0.5000000000000001 0.7071067811865476
0.5316310262343733 -0.46622789700423006 0.7071067811865476 0.5316310262343733 -0.46622789700423006 0.7071067811865476
0.5609855267969308 -0.4304593345768795 0.7071067811865476 0.5609855267969308 -0.4304593345768795 0.7071067811865476
0.587937801209679 -0.39284747919355156 0.7071067811865476 0.587937801209679 -0.39284747919355156 0.7071067811865476
0.6123724356957942 -0.35355339059327406 0.7071067811865476 0.6123724356957942 -0.35355339059327406 0.7071067811865476
0.6341847973991336 -0.3127453320959721 0.7071067811865476 0.6341847973991336 -0.3127453320959721 0.7071067811865476
0.6532814824381883 -0.27059805007309834 0.7071067811865476 0.6532814824381883 -0.27059805007309834 0.7071067811865476
0.6695807158758447 -0.2272920256568437 0.7071067811865476 0.6695807158758447 -0.2272920256568437 0.7071067811865476
0.6830127018922191 -0.18301270189221988 0.7071067811865476 0.6830127018922191 -0.18301270189221988 0.7071067811865476
0.6935199226610735 -0.1379496896414718 0.7071067811865476 0.6935199226610735 -0.1379496896414718 0.7071067811865476
0.7010573846499778 -0.09229595564125732 0.7071067811865476 0.7010573846499778 -0.09229595564125732 0.7071067811865476
0.705592811289523 -0.04624699618945407 0.7071067811865476 0.705592811289523 -0.04624699618945407 0.7071067811865476
0.7518398074789774 0.0 0.6593458151000688 0.7518398074789774 0.0 0.6593458151000688
0.7502300607388913 0.04917267608891344 0.6593458151000688 0.7502300607388913 0.04917267608891344 0.6593458151000688
0.745407713701307 0.09813478722968758 0.6593458151000688 0.745407713701307 0.09813478722968758 0.6593458151000688
0.7373934163965796 0.14667667014561755 0.6593458151000688 0.7373934163965796 0.14667667014561755 0.6593458151000688
0.7262214872761452 0.19459046104177197 0.6593458151000688 0.7262214872761452 0.19459046104177197 0.6593458151000688
0.7119397662556434 0.24167098570967444 0.6593458151000688 0.7119397662556434 0.24167098570967444 0.6593458151000688
0.6946094098570534 0.2877166381147634 0.6593458151000688 0.6946094098570534 0.2877166381147634 0.6593458151000688
0.674304629327079 0.33253024370438294 0.6593458151000688 0.674304629327079 0.33253024370438294 0.6593458151000688
0.651112372853196 0.37591990373948864 0.6593458151000688 0.651112372853196 0.37591990373948864 0.6593458151000688
0.6251319532381656 0.4176998170345083 0.6593458151000688 0.6251319532381656 0.4176998170345083 0.6593458151000688
0.5964746226273658 0.4576910755865437 0.6593458151000688 0.5964746226273658 0.4576910755865437 0.6593458151000688
0.5652630961100259 0.4957224306869052 0.6593458151000688 0.5652630961100259 0.4957224306869052 0.6593458151000688
0.5316310262343733 0.5316310262343732 0.6593458151000688 0.5316310262343733 0.5316310262343732 0.6593458151000688
0.4957224306869052 0.5652630961100258 0.6593458151000688 0.4957224306869052 0.5652630961100258 0.6593458151000688
0.4576910755865437 0.5964746226273658 0.6593458151000688 0.4576910755865437 0.5964746226273658 0.6593458151000688
0.4176998170345085 0.6251319532381655 0.6593458151000688 0.4176998170345085 0.6251319532381655 0.6593458151000688
0.3759199037394888 0.651112372853196 0.6593458151000688 0.3759199037394888 0.651112372853196 0.6593458151000688
0.33253024370438294 0.674304629327079 0.6593458151000688 0.33253024370438294 0.674304629327079 0.6593458151000688
0.2877166381147634 0.6946094098570534 0.6593458151000688 0.2877166381147634 0.6946094098570534 0.6593458151000688
0.24167098570967452 0.7119397662556433 0.6593458151000688 0.24167098570967452 0.7119397662556433 0.6593458151000688
0.19459046104177197 0.7262214872761452 0.6593458151000688 0.19459046104177197 0.7262214872761452 0.6593458151000688
0.14667667014561764 0.7373934163965796 0.6593458151000688 0.14667667014561764 0.7373934163965796 0.6593458151000688
0.09813478722968767 0.745407713701307 0.6593458151000688 0.09813478722968767 0.745407713701307 0.6593458151000688
0.0491726760889136 0.7502300607388913 0.6593458151000688 0.0491726760889136 0.7502300607388913 0.6593458151000688
4.6036910685034595e-17 0.7518398074789774 0.6593458151000688 4.6036910685034595e-17 0.7518398074789774 0.6593458151000688
-0.0491726760889135 0.7502300607388913 0.6593458151000688 -0.0491726760889135 0.7502300607388913 0.6593458151000688
-0.09813478722968759 0.745407713701307 0.6593458151000688 -0.09813478722968759 0.745407713701307 0.6593458151000688
-0.14667667014561753 0.7373934163965796 0.6593458151000688 -0.14667667014561753 0.7373934163965796 0.6593458151000688
-0.19459046104177188 0.7262214872761452 0.6593458151000688 -0.19459046104177188 0.7262214872761452 0.6593458151000688
-0.24167098570967444 0.7119397662556434 0.6593458151000688 -0.24167098570967444 0.7119397662556434 0.6593458151000688
-0.28771663811476317 0.6946094098570536 0.6593458151000688 -0.28771663811476317 0.6946094098570536 0.6593458151000688
-0.3325302437043829 0.674304629327079 0.6593458151000688 -0.3325302437043829 0.674304629327079 0.6593458151000688
-0.3759199037394886 0.651112372853196 0.6593458151000688 -0.3759199037394886 0.651112372853196 0.6593458151000688
-0.4176998170345085 0.6251319532381655 0.6593458151000688 -0.4176998170345085 0.6251319532381655 0.6593458151000688
-0.4576910755865437 0.5964746226273658 0.6593458151000688 -0.4576910755865437 0.5964746226273658 0.6593458151000688
-0.4957224306869052 0.5652630961100258 0.6593458151000688 -0.4957224306869052 0.5652630961100258 0.6593458151000688
-0.5316310262343732 0.5316310262343733 0.6593458151000688 -0.5316310262343732 0.5316310262343733 0.6593458151000688
-0.5652630961100257 0.49572243068690525 0.6593458151000688 -0.5652630961100257 0.49572243068690525 0.6593458151000688
-0.5964746226273658 0.45769107558654387 0.6593458151000688 -0.5964746226273658 0.45769107558654387 0.6593458151000688
-0.6251319532381654 0.41769981703450854 0.6593458151000688 -0.6251319532381654 0.41769981703450854 0.6593458151000688
-0.651112372853196 0.37591990373948864 0.6593458151000688 -0.651112372853196 0.37591990373948864 0.6593458151000688
-0.6743046293270789 0.3325302437043833 0.6593458151000688 -0.6743046293270789 0.3325302437043833 0.6593458151000688
-0.6946094098570534 0.28771663811476345 0.6593458151000688 -0.6946094098570534 0.28771663811476345 0.6593458151000688
-0.7119397662556433 0.24167098570967457 0.6593458151000688 -0.7119397662556433 0.24167098570967457 0.6593458151000688
-0.7262214872761452 0.19459046104177216 0.6593458151000688 -0.7262214872761452 0.19459046104177216 0.6593458151000688
-0.7373934163965796 0.1466766701456175 0.6593458151000688 -0.7373934163965796 0.1466766701456175 0.6593458151000688
-0.745407713701307 0.09813478722968788 0.6593458151000688 -0.745407713701307 0.09813478722968788 0.6593458151000688
-0.7502300607388913 0.04917267608891348 0.6593458151000688 -0.7502300607388913 0.04917267608891348 0.6593458151000688
-0.7518398074789774 9.207382137006919e-17 0.6593458151000688 -0.7518398074789774 9.207382137006919e-17 0.6593458151000688
-0.7502300607388913 -0.04917267608891329 0.6593458151000688 -0.7502300607388913 -0.04917267608891329 0.6593458151000688
-0.745407713701307 -0.09813478722968771 0.6593458151000688 -0.745407713701307 -0.09813478722968771 0.6593458151000688
-0.7373934163965797 -0.1466766701456173 0.6593458151000688 -0.7373934163965797 -0.1466766701456173 0.6593458151000688
-0.7262214872761452 -0.194590461041772 0.6593458151000688 -0.7262214872761452 -0.194590461041772 0.6593458151000688
-0.7119397662556434 -0.2416709857096744 0.6593458151000688 -0.7119397662556434 -0.2416709857096744 0.6593458151000688
-0.6946094098570536 -0.2877166381147633 0.6593458151000688 -0.6946094098570536 -0.2877166381147633 0.6593458151000688
-0.6743046293270789 -0.3325302437043831 0.6593458151000688 -0.6743046293270789 -0.3325302437043831 0.6593458151000688
-0.6511123728531961 -0.3759199037394885 0.6593458151000688 -0.6511123728531961 -0.3759199037394885 0.6593458151000688
-0.6251319532381657 -0.41769981703450815 0.6593458151000688 -0.6251319532381657 -0.41769981703450815 0.6593458151000688
-0.5964746226273658 -0.4576910755865437 0.6593458151000688 -0.5964746226273658 -0.4576910755865437 0.6593458151000688
-0.5652630961100259 -0.4957224306869052 0.6593458151000688 -0.5652630961100259 -0.4957224306869052 0.6593458151000688
-0.5316310262343735 -0.531631026234373 0.6593458151000688 -0.5316310262343735 -0.531631026234373 0.6593458151000688
-0.49572243068690536 -0.5652630961100257 0.6593458151000688 -0.49572243068690536 -0.5652630961100257 0.6593458151000688
-0.45769107558654387 -0.5964746226273657 0.6593458151000688 -0.45769107558654387 -0.5964746226273657 0.6593458151000688
-0.4176998170345083 -0.6251319532381656 0.6593458151000688 -0.4176998170345083 -0.6251319532381656 0.6593458151000688
-0.375919903739489 -0.6511123728531958 0.6593458151000688 -0.375919903739489 -0.6511123728531958 0.6593458151000688
-0.33253024370438306 -0.674304629327079 0.6593458151000688 -0.33253024370438306 -0.674304629327079 0.6593458151000688
-0.28771663811476317 -0.6946094098570536 0.6593458151000688 -0.28771663811476317 -0.6946094098570536 0.6593458151000688
-0.2416709857096746 -0.7119397662556433 0.6593458151000688 -0.2416709857096746 -0.7119397662556433 0.6593458151000688
-0.19459046104177188 -0.7262214872761452 0.6593458151000688 -0.19459046104177188 -0.7262214872761452 0.6593458151000688
-0.1466766701456179 -0.7373934163965795 0.6593458151000688 -0.1466766701456179 -0.7373934163965795 0.6593458151000688
-0.09813478722968762 -0.745407713701307 0.6593458151000688 -0.09813478722968762 -0.745407713701307 0.6593458151000688
-0.04917267608891319 -0.7502300607388913 0.6593458151000688 -0.04917267608891319 -0.7502300607388913 0.6593458151000688
-1.3811073205510378e-16 -0.7518398074789774 0.6593458151000688 -1.3811073205510378e-16 -0.7518398074789774 0.6593458151000688
0.04917267608891292 -0.7502300607388914 0.6593458151000688 0.04917267608891292 -0.7502300607388914 0.6593458151000688
0.09813478722968734 -0.7454077137013071 0.6593458151000688 0.09813478722968734 -0.7454077137013071 0.6593458151000688
0.1466766701456176 -0.7373934163965796 0.6593458151000688 0.1466766701456176 -0.7373934163965796 0.6593458151000688
0.19459046104177163 -0.7262214872761453 0.6593458151000688 0.19459046104177163 -0.7262214872761453 0.6593458151000688
0.24167098570967435 -0.7119397662556434 0.6593458151000688 0.24167098570967435 -0.7119397662556434 0.6593458151000688
0.2877166381147629 -0.6946094098570537 0.6593458151000688 0.2877166381147629 -0.6946094098570537 0.6593458151000688
0.3325302437043828 -0.6743046293270791 0.6593458151000688 0.3325302437043828 -0.6743046293270791 0.6593458151000688
0.3759199037394888 -0.651112372853196 0.6593458151000688 0.3759199037394888 -0.651112372853196 0.6593458151000688
0.41769981703450804 -0.6251319532381657 0.6593458151000688 0.41769981703450804 -0.6251319532381657 0.6593458151000688
0.4576910755865431 -0.5964746226273663 0.6593458151000688 0.4576910755865431 -0.5964746226273663 0.6593458151000688
0.49572243068690536 -0.5652630961100256 0.6593458151000688 0.49572243068690536 -0.5652630961100256 0.6593458151000688
0.5316310262343732 -0.5316310262343734 0.6593458151000688 0.5316310262343732 -0.5316310262343734 0.6593458151000688
0.5652630961100259 -0.4957224306869051 0.6593458151000688 0.5652630961100259 -0.4957224306869051 0.6593458151000688
0.5964746226273657 -0.45769107558654387 0.6593458151000688 0.5964746226273657 -0.45769107558654387 0.6593458151000688
0.6251319532381653 -0.41769981703450887 0.6593458151000688 0.6251319532381653 -0.41769981703450887 0.6593458151000688
0.6511123728531958 -0.375919903739489 0.6593458151000688 0.6511123728531958 -0.375919903739489 0.6593458151000688
0.674304629327079 -0.3325302437043831 0.6593458151000688 0.674304629327079 -0.3325302437043831 0.6593458151000688
0.6946094098570536 -0.2877166381147632 0.6593458151000688 0.6946094098570536 -0.2877166381147632 0.6593458151000688
0.7119397662556433 -0.24167098570967466 0.6593458151000688 0.7119397662556433 -0.24167098570967466 0.6593458151000688
0.7262214872761451 -0.19459046104177258 0.6593458151000688 0.7262214872761451 -0.19459046104177258 0.6593458151000688
0.7373934163965795 -0.14667667014561792 0.6593458151000688 0.7373934163965795 -0.14667667014561792 0.6593458151000688
0.745407713701307 -0.09813478722968766 0.6593458151000688 0.745407713701307 -0.09813478722968766 0.6593458151000688
0.7502300607388913 -0.049172676088913236 0.6593458151000688 0.7502300607388913 -0.049172676088913236 0.6593458151000688
0.7933533402912352 0.0 0.6087614290087207 0.7933533402912352 0.0 0.6087614290087207
0.7916547098907613 0.05188779104023332 0.6087614290087207 0.7916547098907613 0.05188779104023332 0.6087614290087207
0.786566092485493 0.10355339059327374 0.6087614290087207 0.786566092485493 0.10355339059327374 0.6087614290087207
0.7781092783163785 0.15477555862998804 0.6087614290087207 0.7781092783163785 0.15477555862998804 0.6087614290087207
0.7663204807600037 0.2053349539630727 0.6087614290087207 0.7663204807600037 0.2053349539630727 0.6087614290087207
0.751250181257354 0.2550150734996918 0.6087614290087207 0.751250181257354 0.2550150734996918 0.6087614290087207
0.7329629131445341 0.30360317934095893 0.6087614290087207 0.7329629131445341 0.30360317934095893 0.6087614290087207
0.7115369853111159 0.35089120975828 0.6087614290087207 0.7115369853111159 0.35089120975828 0.6087614290087207
0.6870641468694502 0.3966766701456175 0.6087614290087207 0.6870641468694502 0.3966766701456175 0.6087614290087207
0.6596491942708825 0.4407635001324813 0.6087614290087207 0.6596491942708825 0.4407635001324813 0.6087614290087207
0.6294095225512604 0.48296291314453416 0.6087614290087207 0.6294095225512604 0.48296291314453416 0.6087614290087207
0.596474622627366 0.5230942048166868 0.6087614290087207 0.596474622627366 0.5230942048166868 0.6087614290087207
0.560985526796931 0.5609855267969309 0.6087614290087207 0.560985526796931 0.5609855267969309 0.6087614290087207
0.5230942048166868 0.5964746226273658 0.6087614290087207 0.5230942048166868 0.5964746226273658 0.6087614290087207
0.48296291314453416 0.6294095225512604 0.6087614290087207 0.48296291314453416 0.6294095225512604 0.6087614290087207
0.44076350013248144 0.6596491942708824 0.6087614290087207 0.44076350013248144 0.6596491942708824 0.6087614290087207
0.3966766701456177 0.68706414686945 0.6087614290087207 0.3966766701456177 0.68706414686945 0.6087614290087207
0.35089120975828 0.7115369853111159 0.6087614290087207 0.35089120975828 0.7115369853111159 0.6087614290087207
0.303603179340959 0.7329629131445341 0.6087614290087207 0.303603179340959 0.7329629131445341 0.6087614290087207
0.25501507349969194 0.7512501812573539 0.6087614290087207 0.25501507349969194 0.7512501812573539 0.6087614290087207
0.2053349539630727 0.7663204807600037 0.6087614290087207 0.2053349539630727 0.7663204807600037 0.6087614290087207
0.1547755586299881 0.7781092783163785 0.6087614290087207 0.1547755586299881 0.7781092783163785 0.6087614290087207
0.10355339059327386 0.786566092485493 0.6087614290087207 0.10355339059327386 0.786566092485493 0.6087614290087207
0.051887791040233486 0.7916547098907613 0.6087614290087207 0.051887791040233486 0.7916547098907613 0.6087614290087207
4.85788814390261e-17 0.7933533402912352 0.6087614290087207 4.85788814390261e-17 0.7933533402912352 0.6087614290087207
-0.05188779104023338 0.7916547098907613 0.6087614290087207 -0.05188779104023338 0.7916547098907613 0.6087614290087207
-0.10355339059327377 0.786566092485493 0.6087614290087207 -0.10355339059327377 0.786566092485493 0.6087614290087207
-0.15477555862998799 0.7781092783163785 0.6087614290087207 -0.15477555862998799 0.7781092783163785 0.6087614290087207
-0.20533495396307258 0.7663204807600037 0.6087614290087207 -0.20533495396307258 0.7663204807600037 0.6087614290087207
-0.2550150734996918 0.751250181257354 0.6087614290087207 -0.2550150734996918 0.751250181257354 0.6087614290087207
-0.3036031793409587 0.7329629131445342 0.6087614290087207 -0.3036031793409587 0.7329629131445342 0.6087614290087207
-0.3508912097582799 0.7115369853111159 0.6087614290087207 -0.3508912097582799 0.7115369853111159 0.6087614290087207
-0.39667667014561747 0.6870641468694502 0.6087614290087207 -0.39667667014561747 0.6870641468694502 0.6087614290087207
-0.44076350013248144 0.6596491942708824 0.6087614290087207 -0.44076350013248144 0.6596491942708824 0.6087614290087207
-0.48296291314453416 0.6294095225512604 0.6087614290087207 -0.48296291314453416 0.6294095225512604 0.6087614290087207
-0.5230942048166868 0.5964746226273658 0.6087614290087207 -0.5230942048166868 0.5964746226273658 0.6087614290087207
-0.5609855267969309 0.560985526796931 0.6087614290087207 -0.5609855267969309 0.560985526796931 0.6087614290087207
-0.5964746226273658 0.5230942048166868 0.6087614290087207 -0.5964746226273658 0.5230942048166868 0.6087614290087207
-0.6294095225512603 0.4829629131445343 0.6087614290087207 -0.6294095225512603 0.4829629131445343 0.6087614290087207
-0.6596491942708824 0.4407635001324815 0.6087614290087207 -0.6596491942708824 0.4407635001324815 0.6087614290087207
-0.6870641468694502 0.3966766701456175 0.6087614290087207 -0.6870641468694502 0.3966766701456175 0.6087614290087207
-0.7115369853111158 0.35089120975828036 0.6087614290087207 -0.7115369853111158 0.35089120975828036 0.6087614290087207
-0.7329629131445341 0.30360317934095904 0.6087614290087207 -0.7329629131445341 0.30360317934095904 0.6087614290087207
-0.7512501812573539 0.255015073499692 0.6087614290087207 -0.7512501812573539 0.255015073499692 0.6087614290087207
-0.7663204807600036 0.20533495396307289 0.6087614290087207 -0.7663204807600036 0.20533495396307289 0.6087614290087207
-0.7781092783163785 0.15477555862998799 0.6087614290087207 -0.7781092783163785 0.15477555862998799 0.6087614290087207
-0.786566092485493 0.10355339059327408 0.6087614290087207 -0.786566092485493 0.10355339059327408 0.6087614290087207
-0.7916547098907613 0.05188779104023336 0.6087614290087207 -0.7916547098907613 0.05188779104023336 0.6087614290087207
-0.7933533402912352 9.71577628780522e-17 0.6087614290087207 -0.7933533402912352 9.71577628780522e-17 0.6087614290087207
-0.7916547098907613 -0.05188779104023317 0.6087614290087207 -0.7916547098907613 -0.05188779104023317 0.6087614290087207
-0.786566092485493 -0.1035533905932739 0.6087614290087207 -0.786566092485493 -0.1035533905932739 0.6087614290087207
-0.7781092783163787 -0.15477555862998776 0.6087614290087207 -0.7781092783163787 -0.15477555862998776 0.6087614290087207
-0.7663204807600037 -0.20533495396307272 0.6087614290087207 -0.7663204807600037 -0.20533495396307272 0.6087614290087207
-0.751250181257354 -0.25501507349969177 0.6087614290087207 -0.751250181257354 -0.25501507349969177 0.6087614290087207
-0.7329629131445342 -0.3036031793409589 0.6087614290087207 -0.7329629131445342 -0.3036031793409589 0.6087614290087207
-0.7115369853111158 -0.35089120975828014 0.6087614290087207 -0.7115369853111158 -0.35089120975828014 0.6087614290087207
-0.6870641468694503 -0.3966766701456174 0.6087614290087207 -0.6870641468694503 -0.3966766701456174 0.6087614290087207
-0.6596491942708828 -0.4407635001324811 0.6087614290087207 -0.6596491942708828 -0.4407635001324811 0.6087614290087207
-0.6294095225512604 -0.48296291314453416 0.6087614290087207 -0.6294095225512604 -0.48296291314453416 0.6087614290087207
-0.596474622627366 -0.5230942048166868 0.6087614290087207 -0.596474622627366 -0.5230942048166868 0.6087614290087207
-0.5609855267969313 -0.5609855267969307 0.6087614290087207 -0.5609855267969313 -0.5609855267969307 0.6087614290087207
-0.5230942048166869 -0.5964746226273658 0.6087614290087207 -0.5230942048166869 -0.5964746226273658 0.6087614290087207
-0.4829629131445343 -0.6294095225512603 0.6087614290087207 -0.4829629131445343 -0.6294095225512603 0.6087614290087207
-0.4407635001324813 -0.6596491942708825 0.6087614290087207 -0.4407635001324813 -0.6596491942708825 0.6087614290087207
-0.3966766701456179 -0.6870641468694498 0.6087614290087207 -0.3966766701456179 -0.6870641468694498 0.6087614290087207
-0.3508912097582801 -0.7115369853111159 0.6087614290087207 -0.3508912097582801 -0.7115369853111159 0.6087614290087207
-0.3036031793409587 -0.7329629131445342 0.6087614290087207 -0.3036031793409587 -0.7329629131445342 0.6087614290087207
-0.255015073499692 -0.7512501812573539 0.6087614290087207 -0.255015073499692 -0.7512501812573539 0.6087614290087207
-0.20533495396307258 -0.7663204807600037 0.6087614290087207 -0.20533495396307258 -0.7663204807600037 0.6087614290087207
-0.15477555862998837 -0.7781092783163784 0.6087614290087207 -0.15477555862998837 -0.7781092783163784 0.6087614290087207
-0.10355339059327379 -0.786566092485493 0.6087614290087207 -0.10355339059327379 -0.786566092485493 0.6087614290087207
-0.051887791040233056 -0.7916547098907613 0.6087614290087207 -0.051887791040233056 -0.7916547098907613 0.6087614290087207
-1.457366443170783e-16 -0.7933533402912352 0.6087614290087207 -1.457366443170783e-16 -0.7933533402912352 0.6087614290087207
0.051887791040232764 -0.7916547098907614 0.6087614290087207 0.051887791040232764 -0.7916547098907614 0.6087614290087207
0.10355339059327351 -0.7865660924854931 0.6087614290087207 0.10355339059327351 -0.7865660924854931 0.6087614290087207
0.1547755586299881 -0.7781092783163785 0.6087614290087207 0.1547755586299881 -0.7781092783163785 0.6087614290087207
0.20533495396307233 -0.7663204807600038 0.6087614290087207 0.20533495396307233 -0.7663204807600038 0.6087614290087207
0.25501507349969177 -0.751250181257354 0.6087614290087207 0.25501507349969177 -0.751250181257354 0.6087614290087207
0.3036031793409585 -0.7329629131445343 0.6087614290087207 0.3036031793409585 -0.7329629131445343 0.6087614290087207
0.3508912097582798 -0.711536985311116 0.6087614290087207 0.3508912097582798 -0.711536985311116 0.6087614290087207
0.3966766701456177 -0.68706414686945 0.6087614290087207 0.3966766701456177 -0.68706414686945 0.6087614290087207
0.440763500132481 -0.6596491942708828 0.6087614290087207 0.440763500132481 -0.6596491942708828 0.6087614290087207
0.48296291314453355 -0.6294095225512608 0.6087614290087207 0.48296291314453355 -0.6294095225512608 0.6087614290087207
0.5230942048166869 -0.5964746226273657 0.6087614290087207 0.5230942048166869 -0.5964746226273657 0.6087614290087207
0.5609855267969308 -0.5609855267969311 0.6087614290087207 0.5609855267969308 -0.5609855267969311 0.6087614290087207
0.596474622627366 -0.5230942048166867 0.6087614290087207 0.596474622627366 -0.5230942048166867 0.6087614290087207
0.6294095225512603 -0.4829629131445343 0.6087614290087207 0.6294095225512603 -0.4829629131445343 0.6087614290087207
0.6596491942708822 -0.4407635001324819 0.6087614290087207 0.6596491942708822 -0.4407635001324819 0.6087614290087207
0.6870641468694498 -0.3966766701456179 0.6087614290087207 0.6870641468694498 -0.3966766701456179 0.6087614290087207
0.7115369853111159 -0.35089120975828014 0.6087614290087207 0.7115369853111159 -0.35089120975828014 0.6087614290087207
0.7329629131445342 -0.30360317934095876 0.6087614290087207 0.7329629131445342 -0.30360317934095876 0.6087614290087207
0.7512501812573539 -0.25501507349969205 0.6087614290087207 0.7512501812573539 -0.25501507349969205 0.6087614290087207
0.7663204807600036 -0.20533495396307333 0.6087614290087207 0.7663204807600036 -0.20533495396307333 0.6087614290087207
0.7781092783163784 -0.1547755586299884 0.6087614290087207 0.7781092783163784 -0.1547755586299884 0.6087614290087207
0.786566092485493 -0.10355339059327384 0.6087614290087207 0.786566092485493 -0.10355339059327384 0.6087614290087207
0.7916547098907613 -0.05188779104023311 0.6087614290087207 0.7916547098907613 -0.05188779104023311 0.6087614290087207
0.8314696123025451 0.0 0.5555702330196024 0.8314696123025451 0.0 0.5555702330196024
0.8296893720378368 0.05438071450436031 0.5555702330196024 0.8296893720378368 0.05438071450436031 0.5555702330196024
0.8243562745058327 0.10852856244053376 0.5555702330196024 0.8243562745058327 0.10852856244053376 0.5555702330196024
0.815493156848917 0.16221167441072884 0.5555702330196024 0.815493156848917 0.16221167441072884 0.5555702330196024
0.8031379722975872 0.21520017108790787 0.5555702330196024 0.8031379722975872 0.21520017108790787 0.5555702330196024
0.7873436276488944 0.26726714759435716 0.5555702330196024 0.7873436276488944 0.26726714759435716 0.5555702330196024
0.7681777567114162 0.31818964514320847 0.5555702330196024 0.7681777567114162 0.31818964514320847 0.5555702330196024
0.7457224306869051 0.36774960578219346 0.5555702330196024 0.7457224306869051 0.36774960578219346 0.5555702330196024
0.7200738067288024 0.4157348061512725 0.5555702330196024 0.7200738067288024 0.4157348061512725 0.5555702330196024
0.6913417161825448 0.46193976625564326 0.5555702330196024 0.6913417161825448 0.46193976625564326 0.5555702330196024
0.6596491942708824 0.5061666293626244 0.5555702330196024 0.6596491942708824 0.5061666293626244 0.5555702330196024
0.6251319532381656 0.5482260092545599 0.5555702330196024 0.6251319532381656 0.5482260092545599 0.5555702330196024
0.5879378012096793 0.5879378012096792 0.5555702330196024 0.5879378012096793 0.5879378012096792 0.5555702330196024
0.5482260092545599 0.6251319532381655 0.5555702330196024 0.5482260092545599 0.6251319532381655 0.5555702330196024
0.5061666293626244 0.6596491942708824 0.5555702330196024 0.5061666293626244 0.6596491942708824 0.5555702330196024
0.4619397662556435 0.6913417161825447 0.5555702330196024 0.4619397662556435 0.6913417161825447 0.5555702330196024
0.4157348061512727 0.7200738067288023 0.5555702330196024 0.4157348061512727 0.7200738067288023 0.5555702330196024
0.36774960578219346 0.7457224306869051 0.5555702330196024 0.36774960578219346 0.7457224306869051 0.5555702330196024
0.3181896451432085 0.7681777567114162 0.5555702330196024 0.3181896451432085 0.7681777567114162 0.5555702330196024
0.26726714759435727 0.7873436276488943 0.5555702330196024 0.26726714759435727 0.7873436276488943 0.5555702330196024
0.21520017108790787 0.8031379722975872 0.5555702330196024 0.21520017108790787 0.8031379722975872 0.5555702330196024
0.1622116744107289 0.815493156848917 0.5555702330196024 0.1622116744107289 0.815493156848917 0.5555702330196024
0.10852856244053388 0.8243562745058327 0.5555702330196024 0.10852856244053388 0.8243562745058327 0.5555702330196024
0.05438071450436048 0.8296893720378368 0.5555702330196024 0.05438071450436048 0.8296893720378368 0.5555702330196024
5.0912829964730134e-17 0.8314696123025451 0.5555702330196024 5.0912829964730134e-17 0.8314696123025451 0.5555702330196024
-0.054380714504360377 0.8296893720378368 0.5555702330196024 -0.054380714504360377 0.8296893720378368 0.5555702330196024
-0.10852856244053379 0.8243562745058327 0.5555702330196024 -0.10852856244053379 0.8243562745058327 0.5555702330196024
-0.16221167441072878 0.815493156848917 0.5555702330196024 -0.16221167441072878 0.815493156848917 0.5555702330196024
-0.21520017108790776 0.8031379722975872 0.5555702330196024 -0.21520017108790776 0.8031379722975872 0.5555702330196024
-0.26726714759435716 0.7873436276488944 0.5555702330196024 -0.26726714759435716 0.7873436276488944 0.5555702330196024
-0.31818964514320824 0.7681777567114163 0.5555702330196024 -0.31818964514320824 0.7681777567114163 0.5555702330196024
-0.36774960578219335 0.7457224306869051 0.5555702330196024 -0.36774960578219335 0.7457224306869051 0.5555702330196024
-0.41573480615127245 0.7200738067288024 0.5555702330196024 -0.41573480615127245 0.7200738067288024 0.5555702330196024
-0.4619397662556435 0.6913417161825447 0.5555702330196024 -0.4619397662556435 0.6913417161825447 0.5555702330196024
-0.5061666293626244 0.6596491942708824 0.5555702330196024 -0.5061666293626244 0.6596491942708824 0.5555702330196024
-0.5482260092545599 0.6251319532381655 0.5555702330196024 -0.5482260092545599 0.6251319532381655 0.5555702330196024
-0.5879378012096792 0.5879378012096793 0.5555702330196024 -0.5879378012096792 0.5879378012096793 0.5555702330196024
-0.6251319532381654 0.5482260092545599 0.5555702330196024 -0.6251319532381654 0.5482260092545599 0.5555702330196024
-0.6596491942708823 0.5061666293626245 0.5555702330196024 -0.6596491942708823 0.5061666293626245 0.5555702330196024
-0.6913417161825446 0.46193976625564354 0.5555702330196024 -0.6913417161825446 0.46193976625564354 0.5555702330196024
-0.7200738067288024 0.4157348061512725 0.5555702330196024 -0.7200738067288024 0.4157348061512725 0.5555702330196024
-0.745722430686905 0.36774960578219384 0.5555702330196024 -0.745722430686905 0.36774960578219384 0.5555702330196024
-0.7681777567114162 0.3181896451432085 0.5555702330196024 -0.7681777567114162 0.3181896451432085 0.5555702330196024
-0.7873436276488943 0.2672671475943573 0.5555702330196024 -0.7873436276488943 0.2672671475943573 0.5555702330196024
-0.8031379722975871 0.2152001710879081 0.5555702330196024 -0.8031379722975871 0.2152001710879081 0.5555702330196024
-0.815493156848917 0.16221167441072876 0.5555702330196024 -0.815493156848917 0.16221167441072876 0.5555702330196024
-0.8243562745058327 0.1085285624405341 0.5555702330196024 -0.8243562745058327 0.1085285624405341 0.5555702330196024
-0.8296893720378368 0.054380714504360356 0.5555702330196024 -0.8296893720378368 0.054380714504360356 0.5555702330196024
-0.8314696123025451 1.0182565992946027e-16 0.5555702330196024 -0.8314696123025451 1.0182565992946027e-16 0.5555702330196024
-0.8296893720378368 -0.05438071450436015 0.5555702330196024 -0.8296893720378368 -0.05438071450436015 0.5555702330196024
-0.8243562745058327 -0.10852856244053392 0.5555702330196024 -0.8243562745058327 -0.10852856244053392 0.5555702330196024
-0.8154931568489171 -0.16221167441072856 0.5555702330196024 -0.8154931568489171 -0.16221167441072856 0.5555702330196024
-0.8031379722975872 -0.2152001710879079 0.5555702330196024 -0.8031379722975872 -0.2152001710879079 0.5555702330196024
-0.7873436276488944 -0.2672671475943571 0.5555702330196024 -0.7873436276488944 -0.2672671475943571 0.5555702330196024
-0.7681777567114163 -0.31818964514320836 0.5555702330196024 -0.7681777567114163 -0.31818964514320836 0.5555702330196024
-0.745722430686905 -0.3677496057821936 0.5555702330196024 -0.745722430686905 -0.3677496057821936 0.5555702330196024
-0.7200738067288024 -0.4157348061512724 0.5555702330196024 -0.7200738067288024 -0.4157348061512724 0.5555702330196024
-0.691341716182545 -0.4619397662556431 0.5555702330196024 -0.691341716182545 -0.4619397662556431 0.5555702330196024
-0.6596491942708824 -0.5061666293626244 0.5555702330196024 -0.6596491942708824 -0.5061666293626244 0.5555702330196024
-0.6251319532381656 -0.5482260092545599 0.5555702330196024 -0.6251319532381656 -0.5482260092545599 0.5555702330196024
-0.5879378012096796 -0.587937801209679 0.5555702330196024 -0.5879378012096796 -0.587937801209679 0.5555702330196024
-0.54822600925456 -0.6251319532381654 0.5555702330196024 -0.54822600925456 -0.6251319532381654 0.5555702330196024
-0.5061666293626245 -0.6596491942708823 0.5555702330196024 -0.5061666293626245 -0.6596491942708823 0.5555702330196024
-0.46193976625564326 -0.6913417161825448 0.5555702330196024 -0.46193976625564326 -0.6913417161825448 0.5555702330196024
-0.41573480615127295 -0.7200738067288021 0.5555702330196024 -0.41573480615127295 -0.7200738067288021 0.5555702330196024
-0.36774960578219357 -0.745722430686905 0.5555702330196024 -0.36774960578219357 -0.745722430686905 0.5555702330196024
-0.31818964514320824 -0.7681777567114163 0.5555702330196024 -0.31818964514320824 -0.7681777567114163 0.5555702330196024
-0.2672671475943574 -0.7873436276488943 0.5555702330196024 -0.2672671475943574 -0.7873436276488943 0.5555702330196024
-0.21520017108790776 -0.8031379722975872 0.5555702330196024 -0.21520017108790776 -0.8031379722975872 0.5555702330196024
-0.16221167441072917 -0.8154931568489169 0.5555702330196024 -0.16221167441072917 -0.8154931568489169 0.5555702330196024
-0.10852856244053381 -0.8243562745058327 0.5555702330196024 -0.10852856244053381 -0.8243562745058327 0.5555702330196024
-0.05438071450436003 -0.8296893720378368 0.5555702330196024 -0.05438071450436003 -0.8296893720378368 0.5555702330196024
-1.5273848989419038e-16 -0.8314696123025451 0.5555702330196024 -1.5273848989419038e-16 -0.8314696123025451 0.5555702330196024
0.05438071450435973 -0.8296893720378369 0.5555702330196024 0.05438071450435973 -0.8296893720378369 0.5555702330196024
0.10852856244053351 -0.8243562745058328 0.5555702330196024 0.10852856244053351 -0.8243562745058328 0.5555702330196024
0.1622116744107289 -0.815493156848917 0.5555702330196024 0.1622116744107289 -0.815493156848917 0.5555702330196024
0.21520017108790748 -0.8031379722975873 0.5555702330196024 0.21520017108790748 -0.8031379722975873 0.5555702330196024
0.2672671475943571 -0.7873436276488944 0.5555702330196024 0.2672671475943571 -0.7873436276488944 0.5555702330196024
0.31818964514320797 -0.7681777567114164 0.5555702330196024 0.31818964514320797 -0.7681777567114164 0.5555702330196024
0.3677496057821933 -0.7457224306869052 0.5555702330196024 0.3677496057821933 -0.7457224306869052 0.5555702330196024
0.4157348061512727 -0.7200738067288023 0.5555702330196024 0.4157348061512727 -0.7200738067288023 0.5555702330196024
0.461939766255643 -0.691341716182545 0.5555702330196024 0.461939766255643 -0.691341716182545 0.5555702330196024
0.5061666293626237 -0.6596491942708829 0.5555702330196024 0.5061666293626237 -0.6596491942708829 0.5555702330196024
0.54822600925456 -0.6251319532381653 0.5555702330196024 0.54822600925456 -0.6251319532381653 0.5555702330196024
0.5879378012096791 -0.5879378012096794 0.5555702330196024 0.5879378012096791 -0.5879378012096794 0.5555702330196024
0.6251319532381656 -0.5482260092545598 0.5555702330196024 0.6251319532381656 -0.5482260092545598 0.5555702330196024
0.6596491942708823 -0.5061666293626245 0.5555702330196024 0.6596491942708823 -0.5061666293626245 0.5555702330196024
0.6913417161825445 -0.4619397662556439 0.5555702330196024 0.6913417161825445 -0.4619397662556439 0.5555702330196024
0.7200738067288021 -0.41573480615127295 0.5555702330196024 0.7200738067288021 -0.41573480615127295 0.5555702330196024
0.745722430686905 -0.36774960578219357 0.5555702330196024 0.745722430686905 -0.36774960578219357 0.5555702330196024
0.7681777567114163 -0.31818964514320824 0.5555702330196024 0.7681777567114163 -0.31818964514320824 0.5555702330196024
0.7873436276488943 -0.2672671475943574 0.5555702330196024 0.7873436276488943 -0.2672671475943574 0.5555702330196024
0.803137972297587 -0.21520017108790856 0.5555702330196024 0.803137972297587 -0.21520017108790856 0.5555702330196024
0.8154931568489169 -0.16221167441072923 0.5555702330196024 0.8154931568489169 -0.16221167441072923 0.5555702330196024
0.8243562745058327 -0.10852856244053385 0.5555702330196024 0.8243562745058327 -0.10852856244053385 0.5555702330196024
0.8296893720378368 -0.05438071450436009 0.5555702330196024 0.8296893720378368 -0.05438071450436009 0.5555702330196024
0.8660254037844386 0.0 0.5000000000000001 0.8660254037844386 0.0 0.5000000000000001
0.8641711769176167 0.056640771400300466 0.5000000000000001 0.8641711769176167 0.056640771400300466 0.5000000000000001
0.8586164364012608 0.11303899832181541 0.5000000000000001 0.8586164364012608 0.11303899832181541 0.5000000000000001
0.8493849684870415 0.16895317489845363 0.5000000000000001 0.8493849684870415 0.16895317489845363 0.5000000000000001
0.8365163037378078 0.22414386804201336 0.5000000000000001 0.8365163037378078 0.22414386804201336 0.5000000000000001
0.8200655477516496 0.27837474273142454 0.5000000000000001 0.8200655477516496 0.27837474273142454 0.5000000000000001
0.8001031451912655 0.3314135740355918 0.5000000000000001 0.8001031451912655 0.3314135740355918 0.5000000000000001
0.7767145781291028 0.38303324153620105 0.5000000000000001 0.7767145781291028 0.38303324153620105 0.5000000000000001
0.75 0.43301270189221924 0.5000000000000001 0.75 0.43301270189221924 0.5000000000000001
0.7200738067288024 0.48113793538141564 0.5000000000000001 0.7200738067288024 0.48113793538141564 0.5000000000000001
0.68706414686945 0.5272028623656692 0.5000000000000001 0.68706414686945 0.5272028623656692 0.5000000000000001
0.651112372853196 0.5710102257556169 0.5000000000000001 0.651112372853196 0.5710102257556169 0.5000000000000001
0.6123724356957946 0.6123724356957945 0.5000000000000001 0.6123724356957946 0.6123724356957945 0.5000000000000001
0.5710102257556169 0.651112372853196 0.5000000000000001 0.5710102257556169 0.651112372853196 0.5000000000000001
0.5272028623656692 0.68706414686945 0.5000000000000001 0.5272028623656692 0.68706414686945 0.5000000000000001
0.4811379353814158 0.7200738067288023 0.5000000000000001 0.4811379353814158 0.7200738067288023 0.5000000000000001
0.4330127018922194 0.7499999999999999 0.5000000000000001 0.4330127018922194 0.7499999999999999 0.5000000000000001
0.38303324153620105 0.7767145781291028 0.5000000000000001 0.38303324153620105 0.7767145781291028 0.5000000000000001
0.33141357403559185 0.8001031451912655 0.5000000000000001 0.33141357403559185 0.8001031451912655 0.5000000000000001
0.27837474273142465 0.8200655477516495 0.5000000000000001 0.27837474273142465 0.8200655477516495 0.5000000000000001
0.22414386804201336 0.8365163037378078 0.5000000000000001 0.22414386804201336 0.8365163037378078 0.5000000000000001
0.16895317489845368 0.8493849684870415 0.5000000000000001 0.16895317489845368 0.8493849684870415 0.5000000000000001
0.11303899832181553 0.8586164364012608 0.5000000000000001 0.11303899832181553 0.8586164364012608 0.5000000000000001
0.056640771400300646 0.8641711769176167 0.5000000000000001 0.056640771400300646 0.8641711769176167 0.5000000000000001
5.302876193624534e-17 0.8660254037844386 0.5000000000000001 5.302876193624534e-17 0.8660254037844386 0.5000000000000001
-0.056640771400300535 0.8641711769176167 0.5000000000000001 -0.056640771400300535 0.8641711769176167 0.5000000000000001
-0.11303899832181544 0.8586164364012608 0.5000000000000001 -0.11303899832181544 0.8586164364012608 0.5000000000000001
-0.16895317489845357 0.8493849684870415 0.5000000000000001 -0.16895317489845357 0.8493849684870415 0.5000000000000001
-0.22414386804201325 0.8365163037378078 0.5000000000000001 -0.22414386804201325 0.8365163037378078 0.5000000000000001
-0.27837474273142454 0.8200655477516496 0.5000000000000001 -0.27837474273142454 0.8200655477516496 0.5000000000000001
-0.3314135740355915 0.8001031451912656 0.5000000000000001 -0.3314135740355915 0.8001031451912656 0.5000000000000001
-0.38303324153620094 0.7767145781291028 0.5000000000000001 -0.38303324153620094 0.7767145781291028 0.5000000000000001
-0.43301270189221913 0.75 0.5000000000000001 -0.43301270189221913 0.75 0.5000000000000001
-0.4811379353814158 0.7200738067288023 0.5000000000000001 -0.4811379353814158 0.7200738067288023 0.5000000000000001
-0.5272028623656692 0.68706414686945 0.5000000000000001 -0.5272028623656692 0.68706414686945 0.5000000000000001
-0.5710102257556169 0.651112372853196 0.5000000000000001 -0.5710102257556169 0.651112372853196 0.5000000000000001
-0.6123724356957945 0.6123724356957946 0.5000000000000001 -0.6123724356957945 0.6123724356957946 0.5000000000000001
-0.6511123728531959 0.571010225755617 0.5000000000000001 -0.6511123728531959 0.571010225755617 0.5000000000000001
-0.6870641468694499 0.5272028623656694 0.5000000000000001 -0.6870641468694499 0.5272028623656694 0.5000000000000001
-0.7200738067288022 0.4811379353814159 0.5000000000000001 -0.7200738067288022 0.4811379353814159 0.5000000000000001
-0.75 0.43301270189221924 0.5000000000000001 -0.75 0.43301270189221924 0.5000000000000001
-0.7767145781291027 0.38303324153620144 0.5000000000000001 -0.7767145781291027 0.38303324153620144 0.5000000000000001
-0.8001031451912655 0.33141357403559185 0.5000000000000001 -0.8001031451912655 0.33141357403559185 0.5000000000000001
-0.8200655477516495 0.2783747427314247 0.5000000000000001 -0.8200655477516495 0.2783747427314247 0.5000000000000001
-0.8365163037378078 0.22414386804201358 0.5000000000000001 -0.8365163037378078 0.22414386804201358 0.5000000000000001
-0.8493849684870415 0.16895317489845355 0.5000000000000001 -0.8493849684870415 0.16895317489845355 0.5000000000000001
-0.8586164364012608 0.11303899832181577 0.5000000000000001 -0.8586164364012608 0.11303899832181577 0.5000000000000001
-0.8641711769176167 0.056640771400300514 0.5000000000000001 -0.8641711769176167 0.056640771400300514 0.5000000000000001
-0.8660254037844386 1.0605752387249068e-16 0.5000000000000001 -0.8660254037844386 1.0605752387249068e-16 0.5000000000000001
-0.8641711769176167 -0.05664077140030029 0.5000000000000001 -0.8641711769176167 -0.05664077140030029 0.5000000000000001
-0.8586164364012608 -0.11303899832181558 0.5000000000000001 -0.8586164364012608 -0.11303899832181558 0.5000000000000001
-0.8493849684870416 -0.16895317489845332 0.5000000000000001 -0.8493849684870416 -0.16895317489845332 0.5000000000000001
-0.8365163037378078 -0.2241438680420134 0.5000000000000001 -0.8365163037378078 -0.2241438680420134 0.5000000000000001
-0.8200655477516496 -0.2783747427314245 0.5000000000000001 -0.8200655477516496 -0.2783747427314245 0.5000000000000001
-0.8001031451912656 -0.3314135740355917 0.5000000000000001 -0.8001031451912656 -0.3314135740355917 0.5000000000000001
-0.7767145781291027 -0.3830332415362012 0.5000000000000001 -0.7767145781291027 -0.3830332415362012 0.5000000000000001
-0.7500000000000001 -0.43301270189221913 0.5000000000000001 -0.7500000000000001 -0.43301270189221913 0.5000000000000001
-0.7200738067288025 -0.4811379353814154 0.5000000000000001 -0.7200738067288025 -0.4811379353814154 0.5000000000000001
-0.68706414686945 -0.5272028623656692 0.5000000000000001 -0.68706414686945 -0.5272028623656692 0.5000000000000001
-0.651112372853196 -0.5710102257556169 0.5000000000000001 -0.651112372853196 -0.5710102257556169 0.5000000000000001
-0.6123724356957948 -0.6123724356957941 0.5000000000000001 -0.6123724356957948 -0.6123724356957941 0.5000000000000001
-0.5710102257556171 -0.6511123728531959 0.5000000000000001 -0.5710102257556171 -0.6511123728531959 0.5000000000000001
-0.5272028623656694 -0.6870641468694498 0.5000000000000001 -0.5272028623656694 -0.6870641468694498 0.5000000000000001
-0.48113793538141564 -0.7200738067288024 0.5000000000000001 -0.48113793538141564 -0.7200738067288024 0.5000000000000001
-0.4330127018922197 -0.7499999999999997 0.5000000000000001 -0.4330127018922197 -0.7499999999999997 0.5000000000000001
-0.3830332415362011 -0.7767145781291028 0.5000000000000001 -0.3830332415362011 -0.7767145781291028 0.5000000000000001
-0.3314135740355915 -0.8001031451912656 0.5000000000000001 -0.3314135740355915 -0.8001031451912656 0.5000000000000001
-0.27837474273142476 -0.8200655477516495 0.5000000000000001 -0.27837474273142476 -0.8200655477516495 0.5000000000000001
-0.22414386804201325 -0.8365163037378078 0.5000000000000001 -0.22414386804201325 -0.8365163037378078 0.5000000000000001
-0.168953174898454 -0.8493849684870414 0.5000000000000001 -0.168953174898454 -0.8493849684870414 0.5000000000000001
-0.11303899832181546 -0.8586164364012608 0.5000000000000001 -0.11303899832181546 -0.8586164364012608 0.5000000000000001
-0.056640771400300174 -0.8641711769176167 0.5000000000000001 -0.056640771400300174 -0.8641711769176167 0.5000000000000001
-1.5908628580873602e-16 -0.8660254037844386 0.5000000000000001 -1.5908628580873602e-16 -0.8660254037844386 0.5000000000000001
0.05664077140029986 -0.8641711769176168 0.5000000000000001 0.05664077140029986 -0.8641711769176168 0.5000000000000001
0.11303899832181515 -0.858616436401261 0.5000000000000001 0.11303899832181515 -0.858616436401261 0.5000000000000001
0.16895317489845366 -0.8493849684870415 0.5000000000000001 0.16895317489845366 -0.8493849684870415 0.5000000000000001
0.22414386804201297 -0.8365163037378079 0.5000000000000001 0.22414386804201297 -0.8365163037378079 0.5000000000000001
0.2783747427314245 -0.8200655477516496 0.5000000000000001 0.2783747427314245 -0.8200655477516496 0.5000000000000001
0.33141357403559124 -0.8001031451912657 0.5000000000000001 0.33141357403559124 -0.8001031451912657 0.5000000000000001
0.38303324153620083 -0.7767145781291029 0.5000000000000001 0.38303324153620083 -0.7767145781291029 0.5000000000000001
0.4330127018922194 -0.7499999999999999 0.5000000000000001 0.4330127018922194 -0.7499999999999999 0.5000000000000001
0.4811379353814153 -0.7200738067288025 0.5000000000000001 0.4811379353814153 -0.7200738067288025 0.5000000000000001
0.5272028623656685 -0.6870641468694505 0.5000000000000001 0.5272028623656685 -0.6870641468694505 0.5000000000000001
0.5710102257556171 -0.6511123728531958 0.5000000000000001 0.5710102257556171 -0.6511123728531958 0.5000000000000001
0.6123724356957944 -0.6123724356957946 0.5000000000000001 0.6123724356957944 -0.6123724356957946 0.5000000000000001
0.651112372853196 -0.5710102257556168 0.5000000000000001 0.651112372853196 -0.5710102257556168 0.5000000000000001
0.6870641468694498 -0.5272028623656694 0.5000000000000001 0.6870641468694498 -0.5272028623656694 0.5000000000000001
0.720073806728802 -0.4811379353814163 0.5000000000000001 0.720073806728802 -0.4811379353814163 0.5000000000000001
0.7499999999999997 -0.4330127018922197 0.5000000000000001 0.7499999999999997 -0.4330127018922197 0.5000000000000001
0.7767145781291028 -0.38303324153620116 0.5000000000000001 0.7767145781291028 -0.38303324153620116 0.5000000000000001
0.8001031451912656 -0.3314135740355916 0.5000000000000001 0.8001031451912656 -0.3314135740355916 0.5000000000000001
0.8200655477516495 -0.2783747427314248 0.5000000000000001 0.8200655477516495 -0.2783747427314248 0.5000000000000001
0.8365163037378077 -0.22414386804201408 0.5000000000000001 0.8365163037378077 -0.22414386804201408 0.5000000000000001
0.8493849684870414 -0.16895317489845402 0.5000000000000001 0.8493849684870414 -0.16895317489845402 0.5000000000000001
0.8586164364012608 -0.1130389983218155 0.5000000000000001 0.8586164364012608 -0.1130389983218155 0.5000000000000001
0.8641711769176167 -0.05664077140030024 0.5000000000000001 0.8641711769176167 -0.05664077140030024 0.5000000000000001
0.8968727415326884 0.0 0.44228869021900125 0.8968727415326884 0.0 0.44228869021900125
0.8949524681478628 0.058658283817455116 0.44228869021900125 0.8949524681478628 0.058658283817455116 0.44228869021900125
0.8891998708988255 0.11706538385822031 0.44228869021900125 0.8891998708988255 0.11706538385822031 0.44228869021900125
0.8796395832901518 0.17497119195309993 0.44228869021900125 0.8796395832901518 0.17497119195309993 0.44228869021900125
0.866312543941104 0.2321277465419703 0.44228869021900125 0.866312543941104 0.2321277465419703 0.44228869021900125
0.8492758212801791 0.288290294483248 0.44228869021900125 0.8492758212801791 0.288290294483248 0.44228869021900125
0.8286023691693363 0.3432183391244172 0.44228869021900125 0.8286023691693363 0.3432183391244172 0.44228869021900125
0.8043807145043604 0.3966766701456176 0.44228869021900125 0.8043807145043604 0.3966766701456176 0.44228869021900125
0.7767145781291029 0.44843637076634413 0.44228869021900125 0.7767145781291029 0.44843637076634413 0.44228869021900125
0.7457224306869052 0.4982757980022451 0.44228869021900125 0.7457224306869052 0.4982757980022451 0.44228869021900125
0.7115369853111159 0.5459815317744083 0.44228869021900125 0.7115369853111159 0.5459815317744083 0.44228869021900125
0.6743046293270791 0.5913492888069037 0.44228869021900125 0.6743046293270791 0.5913492888069037 0.44228869021900125
0.6341847973991337 0.6341847973991336 0.44228869021900125 0.6341847973991337 0.6341847973991336 0.44228869021900125
0.5913492888069037 0.674304629327079 0.44228869021900125 0.5913492888069037 0.674304629327079 0.44228869021900125
0.5459815317744083 0.7115369853111159 0.44228869021900125 0.5459815317744083 0.7115369853111159 0.44228869021900125
0.4982757980022453 0.7457224306869051 0.44228869021900125 0.4982757980022453 0.7457224306869051 0.44228869021900125
0.4484363707663443 0.7767145781291028 0.44228869021900125 0.4484363707663443 0.7767145781291028 0.44228869021900125
0.3966766701456176 0.8043807145043604 0.44228869021900125 0.3966766701456176 0.8043807145043604 0.44228869021900125
0.34321833912441724 0.8286023691693363 0.44228869021900125 0.34321833912441724 0.8286023691693363 0.44228869021900125
0.2882902944832481 0.849275821280179 0.44228869021900125 0.2882902944832481 0.849275821280179 0.44228869021900125
0.2321277465419703 0.866312543941104 0.44228869021900125 0.2321277465419703 0.866312543941104 0.44228869021900125
0.1749711919531 0.8796395832901518 0.44228869021900125 0.1749711919531 0.8796395832901518 0.44228869021900125
0.11706538385822043 0.8891998708988255 0.44228869021900125 0.11706538385822043 0.8891998708988255 0.44228869021900125
0.0586582838174553 0.8949524681478628 0.44228869021900125 0.0586582838174553 0.8949524681478628 0.44228869021900125
5.491761660802591e-17 0.8968727415326884 0.44228869021900125 5.491761660802591e-17 0.8968727415326884 0.44228869021900125
-0.058658283817455185 0.8949524681478628 0.44228869021900125 -0.058658283817455185 0.8949524681478628 0.44228869021900125
-0.11706538385822034 0.8891998708988255 0.44228869021900125 -0.11706538385822034 0.8891998708988255 0.44228869021900125
-0.17497119195309987 0.8796395832901518 0.44228869021900125 -0.17497119195309987 0.8796395832901518 0.44228869021900125
-0.2321277465419702 0.866312543941104 0.44228869021900125 -0.2321277465419702 0.866312543941104 0.44228869021900125
-0.288290294483248 0.8492758212801791 0.44228869021900125 -0.288290294483248 0.8492758212801791 0.44228869021900125
-0.34321833912441696 0.8286023691693364 0.44228869021900125 -0.34321833912441696 0.8286023691693364 0.44228869021900125
-0.39667667014561747 0.8043807145043604 0.44228869021900125 -0.39667667014561747 0.8043807145043604 0.44228869021900125
-0.448436370766344 0.7767145781291029 0.44228869021900125 -0.448436370766344 0.7767145781291029 0.44228869021900125
-0.4982757980022453 0.7457224306869051 0.44228869021900125 -0.4982757980022453 0.7457224306869051 0.44228869021900125
-0.5459815317744083 0.7115369853111159 0.44228869021900125 -0.5459815317744083 0.7115369853111159 0.44228869021900125
-0.5913492888069037 0.674304629327079 0.44228869021900125 -0.5913492888069037 0.674304629327079 0.44228869021900125
-0.6341847973991336 0.6341847973991337 0.44228869021900125 -0.6341847973991336 0.6341847973991337 0.44228869021900125
-0.674304629327079 0.5913492888069039 0.44228869021900125 -0.674304629327079 0.5913492888069039 0.44228869021900125
-0.7115369853111159 0.5459815317744086 0.44228869021900125 -0.7115369853111159 0.5459815317744086 0.44228869021900125
-0.745722430686905 0.4982757980022454 0.44228869021900125 -0.745722430686905 0.4982757980022454 0.44228869021900125
-0.7767145781291029 0.44843637076634413 0.44228869021900125 -0.7767145781291029 0.44843637076634413 0.44228869021900125
-0.8043807145043602 0.39667667014561797 0.44228869021900125 -0.8043807145043602 0.39667667014561797 0.44228869021900125
-0.8286023691693363 0.3432183391244173 0.44228869021900125 -0.8286023691693363 0.3432183391244173 0.44228869021900125
-0.849275821280179 0.28829029448324817 0.44228869021900125 -0.849275821280179 0.28829029448324817 0.44228869021900125
-0.8663125439411039 0.23212774654197055 0.44228869021900125 -0.8663125439411039 0.23212774654197055 0.44228869021900125
-0.8796395832901518 0.17497119195309985 0.44228869021900125 -0.8796395832901518 0.17497119195309985 0.44228869021900125
-0.8891998708988255 0.11706538385822068 0.44228869021900125 -0.8891998708988255 0.11706538385822068 0.44228869021900125
-0.8949524681478628 0.058658283817455165 0.44228869021900125 -0.8949524681478628 0.058658283817455165 0.44228869021900125
-0.8968727415326884 1.0983523321605183e-16 0.44228869021900125 -0.8968727415326884 1.0983523321605183e-16 0.44228869021900125
-0.8949524681478628 -0.05865828381745494 0.44228869021900125 -0.8949524681478628 -0.05865828381745494 0.44228869021900125
-0.8891998708988255 -0.11706538385822049 0.44228869021900125 -0.8891998708988255 -0.11706538385822049 0.44228869021900125
-0.8796395832901519 -0.17497119195309963 0.44228869021900125 -0.8796395832901519 -0.17497119195309963 0.44228869021900125
-0.866312543941104 -0.23212774654197035 0.44228869021900125 -0.866312543941104 -0.23212774654197035 0.44228869021900125
-0.8492758212801791 -0.28829029448324794 0.44228869021900125 -0.8492758212801791 -0.28829029448324794 0.44228869021900125
-0.8286023691693364 -0.34321833912441707 0.44228869021900125 -0.8286023691693364 -0.34321833912441707 0.44228869021900125
-0.8043807145043602 -0.3966766701456178 0.44228869021900125 -0.8043807145043602 -0.3966766701456178 0.44228869021900125
-0.776714578129103 -0.44843637076634396 0.44228869021900125 -0.776714578129103 -0.44843637076634396 0.44228869021900125
-0.7457224306869055 -0.4982757980022449 0.44228869021900125 -0.7457224306869055 -0.4982757980022449 0.44228869021900125
-0.7115369853111159 -0.5459815317744083 0.44228869021900125 -0.7115369853111159 -0.5459815317744083 0.44228869021900125
-0.6743046293270791 -0.5913492888069037 0.44228869021900125 -0.6743046293270791 -0.5913492888069037 0.44228869021900125
-0.634184797399134 -0.6341847973991334 0.44228869021900125 -0.634184797399134 -0.6341847973991334 0.44228869021900125
-0.591349288806904 -0.674304629327079 0.44228869021900125 -0.591349288806904 -0.674304629327079 0.44228869021900125
-0.5459815317744086 -0.7115369853111158 0.44228869021900125 -0.5459815317744086 -0.7115369853111158 0.44228869021900125
-0.4982757980022451 -0.7457224306869052 0.44228869021900125 -0.4982757980022451 -0.7457224306869052 0.44228869021900125
-0.44843637076634457 -0.7767145781291027 0.44228869021900125 -0.44843637076634457 -0.7767145781291027 0.44228869021900125
-0.3966766701456177 -0.8043807145043603 0.44228869021900125 -0.3966766701456177 -0.8043807145043603 0.44228869021900125
-0.34321833912441696 -0.8286023691693364 0.44228869021900125 -0.34321833912441696 -0.8286023691693364 0.44228869021900125
-0.28829029448324817 -0.849275821280179 0.44228869021900125 -0.28829029448324817 -0.849275821280179 0.44228869021900125
-0.2321277465419702 -0.866312543941104 0.44228869021900125 -0.2321277465419702 -0.866312543941104 0.44228869021900125
-0.17497119195310032 -0.8796395832901517 0.44228869021900125 -0.17497119195310032 -0.8796395832901517 0.44228869021900125
-0.11706538385822036 -0.8891998708988255 0.44228869021900125 -0.11706538385822036 -0.8891998708988255 0.44228869021900125
-0.05865828381745482 -0.8949524681478628 0.44228869021900125 -0.05865828381745482 -0.8949524681478628 0.44228869021900125
-1.6475284982407773e-16 -0.8968727415326884 0.44228869021900125 -1.6475284982407773e-16 -0.8968727415326884 0.44228869021900125
0.05865828381745449 -0.8949524681478629 0.44228869021900125 0.05865828381745449 -0.8949524681478629 0.44228869021900125
0.11706538385822005 -0.8891998708988256 0.44228869021900125 0.11706538385822005 -0.8891998708988256 0.44228869021900125
0.17497119195309999 -0.8796395832901518 0.44228869021900125 0.17497119195309999 -0.8796395832901518 0.44228869021900125
0.2321277465419699 -0.8663125439411041 0.44228869021900125 0.2321277465419699 -0.8663125439411041 0.44228869021900125
0.2882902944832479 -0.8492758212801791 0.44228869021900125 0.2882902944832479 -0.8492758212801791 0.44228869021900125
0.3432183391244166 -0.8286023691693364 0.44228869021900125 0.3432183391244166 -0.8286023691693364 0.44228869021900125
0.39667667014561736 -0.8043807145043605 0.44228869021900125 0.39667667014561736 -0.8043807145043605 0.44228869021900125
0.4484363707663443 -0.7767145781291028 0.44228869021900125 0.4484363707663443 -0.7767145781291028 0.44228869021900125
0.4982757980022448 -0.7457224306869055 0.44228869021900125 0.4982757980022448 -0.7457224306869055 0.44228869021900125
0.5459815317744077 -0.7115369853111164 0.44228869021900125 0.5459815317744077 -0.7115369853111164 0.44228869021900125
0.591349288806904 -0.6743046293270789 0.44228869021900125 0.591349288806904 -0.6743046293270789 0.44228869021900125
0.6341847973991335 -0.6341847973991338 0.44228869021900125 0.6341847973991335 -0.6341847973991338 0.44228869021900125
0.6743046293270791 -0.5913492888069036 0.44228869021900125 0.6743046293270791 -0.5913492888069036 0.44228869021900125
0.7115369853111158 -0.5459815317744086 0.44228869021900125 0.7115369853111158 -0.5459815317744086 0.44228869021900125
0.7457224306869049 -0.4982757980022458 0.44228869021900125 0.7457224306869049 -0.4982757980022458 0.44228869021900125
0.7767145781291027 -0.44843637076634457 0.44228869021900125 0.7767145781291027 -0.44843637076634457 0.44228869021900125
0.8043807145043603 -0.39667667014561775 0.44228869021900125 0.8043807145043603 -0.39667667014561775 0.44228869021900125
0.8286023691693364 -0.343218339124417 0.44228869021900125 0.8286023691693364 -0.343218339124417 0.44228869021900125
0.849275821280179 -0.2882902944832482 0.44228869021900125 0.849275821280179 -0.2882902944832482 0.44228869021900125
0.8663125439411038 -0.23212774654197105 0.44228869021900125 0.8663125439411038 -0.23212774654197105 0.44228869021900125
0.8796395832901517 -0.17497119195310035 0.44228869021900125 0.8796395832901517 -0.17497119195310035 0.44228869021900125
0.8891998708988255 -0.11706538385822042 0.44228869021900125 0.8891998708988255 -0.11706538385822042 0.44228869021900125
0.8949524681478628 -0.05865828381745488 0.44228869021900125 0.8949524681478628 -0.05865828381745488 0.44228869021900125
0.9238795325112867 0.0 0.38268343236508984 0.9238795325112867 0.0 0.38268343236508984
0.9219014355138969 0.060424612457919843 0.38268343236508984 0.9219014355138969 0.060424612457919843 0.38268343236508984
0.9159756150367534 0.1205904774487396 0.38268343236508984 0.9159756150367534 0.1205904774487396 0.38268343236508984
0.9061274463528878 0.18023995550173696 0.38268343236508984 0.9061274463528878 0.18023995550173696 0.38268343236508984
0.8923991008325228 0.23911761839433449 0.38268343236508984 0.8923991008325228 0.23911761839433449 0.38268343236508984
0.8748493653587904 0.2969713429349629 0.38268343236508984 0.8748493653587904 0.2969713429349629 0.38268343236508984
0.8535533905932737 0.3535533905932738 0.38268343236508984 0.8535533905932737 0.3535533905932738 0.38268343236508984
0.8286023691693363 0.4086214683545602 0.38268343236508984 0.8286023691693363 0.4086214683545602 0.38268343236508984
0.8001031451912656 0.4619397662556433 0.38268343236508984 0.8001031451912656 0.4619397662556433 0.38268343236508984
0.7681777567114163 0.5132799671593367 0.38268343236508984 0.7681777567114163 0.5132799671593367 0.38268343236508984
0.7329629131445341 0.5624222244434797 0.38268343236508984 0.7329629131445341 0.5624222244434797 0.38268343236508984
0.6946094098570536 0.6091561034179249 0.38268343236508984 0.6946094098570536 0.6091561034179249 0.38268343236508984
0.6532814824381883 0.6532814824381882 0.38268343236508984 0.6532814824381883 0.6532814824381882 0.38268343236508984
0.6091561034179249 0.6946094098570534 0.38268343236508984 0.6091561034179249 0.6946094098570534 0.38268343236508984
0.5624222244434797 0.7329629131445341 0.38268343236508984 0.5624222244434797 0.7329629131445341 0.38268343236508984
0.5132799671593369 0.7681777567114162 0.38268343236508984 0.5132799671593369 0.7681777567114162 0.38268343236508984
0.4619397662556435 0.8001031451912655 0.38268343236508984 0.4619397662556435 0.8001031451912655 0.38268343236508984
0.4086214683545602 0.8286023691693363 0.38268343236508984 0.4086214683545602 0.8286023691693363 0.38268343236508984
0.35355339059327384 0.8535533905932737 0.38268343236508984 0.35355339059327384 0.8535533905932737 0.38268343236508984
0.296971342934963 0.8748493653587903 0.38268343236508984 0.296971342934963 0.8748493653587903 0.38268343236508984
0.23911761839433449 0.8923991008325228 0.38268343236508984 0.23911761839433449 0.8923991008325228 0.38268343236508984
0.18023995550173702 0.9061274463528878 0.38268343236508984 0.18023995550173702 0.9061274463528878 0.38268343236508984
0.12059047744873973 0.9159756150367534 0.38268343236508984 0.12059047744873973 0.9159756150367534 0.38268343236508984
0.06042461245792004 0.9219014355138969 0.38268343236508984 0.06042461245792004 0.9219014355138969 0.38268343236508984
5.657130561438501e-17 0.9238795325112867 0.38268343236508984 5.657130561438501e-17 0.9238795325112867 0.38268343236508984
-0.06042461245791992 0.9219014355138969 0.38268343236508984 -0.06042461245791992 0.9219014355138969 0.38268343236508984
-0.12059047744873963 0.9159756150367534 0.38268343236508984 -0.12059047744873963 0.9159756150367534 0.38268343236508984
-0.1802399555017369 0.9061274463528878 0.38268343236508984 -0.1802399555017369 0.9061274463528878 0.38268343236508984
-0.2391176183943344 0.8923991008325228 0.38268343236508984 -0.2391176183943344 0.8923991008325228 0.38268343236508984
-0.2969713429349629 0.8748493653587904 0.38268343236508984 -0.2969713429349629 0.8748493653587904 0.38268343236508984
-0.3535533905932735 0.8535533905932738 0.38268343236508984 -0.3535533905932735 0.8535533905932738 0.38268343236508984
-0.4086214683545601 0.8286023691693363 0.38268343236508984 -0.4086214683545601 0.8286023691693363 0.38268343236508984
-0.4619397662556432 0.8001031451912656 0.38268343236508984 -0.4619397662556432 0.8001031451912656 0.38268343236508984
-0.5132799671593369 0.7681777567114162 0.38268343236508984 -0.5132799671593369 0.7681777567114162 0.38268343236508984
-0.5624222244434797 0.7329629131445341 0.38268343236508984 -0.5624222244434797 0.7329629131445341 0.38268343236508984
-0.6091561034179249 0.6946094098570534 0.38268343236508984 -0.6091561034179249 0.6946094098570534 0.38268343236508984
-0.6532814824381882 0.6532814824381883 0.38268343236508984 -0.6532814824381882 0.6532814824381883 0.38268343236508984
-0.6946094098570533 0.609156103417925 0.38268343236508984 -0.6946094098570533 0.609156103417925 0.38268343236508984
-0.732962913144534 0.5624222244434799 0.38268343236508984 -0.732962913144534 0.5624222244434799 0.38268343236508984
-0.7681777567114161 0.513279967159337 0.38268343236508984 -0.7681777567114161 0.513279967159337 0.38268343236508984
-0.8001031451912656 0.4619397662556433 0.38268343236508984 -0.8001031451912656 0.4619397662556433 0.38268343236508984
-0.828602369169336 0.4086214683545606 0.38268343236508984 -0.828602369169336 0.4086214683545606 0.38268343236508984
-0.8535533905932737 0.35355339059327384 0.38268343236508984 -0.8535533905932737 0.35355339059327384 0.38268343236508984
-0.8748493653587903 0.2969713429349631 0.38268343236508984 -0.8748493653587903 0.2969713429349631 0.38268343236508984
-0.8923991008325227 0.23911761839433476 0.38268343236508984 -0.8923991008325227 0.23911761839433476 0.38268343236508984
-0.9061274463528878 0.18023995550173688 0.38268343236508984 -0.9061274463528878 0.18023995550173688 0.38268343236508984
-0.9159756150367534 0.12059047744873999 0.38268343236508984 -0.9159756150367534 0.12059047744873999 0.38268343236508984
-0.9219014355138969 0.0604246124579199 0.38268343236508984 -0.9219014355138969 0.0604246124579199 0.38268343236508984
-0.9238795325112867 1.1314261122877003e-16 0.38268343236508984 -0.9238795325112867 1.1314261122877003e-16 0.38268343236508984
-0.9219014355138969 -0.06042461245791966 0.38268343236508984 -0.9219014355138969 -0.06042461245791966 0.38268343236508984
-0.9159756150367534 -0.12059047744873978 0.38268343236508984 -0.9159756150367534 -0.12059047744873978 0.38268343236508984
-0.9061274463528879 -0.18023995550173666 0.38268343236508984 -0.9061274463528879 -0.18023995550173666 0.38268343236508984
-0.8923991008325228 -0.23911761839433454 0.38268343236508984 -0.8923991008325228 -0.23911761839433454 0.38268343236508984
-0.8748493653587904 -0.29697134293496286 0.38268343236508984 -0.8748493653587904 -0.29697134293496286 0.38268343236508984
-0.8535533905932738 -0.3535533905932737 0.38268343236508984 -0.8535533905932738 -0.3535533905932737 0.38268343236508984
-0.828602369169336 -0.40862146835456037 0.38268343236508984 -0.828602369169336 -0.40862146835456037 0.38268343236508984
-0.8001031451912657 -0.46193976625564315 0.38268343236508984 -0.8001031451912657 -0.46193976625564315 0.38268343236508984
-0.7681777567114165 -0.5132799671593365 0.38268343236508984 -0.7681777567114165 -0.5132799671593365 0.38268343236508984
-0.7329629131445341 -0.5624222244434797 0.38268343236508984 -0.7329629131445341 -0.5624222244434797 0.38268343236508984
-0.6946094098570536 -0.6091561034179249 0.38268343236508984 -0.6946094098570536 -0.6091561034179249 0.38268343236508984
-0.6532814824381886 -0.6532814824381878 0.38268343236508984 -0.6532814824381886 -0.6532814824381878 0.38268343236508984
-0.6091561034179251 -0.6946094098570533 0.38268343236508984 -0.6091561034179251 -0.6946094098570533 0.38268343236508984
-0.5624222244434799 -0.7329629131445339 0.38268343236508984 -0.5624222244434799 -0.7329629131445339 0.38268343236508984
-0.5132799671593367 -0.7681777567114163 0.38268343236508984 -0.5132799671593367 -0.7681777567114163 0.38268343236508984
-0.46193976625564376 -0.8001031451912652 0.38268343236508984 -0.46193976625564376 -0.8001031451912652 0.38268343236508984
-0.4086214683545603 -0.8286023691693362 0.38268343236508984 -0.4086214683545603 -0.8286023691693362 0.38268343236508984
-0.3535533905932735 -0.8535533905932738 0.38268343236508984 -0.3535533905932735 -0.8535533905932738 0.38268343236508984
-0.2969713429349631 -0.8748493653587903 0.38268343236508984 -0.2969713429349631 -0.8748493653587903 0.38268343236508984
-0.2391176183943344 -0.8923991008325228 0.38268343236508984 -0.2391176183943344 -0.8923991008325228 0.38268343236508984
-0.18023995550173735 -0.9061274463528877 0.38268343236508984 -0.18023995550173735 -0.9061274463528877 0.38268343236508984
-0.12059047744873964 -0.9159756150367534 0.38268343236508984 -0.12059047744873964 -0.9159756150367534 0.38268343236508984
-0.06042461245791954 -0.9219014355138969 0.38268343236508984 -0.06042461245791954 -0.9219014355138969 0.38268343236508984
-1.6971391684315505e-16 -0.9238795325112867 0.38268343236508984 -1.6971391684315505e-16 -0.9238795325112867 0.38268343236508984
0.060424612457919205 -0.921901435513897 0.38268343236508984 0.060424612457919205 -0.921901435513897 0.38268343236508984
0.12059047744873931 -0.9159756150367535 0.38268343236508984 0.12059047744873931 -0.9159756150367535 0.38268343236508984
0.18023995550173702 -0.9061274463528878 0.38268343236508984 0.18023995550173702 -0.9061274463528878 0.38268343236508984
0.2391176183943341 -0.8923991008325229 0.38268343236508984 0.2391176183943341 -0.8923991008325229 0.38268343236508984
0.2969713429349628 -0.8748493653587904 0.38268343236508984 0.2969713429349628 -0.8748493653587904 0.38268343236508984
0.3535533905932732 -0.853553390593274 0.38268343236508984 0.3535533905932732 -0.853553390593274 0.38268343236508984
0.40862146835456 -0.8286023691693364 0.38268343236508984 0.40862146835456 -0.8286023691693364 0.38268343236508984
0.4619397662556435 -0.8001031451912655 0.38268343236508984 0.4619397662556435 -0.8001031451912655 0.38268343236508984
0.5132799671593364 -0.7681777567114165 0.38268343236508984 0.5132799671593364 -0.7681777567114165 0.38268343236508984
0.562422224443479 -0.7329629131445347 0.38268343236508984 0.562422224443479 -0.7329629131445347 0.38268343236508984
0.6091561034179251 -0.6946094098570532 0.38268343236508984 0.6091561034179251 -0.6946094098570532 0.38268343236508984
0.6532814824381881 -0.6532814824381884 0.38268343236508984 0.6532814824381881 -0.6532814824381884 0.38268343236508984
0.6946094098570536 -0.6091561034179248 0.38268343236508984 0.6946094098570536 -0.6091561034179248 0.38268343236508984
0.7329629131445339 -0.5624222244434799 0.38268343236508984 0.7329629131445339 -0.5624222244434799 0.38268343236508984
0.7681777567114159 -0.5132799671593374 0.38268343236508984 0.7681777567114159 -0.5132799671593374 0.38268343236508984
0.8001031451912652 -0.46193976625564376 0.38268343236508984 0.8001031451912652 -0.46193976625564376 0.38268343236508984
0.8286023691693362 -0.40862146835456037 0.38268343236508984 0.8286023691693362 -0.40862146835456037 0.38268343236508984
0.8535533905932738 -0.35355339059327356 0.38268343236508984 0.8535533905932738 -0.35355339059327356 0.38268343236508984
0.8748493653587903 -0.29697134293496313 0.38268343236508984 0.8748493653587903 -0.29697134293496313 0.38268343236508984
0.8923991008325226 -0.23911761839433526 0.38268343236508984 0.8923991008325226 -0.23911761839433526 0.38268343236508984
0.9061274463528877 -0.18023995550173738 0.38268343236508984 0.9061274463528877 -0.18023995550173738 0.38268343236508984
0.9159756150367534 -0.1205904774487397 0.38268343236508984 0.9159756150367534 -0.1205904774487397 0.38268343236508984
0.9219014355138969 -0.0604246124579196 0.38268343236508984 0.9219014355138969 -0.0604246124579196 0.38268343236508984
0.9469301294951056 0.0 0.3214394653031617 0.9469301294951056 0.0 0.3214394653031617
0.9449026794001774 0.06193219363128449 0.3214394653031617 0.9449026794001774 0.06193219363128449 0.3214394653031617
0.9388290109679592 0.12359918410143649 0.3214394653031617 0.9388290109679592 0.12359918410143649 0.3214394653031617
0.9287351325791244 0.18473690388997416 0.3214394653031617 0.9287351325791244 0.18473690388997416 0.3214394653031617
0.9146642677705743 0.24508355189472952 0.3214394653031617 0.9146642677705743 0.24508355189472952 0.3214394653031617
0.8966766701456175 0.3043807145043603 0.3214394653031617 0.8966766701456175 0.3043807145043603 0.3214394653031617
0.8748493653587903 0.36237447216510593 0.3214394653031617 0.8748493653587903 0.36237447216510593 0.3214394653031617
0.849275821280179 0.41881648670329946 0.3214394653031617 0.849275821280179 0.41881648670329946 0.3214394653031617
0.8200655477516496 0.47346506474755273 0.3214394653031617 0.8200655477516496 0.47346506474755273 0.3214394653031617
0.7873436276488944 0.5260861926968778 0.3214394653031617 0.7873436276488944 0.5260861926968778 0.3214394653031617
0.7512501812573539 0.5764545388028534 0.3214394653031617 0.7512501812573539 0.5764545388028534 0.3214394653031617
0.7119397662556434 0.6243544180747641 0.3214394653031617 0.7119397662556434 0.6243544180747641 0.3214394653031617
0.6695807158758448 0.6695807158758447 0.3214394653031617 0.6695807158758448 0.6695807158758447 0.3214394653031617
0.6243544180747641 0.7119397662556433 0.3214394653031617 0.6243544180747641 0.7119397662556433 0.3214394653031617
0.5764545388028534 0.7512501812573539 0.3214394653031617 0.5764545388028534 0.7512501812573539 0.3214394653031617
0.5260861926968781 0.7873436276488943 0.3214394653031617 0.5260861926968781 0.7873436276488943 0.3214394653031617
0.4734650647475529 0.8200655477516495 0.3214394653031617 0.4734650647475529 0.8200655477516495 0.3214394653031617
0.41881648670329946 0.849275821280179 0.3214394653031617 0.41881648670329946 0.849275821280179 0.3214394653031617
0.362374472165106 0.8748493653587903 0.3214394653031617 0.362374472165106 0.8748493653587903 0.3214394653031617
0.3043807145043604 0.8966766701456175 0.3214394653031617 0.3043807145043604 0.8966766701456175 0.3214394653031617
0.24508355189472952 0.9146642677705743 0.3214394653031617 0.24508355189472952 0.9146642677705743 0.3214394653031617
0.18473690388997424 0.9287351325791244 0.3214394653031617 0.18473690388997424 0.9287351325791244 0.3214394653031617
0.12359918410143661 0.9388290109679592 0.3214394653031617 0.12359918410143661 0.9388290109679592 0.3214394653031617
0.061932193631284695 0.9449026794001774 0.3214394653031617 0.061932193631284695 0.9449026794001774 0.3214394653031617
5.798274760511848e-17 0.9469301294951056 0.3214394653031617 5.798274760511848e-17 0.9469301294951056 0.3214394653031617
-0.06193219363128457 0.9449026794001774 0.3214394653031617 -0.06193219363128457 0.9449026794001774 0.3214394653031617
-0.1235991841014365 0.9388290109679592 0.3214394653031617 -0.1235991841014365 0.9388290109679592 0.3214394653031617
-0.1847369038899741 0.9287351325791244 0.3214394653031617 -0.1847369038899741 0.9287351325791244 0.3214394653031617
-0.24508355189472944 0.9146642677705743 0.3214394653031617 -0.24508355189472944 0.9146642677705743 0.3214394653031617
-0.3043807145043603 0.8966766701456175 0.3214394653031617 -0.3043807145043603 0.8966766701456175 0.3214394653031617
-0.36237447216510565 0.8748493653587904 0.3214394653031617 -0.36237447216510565 0.8748493653587904 0.3214394653031617
-0.4188164867032994 0.849275821280179 0.3214394653031617 -0.4188164867032994 0.849275821280179 0.3214394653031617
-0.4734650647475526 0.8200655477516496 0.3214394653031617 -0.4734650647475526 0.8200655477516496 0.3214394653031617
-0.5260861926968781 0.7873436276488943 0.3214394653031617 -0.5260861926968781 0.7873436276488943 0.3214394653031617
-0.5764545388028534 0.7512501812573539 0.3214394653031617 -0.5764545388028534 0.7512501812573539 0.3214394653031617
-0.6243544180747641 0.7119397662556433 0.3214394653031617 -0.6243544180747641 0.7119397662556433 0.3214394653031617
-0.6695807158758447 0.6695807158758448 0.3214394653031617 -0.6695807158758447 0.6695807158758448 0.3214394653031617
-0.7119397662556431 0.6243544180747642 0.3214394653031617 -0.7119397662556431 0.6243544180747642 0.3214394653031617
-0.7512501812573538 0.5764545388028536 0.3214394653031617 -0.7512501812573538 0.5764545388028536 0.3214394653031617
-0.7873436276488942 0.5260861926968782 0.3214394653031617 -0.7873436276488942 0.5260861926968782 0.3214394653031617
-0.8200655477516496 0.47346506474755273 0.3214394653031617 -0.8200655477516496 0.47346506474755273 0.3214394653031617
-0.8492758212801788 0.4188164867032999 0.3214394653031617 -0.8492758212801788 0.4188164867032999 0.3214394653031617
-0.8748493653587903 0.36237447216510604 0.3214394653031617 -0.8748493653587903 0.36237447216510604 0.3214394653031617
-0.8966766701456175 0.30438071450436044 0.3214394653031617 -0.8966766701456175 0.30438071450436044 0.3214394653031617
-0.9146642677705742 0.2450835518947298 0.3214394653031617 -0.9146642677705742 0.2450835518947298 0.3214394653031617
-0.9287351325791244 0.1847369038899741 0.3214394653031617 -0.9287351325791244 0.1847369038899741 0.3214394653031617
-0.9388290109679592 0.12359918410143687 0.3214394653031617 -0.9388290109679592 0.12359918410143687 0.3214394653031617
-0.9449026794001774 0.06193219363128455 0.3214394653031617 -0.9449026794001774 0.06193219363128455 0.3214394653031617
-0.9469301294951056 1.1596549521023696e-16 0.3214394653031617 -0.9469301294951056 1.1596549521023696e-16 0.3214394653031617
-0.9449026794001774 -0.06193219363128431 0.3214394653031617 -0.9449026794001774 -0.06193219363128431 0.3214394653031617
-0.9388290109679592 -0.12359918410143667 0.3214394653031617 -0.9388290109679592 -0.12359918410143667 0.3214394653031617
-0.9287351325791245 -0.18473690388997385 0.3214394653031617 -0.9287351325791245 -0.18473690388997385 0.3214394653031617
-0.9146642677705743 -0.24508355189472958 0.3214394653031617 -0.9146642677705743 -0.24508355189472958 0.3214394653031617
-0.8966766701456175 -0.3043807145043603 0.3214394653031617 -0.8966766701456175 -0.3043807145043603 0.3214394653031617
-0.8748493653587904 -0.3623744721651058 0.3214394653031617 -0.8748493653587904 -0.3623744721651058 0.3214394653031617
-0.8492758212801788 -0.4188164867032997 0.3214394653031617 -0.8492758212801788 -0.4188164867032997 0.3214394653031617
-0.8200655477516497 -0.47346506474755257 0.3214394653031617 -0.8200655477516497 -0.47346506474755257 0.3214394653031617
-0.7873436276488947 -0.5260861926968776 0.3214394653031617 -0.7873436276488947 -0.5260861926968776 0.3214394653031617
-0.7512501812573539 -0.5764545388028534 0.3214394653031617 -0.7512501812573539 -0.5764545388028534 0.3214394653031617
-0.7119397662556434 -0.6243544180747641 0.3214394653031617 -0.7119397662556434 -0.6243544180747641 0.3214394653031617
-0.6695807158758451 -0.6695807158758443 0.3214394653031617 -0.6695807158758451 -0.6695807158758443 0.3214394653031617
-0.6243544180747643 -0.7119397662556431 0.3214394653031617 -0.6243544180747643 -0.7119397662556431 0.3214394653031617
-0.5764545388028536 -0.7512501812573537 0.3214394653031617 -0.5764545388028536 -0.7512501812573537 0.3214394653031617
-0.5260861926968778 -0.7873436276488944 0.3214394653031617 -0.5260861926968778 -0.7873436276488944 0.3214394653031617
-0.47346506474755323 -0.8200655477516493 0.3214394653031617 -0.47346506474755323 -0.8200655477516493 0.3214394653031617
-0.4188164867032996 -0.8492758212801789 0.3214394653031617 -0.4188164867032996 -0.8492758212801789 0.3214394653031617
-0.36237447216510565 -0.8748493653587904 0.3214394653031617 -0.36237447216510565 -0.8748493653587904 0.3214394653031617
-0.3043807145043605 -0.8966766701456175 0.3214394653031617 -0.3043807145043605 -0.8966766701456175 0.3214394653031617
-0.24508355189472944 -0.9146642677705743 0.3214394653031617 -0.24508355189472944 -0.9146642677705743 0.3214394653031617
-0.18473690388997457 -0.9287351325791243 0.3214394653031617 -0.18473690388997457 -0.9287351325791243 0.3214394653031617
-0.12359918410143653 -0.9388290109679592 0.3214394653031617 -0.12359918410143653 -0.9388290109679592 0.3214394653031617
-0.06193219363128418 -0.9449026794001774 0.3214394653031617 -0.06193219363128418 -0.9449026794001774 0.3214394653031617
-1.7394824281535545e-16 -0.9469301294951056 0.3214394653031617 -1.7394824281535545e-16 -0.9469301294951056 0.3214394653031617
0.061932193631283834 -0.9449026794001775 0.3214394653031617 0.061932193631283834 -0.9449026794001775 0.3214394653031617
0.1235991841014362 -0.9388290109679593 0.3214394653031617 0.1235991841014362 -0.9388290109679593 0.3214394653031617
0.1847369038899742 -0.9287351325791244 0.3214394653031617 0.1847369038899742 -0.9287351325791244 0.3214394653031617
0.2450835518947291 -0.9146642677705744 0.3214394653031617 0.2450835518947291 -0.9146642677705744 0.3214394653031617
0.3043807145043602 -0.8966766701456175 0.3214394653031617 0.3043807145043602 -0.8966766701456175 0.3214394653031617
0.3623744721651054 -0.8748493653587905 0.3214394653031617 0.3623744721651054 -0.8748493653587905 0.3214394653031617
0.4188164867032993 -0.8492758212801791 0.3214394653031617 0.4188164867032993 -0.8492758212801791 0.3214394653031617
0.4734650647475529 -0.8200655477516495 0.3214394653031617 0.4734650647475529 -0.8200655477516495 0.3214394653031617
0.5260861926968775 -0.7873436276488947 0.3214394653031617 0.5260861926968775 -0.7873436276488947 0.3214394653031617
0.5764545388028527 -0.7512501812573544 0.3214394653031617 0.5764545388028527 -0.7512501812573544 0.3214394653031617
0.6243544180747643 -0.711939766255643 0.3214394653031617 0.6243544180747643 -0.711939766255643 0.3214394653031617
0.6695807158758446 -0.6695807158758449 0.3214394653031617 0.6695807158758446 -0.6695807158758449 0.3214394653031617
0.7119397662556434 -0.624354418074764 0.3214394653031617 0.7119397662556434 -0.624354418074764 0.3214394653031617
0.7512501812573537 -0.5764545388028536 0.3214394653031617 0.7512501812573537 -0.5764545388028536 0.3214394653031617
0.787343627648894 -0.5260861926968786 0.3214394653031617 0.787343627648894 -0.5260861926968786 0.3214394653031617
0.8200655477516493 -0.47346506474755323 0.3214394653031617 0.8200655477516493 -0.47346506474755323 0.3214394653031617
0.8492758212801789 -0.41881648670329963 0.3214394653031617 0.8492758212801789 -0.41881648670329963 0.3214394653031617
0.8748493653587904 -0.3623744721651057 0.3214394653031617 0.8748493653587904 -0.3623744721651057 0.3214394653031617
0.8966766701456175 -0.30438071450436055 0.3214394653031617 0.8966766701456175 -0.30438071450436055 0.3214394653031617
0.9146642677705741 -0.24508355189473033 0.3214394653031617 0.9146642677705741 -0.24508355189473033 0.3214394653031617
0.9287351325791243 -0.1847369038899746 0.3214394653031617 0.9287351325791243 -0.1847369038899746 0.3214394653031617
0.9388290109679592 -0.12359918410143658 0.3214394653031617 0.9388290109679592 -0.12359918410143658 0.3214394653031617
0.9449026794001774 -0.061932193631284244 0.3214394653031617 0.9449026794001774 -0.061932193631284244 0.3214394653031617
0.9659258262890683 0.0 0.25881904510252074 0.9659258262890683 0.0 0.25881904510252074
0.963857704949168 0.06317457164351666 0.25881904510252074 0.963857704949168 0.06317457164351666 0.25881904510252074
0.9576621969425486 0.12607862007251908 0.25881904510252074 0.9576621969425486 0.12607862007251908 0.25881904510252074
0.9473658323856459 0.18844278049442909 0.25881904510252074 0.9473658323856459 0.18844278049442909 0.25881904510252074
0.9330127018922194 0.24999999999999997 0.25881904510252074 0.9330127018922194 0.24999999999999997 0.25881904510252074
0.9146642677705744 0.31048668112487265 0.25881904510252074 0.9146642677705744 0.31048668112487265 0.25881904510252074
0.8923991008325228 0.3696438106143861 0.25881904510252074 0.8923991008325228 0.3696438106143861 0.25881904510252074
0.866312543941104 0.4272180685580985 0.25881904510252074 0.866312543941104 0.4272180685580985 0.25881904510252074
0.8365163037378079 0.4829629131445341 0.25881904510252074 0.8365163037378079 0.4829629131445341 0.25881904510252074
0.8031379722975873 0.5366396363910695 0.25881904510252074 0.8031379722975873 0.5366396363910695 0.25881904510252074
0.7663204807600037 0.5880183863281625 0.25881904510252074 0.7663204807600037 0.5880183863281625 0.25881904510252074
0.7262214872761453 0.6368791512607732 0.25881904510252074 0.7262214872761453 0.6368791512607732 0.25881904510252074
0.6830127018922194 0.6830127018922193 0.25881904510252074 0.6830127018922194 0.6830127018922193 0.25881904510252074
0.6368791512607732 0.7262214872761452 0.25881904510252074 0.6368791512607732 0.7262214872761452 0.25881904510252074
0.5880183863281625 0.7663204807600037 0.25881904510252074 0.5880183863281625 0.7663204807600037 0.25881904510252074
0.5366396363910697 0.8031379722975872 0.25881904510252074 0.5366396363910697 0.8031379722975872 0.25881904510252074
0.48296291314453427 0.8365163037378078 0.25881904510252074 0.48296291314453427 0.8365163037378078 0.25881904510252074
0.4272180685580985 0.866312543941104 0.25881904510252074 0.4272180685580985 0.866312543941104 0.25881904510252074
0.36964381061438617 0.8923991008325228 0.25881904510252074 0.36964381061438617 0.8923991008325228 0.25881904510252074
0.31048668112487277 0.9146642677705743 0.25881904510252074 0.31048668112487277 0.9146642677705743 0.25881904510252074
0.24999999999999997 0.9330127018922194 0.25881904510252074 0.24999999999999997 0.9330127018922194 0.25881904510252074
0.18844278049442917 0.9473658323856459 0.25881904510252074 0.18844278049442917 0.9473658323856459 0.25881904510252074
0.12607862007251922 0.9576621969425486 0.25881904510252074 0.12607862007251922 0.9576621969425486 0.25881904510252074
0.06317457164351685 0.963857704949168 0.25881904510252074 0.06317457164351685 0.963857704949168 0.25881904510252074
5.914589856893349e-17 0.9659258262890683 0.25881904510252074 5.914589856893349e-17 0.9659258262890683 0.25881904510252074
-0.06317457164351674 0.963857704949168 0.25881904510252074 -0.06317457164351674 0.963857704949168 0.25881904510252074
-0.1260786200725191 0.9576621969425486 0.25881904510252074 -0.1260786200725191 0.9576621969425486 0.25881904510252074
-0.18844278049442903 0.9473658323856459 0.25881904510252074 -0.18844278049442903 0.9473658323856459 0.25881904510252074
-0.2499999999999999 0.9330127018922194 0.25881904510252074 -0.2499999999999999 0.9330127018922194 0.25881904510252074
-0.31048668112487265 0.9146642677705744 0.25881904510252074 -0.31048668112487265 0.9146642677705744 0.25881904510252074
-0.3696438106143859 0.8923991008325229 0.25881904510252074 -0.3696438106143859 0.8923991008325229 0.25881904510252074
-0.42721806855809846 0.866312543941104 0.25881904510252074 -0.42721806855809846 0.866312543941104 0.25881904510252074
-0.482962913144534 0.8365163037378079 0.25881904510252074 -0.482962913144534 0.8365163037378079 0.25881904510252074
-0.5366396363910697 0.8031379722975872 0.25881904510252074 -0.5366396363910697 0.8031379722975872 0.25881904510252074
-0.5880183863281625 0.7663204807600037 0.25881904510252074 -0.5880183863281625 0.7663204807600037 0.25881904510252074
-0.6368791512607732 0.7262214872761452 0.25881904510252074 -0.6368791512607732 0.7262214872761452 0.25881904510252074
-0.6830127018922193 0.6830127018922194 0.25881904510252074 -0.6830127018922193 0.6830127018922194 0.25881904510252074
-0.7262214872761452 0.6368791512607733 0.25881904510252074 -0.7262214872761452 0.6368791512607733 0.25881904510252074
-0.7663204807600036 0.5880183863281627 0.25881904510252074 -0.7663204807600036 0.5880183863281627 0.25881904510252074
-0.8031379722975871 0.5366396363910698 0.25881904510252074 -0.8031379722975871 0.5366396363910698 0.25881904510252074
-0.8365163037378079 0.4829629131445341 0.25881904510252074 -0.8365163037378079 0.4829629131445341 0.25881904510252074
-0.8663125439411038 0.42721806855809896 0.25881904510252074 -0.8663125439411038 0.42721806855809896 0.25881904510252074
-0.8923991008325228 0.3696438106143862 0.25881904510252074 -0.8923991008325228 0.3696438106143862 0.25881904510252074
-0.9146642677705743 0.3104866811248728 0.25881904510252074 -0.9146642677705743 0.3104866811248728 0.25881904510252074
-0.9330127018922193 0.2500000000000003 0.25881904510252074 -0.9330127018922193 0.2500000000000003 0.25881904510252074
-0.9473658323856459 0.188442780494429 0.25881904510252074 -0.9473658323856459 0.188442780494429 0.25881904510252074
-0.9576621969425486 0.12607862007251947 0.25881904510252074 -0.9576621969425486 0.12607862007251947 0.25881904510252074
-0.963857704949168 0.06317457164351671 0.25881904510252074 -0.963857704949168 0.06317457164351671 0.25881904510252074
-0.9659258262890683 1.1829179713786698e-16 0.25881904510252074 -0.9659258262890683 1.1829179713786698e-16 0.25881904510252074
-0.963857704949168 -0.06317457164351646 0.25881904510252074 -0.963857704949168 -0.06317457164351646 0.25881904510252074
-0.9576621969425486 -0.12607862007251927 0.25881904510252074 -0.9576621969425486 -0.12607862007251927 0.25881904510252074
-0.947365832385646 -0.18844278049442878 0.25881904510252074 -0.947365832385646 -0.18844278049442878 0.25881904510252074
-0.9330127018922194 -0.25000000000000006 0.25881904510252074 -0.9330127018922194 -0.25000000000000006 0.25881904510252074
-0.9146642677705744 -0.3104866811248726 0.25881904510252074 -0.9146642677705744 -0.3104866811248726 0.25881904510252074
-0.8923991008325229 -0.369643810614386 0.25881904510252074 -0.8923991008325229 -0.369643810614386 0.25881904510252074
-0.8663125439411038 -0.42721806855809874 0.25881904510252074 -0.8663125439411038 -0.42721806855809874 0.25881904510252074
-0.836516303737808 -0.48296291314453393 0.25881904510252074 -0.836516303737808 -0.48296291314453393 0.25881904510252074
-0.8031379722975875 -0.5366396363910693 0.25881904510252074 -0.8031379722975875 -0.5366396363910693 0.25881904510252074
-0.7663204807600037 -0.5880183863281625 0.25881904510252074 -0.7663204807600037 -0.5880183863281625 0.25881904510252074
-0.7262214872761453 -0.6368791512607732 0.25881904510252074 -0.7262214872761453 -0.6368791512607732 0.25881904510252074
-0.6830127018922197 -0.683012701892219 0.25881904510252074 -0.6830127018922197 -0.683012701892219 0.25881904510252074
-0.6368791512607734 -0.7262214872761452 0.25881904510252074 -0.6368791512607734 -0.7262214872761452 0.25881904510252074
-0.5880183863281627 -0.7663204807600035 0.25881904510252074 -0.5880183863281627 -0.7663204807600035 0.25881904510252074
-0.5366396363910695 -0.8031379722975873 0.25881904510252074 -0.5366396363910695 -0.8031379722975873 0.25881904510252074
-0.4829629131445346 -0.8365163037378076 0.25881904510252074 -0.4829629131445346 -0.8365163037378076 0.25881904510252074
-0.42721806855809863 -0.8663125439411039 0.25881904510252074 -0.42721806855809863 -0.8663125439411039 0.25881904510252074
-0.3696438106143859 -0.8923991008325229 0.25881904510252074 -0.3696438106143859 -0.8923991008325229 0.25881904510252074
-0.3104866811248729 -0.9146642677705743 0.25881904510252074 -0.3104866811248729 -0.9146642677705743 0.25881904510252074
-0.2499999999999999 -0.9330127018922194 0.25881904510252074 -0.2499999999999999 -0.9330127018922194 0.25881904510252074
-0.1884427804944295 -0.9473658323856458 0.25881904510252074 -0.1884427804944295 -0.9473658323856458 0.25881904510252074
-0.12607862007251913 -0.9576621969425486 0.25881904510252074 -0.12607862007251913 -0.9576621969425486 0.25881904510252074
-0.06317457164351634 -0.963857704949168 0.25881904510252074 -0.06317457164351634 -0.963857704949168 0.25881904510252074
-1.7743769570680046e-16 -0.9659258262890683 0.25881904510252074 -1.7743769570680046e-16 -0.9659258262890683 0.25881904510252074
0.06317457164351599 -0.9638577049491681 0.25881904510252074 0.06317457164351599 -0.9638577049491681 0.25881904510252074
0.12607862007251877 -0.9576621969425487 0.25881904510252074 0.12607862007251877 -0.9576621969425487 0.25881904510252074
0.18844278049442914 -0.9473658323856459 0.25881904510252074 0.18844278049442914 -0.9473658323856459 0.25881904510252074
0.24999999999999956 -0.9330127018922195 0.25881904510252074 0.24999999999999956 -0.9330127018922195 0.25881904510252074
0.31048668112487254 -0.9146642677705744 0.25881904510252074 0.31048668112487254 -0.9146642677705744 0.25881904510252074
0.36964381061438556 -0.892399100832523 0.25881904510252074 0.36964381061438556 -0.892399100832523 0.25881904510252074
0.42721806855809835 -0.8663125439411041 0.25881904510252074 0.42721806855809835 -0.8663125439411041 0.25881904510252074
0.48296291314453427 -0.8365163037378078 0.25881904510252074 0.48296291314453427 -0.8365163037378078 0.25881904510252074
0.5366396363910692 -0.8031379722975875 0.25881904510252074 0.5366396363910692 -0.8031379722975875 0.25881904510252074
0.5880183863281617 -0.7663204807600043 0.25881904510252074 0.5880183863281617 -0.7663204807600043 0.25881904510252074
0.6368791512607734 -0.7262214872761451 0.25881904510252074 0.6368791512607734 -0.7262214872761451 0.25881904510252074
0.6830127018922192 -0.6830127018922195 0.25881904510252074 0.6830127018922192 -0.6830127018922195 0.25881904510252074
0.7262214872761453 -0.6368791512607731 0.25881904510252074 0.7262214872761453 -0.6368791512607731 0.25881904510252074
0.7663204807600035 -0.5880183863281627 0.25881904510252074 0.7663204807600035 -0.5880183863281627 0.25881904510252074
0.8031379722975869 -0.5366396363910703 0.25881904510252074 0.8031379722975869 -0.5366396363910703 0.25881904510252074
0.8365163037378076 -0.4829629131445346 0.25881904510252074 0.8365163037378076 -0.4829629131445346 0.25881904510252074
0.8663125439411039 -0.4272180685580987 0.25881904510252074 0.8663125439411039 -0.4272180685580987 0.25881904510252074
0.8923991008325229 -0.36964381061438595 0.25881904510252074 0.8923991008325229 -0.36964381061438595 0.25881904510252074
0.9146642677705743 -0.31048668112487293 0.25881904510252074 0.9146642677705743 -0.31048668112487293 0.25881904510252074
0.9330127018922192 -0.2500000000000008 0.25881904510252074 0.9330127018922192 -0.2500000000000008 0.25881904510252074
0.9473658323856458 -0.18844278049442956 0.25881904510252074 0.9473658323856458 -0.18844278049442956 0.25881904510252074
0.9576621969425486 -0.1260786200725192 0.25881904510252074 0.9576621969425486 -0.1260786200725192 0.25881904510252074
0.963857704949168 -0.06317457164351639 0.25881904510252074 0.963857704949168 -0.06317457164351639 0.25881904510252074
0.9807852804032304 0.0 0.19509032201612833 0.9807852804032304 0.0 0.19509032201612833
0.9786853438314393 0.06414642644123458 0.19509032201612833 0.9786853438314393 0.06414642644123458 0.19509032201612833
0.9723945263668545 0.12801816803650923 0.19509032201612833 0.9723945263668545 0.12801816803650923 0.19509032201612833
0.9619397662556434 0.19134171618254486 0.19509032201612833 0.9619397662556434 0.19134171618254486 0.19509032201612833
0.9473658323856459 0.25384590972457216 0.19509032201612833 0.9473658323856459 0.25384590972457216 0.19509032201612833
0.9287351325791245 0.3152630961100258 0.19509032201612833 0.9287351325791245 0.3152630961100258 0.19509032201612833
0.9061274463528878 0.37533027751786524 0.19509032201612833 0.9061274463528878 0.37533027751786524 0.19509032201612833
0.8796395832901518 0.43379023705562064 0.19509032201612833 0.8796395832901518 0.43379023705562064 0.19509032201612833
0.8493849684870416 0.49039264020161516 0.19509032201612833 0.8493849684870416 0.49039264020161516 0.19509032201612833
0.8154931568489171 0.5448951067758185 0.19509032201612833 0.8154931568489171 0.5448951067758185 0.19509032201612833
0.7781092783163785 0.5970642488489893 0.19509032201612833 0.7781092783163785 0.5970642488489893 0.19509032201612833
0.7373934163965797 0.6466766701456176 0.19509032201612833 0.7373934163965797 0.6466766701456176 0.19509032201612833
0.6935199226610738 0.6935199226610737 0.19509032201612833 0.6935199226610738 0.6935199226610737 0.19509032201612833
0.6466766701456176 0.7373934163965796 0.19509032201612833 0.6466766701456176 0.7373934163965796 0.19509032201612833
0.5970642488489893 0.7781092783163785 0.19509032201612833 0.5970642488489893 0.7781092783163785 0.19509032201612833
0.5448951067758188 0.815493156848917 0.19509032201612833 0.5448951067758188 0.815493156848917 0.19509032201612833
0.4903926402016153 0.8493849684870415 0.19509032201612833 0.4903926402016153 0.8493849684870415 0.19509032201612833
0.43379023705562064 0.8796395832901518 0.19509032201612833 0.43379023705562064 0.8796395832901518 0.19509032201612833
0.3753302775178653 0.9061274463528878 0.19509032201612833 0.3753302775178653 0.9061274463528878 0.19509032201612833
0.3152630961100259 0.9287351325791244 0.19509032201612833 0.3152630961100259 0.9287351325791244 0.19509032201612833
0.25384590972457216 0.9473658323856459 0.19509032201612833 0.25384590972457216 0.9473658323856459 0.19509032201612833
0.19134171618254495 0.9619397662556434 0.19509032201612833 0.19134171618254495 0.9619397662556434 0.19509032201612833
0.12801816803650937 0.9723945263668545 0.19509032201612833 0.12801816803650937 0.9723945263668545 0.19509032201612833
0.06414642644123478 0.9786853438314393 0.19509032201612833 0.06414642644123478 0.9786853438314393 0.19509032201612833
6.005577771483278e-17 0.9807852804032304 0.19509032201612833 6.005577771483278e-17 0.9807852804032304 0.19509032201612833
-0.06414642644123467 0.9786853438314393 0.19509032201612833 -0.06414642644123467 0.9786853438314393 0.19509032201612833
-0.12801816803650926 0.9723945263668545 0.19509032201612833 -0.12801816803650926 0.9723945263668545 0.19509032201612833
-0.1913417161825448 0.9619397662556434 0.19509032201612833 -0.1913417161825448 0.9619397662556434 0.19509032201612833
-0.25384590972457205 0.9473658323856459 0.19509032201612833 -0.25384590972457205 0.9473658323856459 0.19509032201612833
-0.3152630961100258 0.9287351325791245 0.19509032201612833 -0.3152630961100258 0.9287351325791245 0.19509032201612833
-0.37533027751786496 0.9061274463528879 0.19509032201612833 -0.37533027751786496 0.9061274463528879 0.19509032201612833
-0.43379023705562053 0.8796395832901518 0.19509032201612833 -0.43379023705562053 0.8796395832901518 0.19509032201612833
-0.49039264020161505 0.8493849684870416 0.19509032201612833 -0.49039264020161505 0.8493849684870416 0.19509032201612833
-0.5448951067758188 0.815493156848917 0.19509032201612833 -0.5448951067758188 0.815493156848917 0.19509032201612833
-0.5970642488489893 0.7781092783163785 0.19509032201612833 -0.5970642488489893 0.7781092783163785 0.19509032201612833
-0.6466766701456176 0.7373934163965796 0.19509032201612833 -0.6466766701456176 0.7373934163965796 0.19509032201612833
-0.6935199226610737 0.6935199226610738 0.19509032201612833 -0.6935199226610737 0.6935199226610738 0.19509032201612833
-0.7373934163965795 0.6466766701456177 0.19509032201612833 -0.7373934163965795 0.6466766701456177 0.19509032201612833
-0.7781092783163784 0.5970642488489896 0.19509032201612833 -0.7781092783163784 0.5970642488489896 0.19509032201612833
-0.8154931568489169 0.5448951067758189 0.19509032201612833 -0.8154931568489169 0.5448951067758189 0.19509032201612833
-0.8493849684870416 0.49039264020161516 0.19509032201612833 -0.8493849684870416 0.49039264020161516 0.19509032201612833
-0.8796395832901516 0.4337902370556211 0.19509032201612833 -0.8796395832901516 0.4337902370556211 0.19509032201612833
-0.9061274463528878 0.37533027751786535 0.19509032201612833 -0.9061274463528878 0.37533027751786535 0.19509032201612833
-0.9287351325791244 0.31526309611002595 0.19509032201612833 -0.9287351325791244 0.31526309611002595 0.19509032201612833
-0.9473658323856458 0.25384590972457244 0.19509032201612833 -0.9473658323856458 0.25384590972457244 0.19509032201612833
-0.9619397662556434 0.19134171618254478 0.19509032201612833 -0.9619397662556434 0.19134171618254478 0.19509032201612833
-0.9723945263668545 0.12801816803650964 0.19509032201612833 -0.9723945263668545 0.12801816803650964 0.19509032201612833
-0.9786853438314393 0.06414642644123464 0.19509032201612833 -0.9786853438314393 0.06414642644123464 0.19509032201612833
-0.9807852804032304 1.2011155542966555e-16 0.19509032201612833 -0.9807852804032304 1.2011155542966555e-16 0.19509032201612833
-0.9786853438314393 -0.06414642644123439 0.19509032201612833 -0.9786853438314393 -0.06414642644123439 0.19509032201612833
-0.9723945263668545 -0.12801816803650942 0.19509032201612833 -0.9723945263668545 -0.12801816803650942 0.19509032201612833
-0.9619397662556435 -0.19134171618254453 0.19509032201612833 -0.9619397662556435 -0.19134171618254453 0.19509032201612833
-0.9473658323856459 -0.2538459097245722 0.19509032201612833 -0.9473658323856459 -0.2538459097245722 0.19509032201612833
-0.9287351325791245 -0.31526309611002573 0.19509032201612833 -0.9287351325791245 -0.31526309611002573 0.19509032201612833
-0.9061274463528879 -0.37533027751786513 0.19509032201612833 -0.9061274463528879 -0.37533027751786513 0.19509032201612833
-0.8796395832901516 -0.43379023705562086 0.19509032201612833 -0.8796395832901516 -0.43379023705562086 0.19509032201612833
-0.8493849684870417 -0.490392640201615 0.19509032201612833 -0.8493849684870417 -0.490392640201615 0.19509032201612833
-0.8154931568489173 -0.5448951067758184 0.19509032201612833 -0.8154931568489173 -0.5448951067758184 0.19509032201612833
-0.7781092783163785 -0.5970642488489893 0.19509032201612833 -0.7781092783163785 -0.5970642488489893 0.19509032201612833
-0.7373934163965797 -0.6466766701456176 0.19509032201612833 -0.7373934163965797 -0.6466766701456176 0.19509032201612833
-0.6935199226610741 -0.6935199226610733 0.19509032201612833 -0.6935199226610741 -0.6935199226610733 0.19509032201612833
-0.6466766701456178 -0.7373934163965795 0.19509032201612833 -0.6466766701456178 -0.7373934163965795 0.19509032201612833
-0.5970642488489896 -0.7781092783163783 0.19509032201612833 -0.5970642488489896 -0.7781092783163783 0.19509032201612833
-0.5448951067758185 -0.8154931568489171 0.19509032201612833 -0.5448951067758185 -0.8154931568489171 0.19509032201612833
-0.49039264020161566 -0.8493849684870413 0.19509032201612833 -0.49039264020161566 -0.8493849684870413 0.19509032201612833
-0.43379023705562075 -0.8796395832901517 0.19509032201612833 -0.43379023705562075 -0.8796395832901517 0.19509032201612833
-0.37533027751786496 -0.9061274463528879 0.19509032201612833 -0.37533027751786496 -0.9061274463528879 0.19509032201612833
-0.315263096110026 -0.9287351325791244 0.19509032201612833 -0.315263096110026 -0.9287351325791244 0.19509032201612833
-0.25384590972457205 -0.9473658323856459 0.19509032201612833 -0.25384590972457205 -0.9473658323856459 0.19509032201612833
-0.19134171618254528 -0.9619397662556433 0.19509032201612833 -0.19134171618254528 -0.9619397662556433 0.19509032201612833
-0.12801816803650928 -0.9723945263668545 0.19509032201612833 -0.12801816803650928 -0.9723945263668545 0.19509032201612833
-0.06414642644123425 -0.9786853438314393 0.19509032201612833 -0.06414642644123425 -0.9786853438314393 0.19509032201612833
-1.8016733314449831e-16 -0.9807852804032304 0.19509032201612833 -1.8016733314449831e-16 -0.9807852804032304 0.19509032201612833
0.0641464264412339 -0.9786853438314395 0.19509032201612833 0.0641464264412339 -0.9786853438314395 0.19509032201612833
0.12801816803650895 -0.9723945263668546 0.19509032201612833 0.12801816803650895 -0.9723945263668546 0.19509032201612833
0.19134171618254492 -0.9619397662556434 0.19509032201612833 0.19134171618254492 -0.9619397662556434 0.19509032201612833
0.2538459097245717 -0.947365832385646 0.19509032201612833 0.2538459097245717 -0.947365832385646 0.19509032201612833
0.3152630961100257 -0.9287351325791245 0.19509032201612833 0.3152630961100257 -0.9287351325791245 0.19509032201612833
0.37533027751786463 -0.906127446352888 0.19509032201612833 0.37533027751786463 -0.906127446352888 0.19509032201612833
0.4337902370556204 -0.8796395832901519 0.19509032201612833 0.4337902370556204 -0.8796395832901519 0.19509032201612833
0.4903926402016153 -0.8493849684870415 0.19509032201612833 0.4903926402016153 -0.8493849684870415 0.19509032201612833
0.5448951067758183 -0.8154931568489173 0.19509032201612833 0.5448951067758183 -0.8154931568489173 0.19509032201612833
0.5970642488489886 -0.7781092783163791 0.19509032201612833 0.5970642488489886 -0.7781092783163791 0.19509032201612833
0.6466766701456178 -0.7373934163965794 0.19509032201612833 0.6466766701456178 -0.7373934163965794 0.19509032201612833
0.6935199226610735 -0.6935199226610739 0.19509032201612833 0.6935199226610735 -0.6935199226610739 0.19509032201612833
0.7373934163965797 -0.6466766701456175 0.19509032201612833 0.7373934163965797 -0.6466766701456175 0.19509032201612833
0.7781092783163783 -0.5970642488489896 0.19509032201612833 0.7781092783163783 -0.5970642488489896 0.19509032201612833
0.8154931568489167 -0.5448951067758193 0.19509032201612833 0.8154931568489167 -0.5448951067758193 0.19509032201612833
0.8493849684870413 -0.49039264020161566 0.19509032201612833 0.8493849684870413 -0.49039264020161566 0.19509032201612833
0.8796395832901517 -0.4337902370556208 0.19509032201612833 0.8796395832901517 -0.4337902370556208 0.19509032201612833
0.9061274463528879 -0.375330277517865 0.19509032201612833 0.9061274463528879 -0.375330277517865 0.19509032201612833
0.9287351325791244 -0.31526309611002606 0.19509032201612833 0.9287351325791244 -0.31526309611002606 0.19509032201612833
0.9473658323856456 -0.25384590972457294 0.19509032201612833 0.9473658323856456 -0.25384590972457294 0.19509032201612833
0.9619397662556433 -0.19134171618254533 0.19509032201612833 0.9619397662556433 -0.19134171618254533 0.19509032201612833
0.9723945263668545 -0.12801816803650934 0.19509032201612833 0.9723945263668545 -0.12801816803650934 0.19509032201612833
0.9786853438314393 -0.06414642644123432 0.19509032201612833 0.9786853438314393 -0.06414642644123432 0.19509032201612833
0.9914448613738104 0.0 0.1305261922200517 0.9914448613738104 0.0 0.1305261922200517
0.989322101820917 0.0648435963929926 0.1305261922200517 0.989322101820917 0.0648435963929926 0.1305261922200517
0.9829629131445341 0.12940952255126037 0.1305261922200517 0.9829629131445341 0.12940952255126037 0.1305261922200517
0.9723945263668545 0.1934212972666523 0.1305261922200517 0.9723945263668545 0.1934212972666523 0.1305261922200517
0.9576621969425486 0.25660481229257065 0.1305261922200517 0.9576621969425486 0.25660481229257065 0.1305261922200517
0.9388290109679593 0.31868950611756475 0.1305261922200517 0.9388290109679593 0.31868950611756475 0.1305261922200517
0.9159756150367534 0.37940952255126037 0.1305261922200517 0.9159756150367534 0.37940952255126037 0.1305261922200517
0.8891998708988255 0.4385048491613818 0.1305261922200517 0.8891998708988255 0.4385048491613818 0.1305261922200517
0.858616436401261 0.49572243068690514 0.1305261922200517 0.858616436401261 0.49572243068690514 0.1305261922200517
0.8243562745058328 0.550817252659535 0.1305261922200517 0.8243562745058328 0.550817252659535 0.1305261922200517
0.786566092485493 0.6035533905932737 0.1305261922200517 0.786566092485493 0.6035533905932737 0.1305261922200517
0.7454077137013071 0.6537050202492898 0.1305261922200517 0.7454077137013071 0.6537050202492898 0.1305261922200517
0.7010573846499779 0.7010573846499778 0.1305261922200517 0.7010573846499779 0.7010573846499778 0.1305261922200517
0.6537050202492898 0.745407713701307 0.1305261922200517 0.6537050202492898 0.745407713701307 0.1305261922200517
0.6035533905932737 0.786566092485493 0.1305261922200517 0.6035533905932737 0.786566092485493 0.1305261922200517
0.5508172526595352 0.8243562745058327 0.1305261922200517 0.5508172526595352 0.8243562745058327 0.1305261922200517
0.4957224306869053 0.8586164364012608 0.1305261922200517 0.4957224306869053 0.8586164364012608 0.1305261922200517
0.4385048491613818 0.8891998708988255 0.1305261922200517 0.4385048491613818 0.8891998708988255 0.1305261922200517
0.3794095225512604 0.9159756150367534 0.1305261922200517 0.3794095225512604 0.9159756150367534 0.1305261922200517
0.31868950611756486 0.9388290109679592 0.1305261922200517 0.31868950611756486 0.9388290109679592 0.1305261922200517
0.25660481229257065 0.9576621969425486 0.1305261922200517 0.25660481229257065 0.9576621969425486 0.1305261922200517
0.1934212972666524 0.9723945263668545 0.1305261922200517 0.1934212972666524 0.9723945263668545 0.1305261922200517
0.1294095225512605 0.9829629131445341 0.1305261922200517 0.1294095225512605 0.9829629131445341 0.1305261922200517
0.0648435963929928 0.989322101820917 0.1305261922200517 0.0648435963929928 0.989322101820917 0.1305261922200517
6.070848880062641e-17 0.9914448613738104 0.1305261922200517 6.070848880062641e-17 0.9914448613738104 0.1305261922200517
-0.06484359639299267 0.989322101820917 0.1305261922200517 -0.06484359639299267 0.989322101820917 0.1305261922200517
-0.1294095225512604 0.9829629131445341 0.1305261922200517 -0.1294095225512604 0.9829629131445341 0.1305261922200517
-0.19342129726665225 0.9723945263668545 0.1305261922200517 -0.19342129726665225 0.9723945263668545 0.1305261922200517
-0.25660481229257054 0.9576621969425486 0.1305261922200517 -0.25660481229257054 0.9576621969425486 0.1305261922200517
-0.31868950611756475 0.9388290109679593 0.1305261922200517 -0.31868950611756475 0.9388290109679593 0.1305261922200517
-0.3794095225512601 0.9159756150367535 0.1305261922200517 -0.3794095225512601 0.9159756150367535 0.1305261922200517
-0.43850484916138177 0.8891998708988255 0.1305261922200517 -0.43850484916138177 0.8891998708988255 0.1305261922200517
-0.495722430686905 0.858616436401261 0.1305261922200517 -0.495722430686905 0.858616436401261 0.1305261922200517
-0.5508172526595352 0.8243562745058327 0.1305261922200517 -0.5508172526595352 0.8243562745058327 0.1305261922200517
-0.6035533905932737 0.786566092485493 0.1305261922200517 -0.6035533905932737 0.786566092485493 0.1305261922200517
-0.6537050202492898 0.745407713701307 0.1305261922200517 -0.6537050202492898 0.745407713701307 0.1305261922200517
-0.7010573846499778 0.7010573846499779 0.1305261922200517 -0.7010573846499778 0.7010573846499779 0.1305261922200517
-0.7454077137013069 0.6537050202492899 0.1305261922200517 -0.7454077137013069 0.6537050202492899 0.1305261922200517
-0.7865660924854929 0.603553390593274 0.1305261922200517 -0.7865660924854929 0.603553390593274 0.1305261922200517
-0.8243562745058326 0.5508172526595353 0.1305261922200517 -0.8243562745058326 0.5508172526595353 0.1305261922200517
-0.858616436401261 0.49572243068690514 0.1305261922200517 -0.858616436401261 0.49572243068690514 0.1305261922200517
-0.8891998708988252 0.43850484916138227 0.1305261922200517 -0.8891998708988252 0.43850484916138227 0.1305261922200517
-0.9159756150367534 0.3794095225512605 0.1305261922200517 -0.9159756150367534 0.3794095225512605 0.1305261922200517
-0.9388290109679592 0.3186895061175649 0.1305261922200517 -0.9388290109679592 0.3186895061175649 0.1305261922200517
-0.9576621969425485 0.2566048122925709 0.1305261922200517 -0.9576621969425485 0.2566048122925709 0.1305261922200517
-0.9723945263668545 0.19342129726665222 0.1305261922200517 -0.9723945263668545 0.19342129726665222 0.1305261922200517
-0.9829629131445341 0.12940952255126076 0.1305261922200517 -0.9829629131445341 0.12940952255126076 0.1305261922200517
-0.989322101820917 0.06484359639299264 0.1305261922200517 -0.989322101820917 0.06484359639299264 0.1305261922200517
-0.9914448613738104 1.2141697760125282e-16 0.1305261922200517 -0.9914448613738104 1.2141697760125282e-16 0.1305261922200517
-0.989322101820917 -0.0648435963929924 0.1305261922200517 -0.989322101820917 -0.0648435963929924 0.1305261922200517
-0.9829629131445341 -0.12940952255126056 0.1305261922200517 -0.9829629131445341 -0.12940952255126056 0.1305261922200517
-0.9723945263668546 -0.19342129726665197 0.1305261922200517 -0.9723945263668546 -0.19342129726665197 0.1305261922200517
-0.9576621969425486 -0.2566048122925707 0.1305261922200517 -0.9576621969425486 -0.2566048122925707 0.1305261922200517
-0.9388290109679593 -0.3186895061175647 0.1305261922200517 -0.9388290109679593 -0.3186895061175647 0.1305261922200517
-0.9159756150367535 -0.37940952255126026 0.1305261922200517 -0.9159756150367535 -0.37940952255126026 0.1305261922200517
-0.8891998708988252 -0.43850484916138205 0.1305261922200517 -0.8891998708988252 -0.43850484916138205 0.1305261922200517
-0.8586164364012611 -0.49572243068690497 0.1305261922200517 -0.8586164364012611 -0.49572243068690497 0.1305261922200517
-0.824356274505833 -0.5508172526595347 0.1305261922200517 -0.824356274505833 -0.5508172526595347 0.1305261922200517
-0.786566092485493 -0.6035533905932737 0.1305261922200517 -0.786566092485493 -0.6035533905932737 0.1305261922200517
-0.7454077137013071 -0.6537050202492898 0.1305261922200517 -0.7454077137013071 -0.6537050202492898 0.1305261922200517
-0.7010573846499782 -0.7010573846499775 0.1305261922200517 -0.7010573846499782 -0.7010573846499775 0.1305261922200517
-0.65370502024929 -0.7454077137013069 0.1305261922200517 -0.65370502024929 -0.7454077137013069 0.1305261922200517
-0.603553390593274 -0.7865660924854928 0.1305261922200517 -0.603553390593274 -0.7865660924854928 0.1305261922200517
-0.550817252659535 -0.8243562745058328 0.1305261922200517 -0.550817252659535 -0.8243562745058328 0.1305261922200517
-0.49572243068690564 -0.8586164364012606 0.1305261922200517 -0.49572243068690564 -0.8586164364012606 0.1305261922200517
-0.43850484916138194 -0.8891998708988254 0.1305261922200517 -0.43850484916138194 -0.8891998708988254 0.1305261922200517
-0.3794095225512601 -0.9159756150367535 0.1305261922200517 -0.3794095225512601 -0.9159756150367535 0.1305261922200517
-0.31868950611756497 -0.9388290109679592 0.1305261922200517 -0.31868950611756497 -0.9388290109679592 0.1305261922200517
-0.25660481229257054 -0.9576621969425486 0.1305261922200517 -0.25660481229257054 -0.9576621969425486 0.1305261922200517
-0.19342129726665272 -0.9723945263668544 0.1305261922200517 -0.19342129726665272 -0.9723945263668544 0.1305261922200517
-0.12940952255126043 -0.9829629131445341 0.1305261922200517 -0.12940952255126043 -0.9829629131445341 0.1305261922200517
-0.06484359639299227 -0.989322101820917 0.1305261922200517 -0.06484359639299227 -0.989322101820917 0.1305261922200517
-1.821254664018792e-16 -0.9914448613738104 0.1305261922200517 -1.821254664018792e-16 -0.9914448613738104 0.1305261922200517
0.0648435963929919 -0.9893221018209171 0.1305261922200517 0.0648435963929919 -0.9893221018209171 0.1305261922200517
0.12940952255126006 -0.9829629131445342 0.1305261922200517 0.12940952255126006 -0.9829629131445342 0.1305261922200517
0.19342129726665236 -0.9723945263668545 0.1305261922200517 0.19342129726665236 -0.9723945263668545 0.1305261922200517
0.2566048122925702 -0.9576621969425487 0.1305261922200517 0.2566048122925702 -0.9576621969425487 0.1305261922200517
0.31868950611756464 -0.9388290109679593 0.1305261922200517 0.31868950611756464 -0.9388290109679593 0.1305261922200517
0.37940952255125976 -0.9159756150367536 0.1305261922200517 0.37940952255125976 -0.9159756150367536 0.1305261922200517
0.43850484916138166 -0.8891998708988256 0.1305261922200517 0.43850484916138166 -0.8891998708988256 0.1305261922200517
0.4957224306869053 -0.8586164364012608 0.1305261922200517 0.4957224306869053 -0.8586164364012608 0.1305261922200517
0.5508172526595346 -0.824356274505833 0.1305261922200517 0.5508172526595346 -0.824356274505833 0.1305261922200517
0.603553390593273 -0.7865660924854936 0.1305261922200517 0.603553390593273 -0.7865660924854936 0.1305261922200517
0.65370502024929 -0.7454077137013068 0.1305261922200517 0.65370502024929 -0.7454077137013068 0.1305261922200517
0.7010573846499777 -0.701057384649978 0.1305261922200517 0.7010573846499777 -0.701057384649978 0.1305261922200517
0.7454077137013071 -0.6537050202492897 0.1305261922200517 0.7454077137013071 -0.6537050202492897 0.1305261922200517
0.7865660924854928 -0.603553390593274 0.1305261922200517 0.7865660924854928 -0.603553390593274 0.1305261922200517
0.8243562745058324 -0.5508172526595357 0.1305261922200517 0.8243562745058324 -0.5508172526595357 0.1305261922200517
0.8586164364012606 -0.49572243068690564 0.1305261922200517 0.8586164364012606 -0.49572243068690564 0.1305261922200517
0.8891998708988254 -0.438504849161382 0.1305261922200517 0.8891998708988254 -0.438504849161382 0.1305261922200517
0.9159756150367535 -0.37940952255126015 0.1305261922200517 0.9159756150367535 -0.37940952255126015 0.1305261922200517
0.9388290109679592 -0.318689506117565 0.1305261922200517 0.9388290109679592 -0.318689506117565 0.1305261922200517
0.9576621969425484 -0.2566048122925715 0.1305261922200517 0.9576621969425484 -0.2566048122925715 0.1305261922200517
0.9723945263668544 -0.19342129726665278 0.1305261922200517 0.9723945263668544 -0.19342129726665278 0.1305261922200517
0.9829629131445341 -0.12940952255126048 0.1305261922200517 0.9829629131445341 -0.12940952255126048 0.1305261922200517
0.989322101820917 -0.06484359639299234 0.1305261922200517 0.989322101820917 -0.06484359639299234 0.1305261922200517
0.9978589232386035 0.0 0.06540312923014327 0.9978589232386035 0.0 0.06540312923014327
0.9957224306869051 0.06526309611002579 0.06540312923014327 0.9957224306869051 0.06526309611002579 0.06540312923014327
0.989322101820917 0.13024672562313563 0.06540312923014327 0.989322101820917 0.13024672562313563 0.06540312923014327
0.9786853438314393 0.19467261866128616 0.06540312923014327 0.9786853438314393 0.19467261866128616 0.06540312923014327
0.963857704949168 0.2582648936596449 0.06540312923014327 0.963857704949168 0.2582648936596449 0.06540312923014327
0.9449026794001775 0.3207512387338053 0.06540312923014327 0.9449026794001775 0.3207512387338053 0.06540312923014327
0.9219014355138969 0.38186407776108144 0.06540312923014327 0.9219014355138969 0.38186407776108144 0.06540312923014327
0.8949524681478628 0.44134171618254486 0.06540312923014327 0.8949524681478628 0.44134171618254486 0.06540312923014327
0.8641711769176168 0.4989294616193017 0.06540312923014327 0.8641711769176168 0.4989294616193017 0.06540312923014327
0.8296893720378369 0.5543807145043602 0.06540312923014327 0.8296893720378369 0.5543807145043602 0.06540312923014327
0.7916547098907613 0.6074580240598355 0.06540312923014327 0.7916547098907613 0.6074580240598355 0.06540312923014327
0.7502300607388914 0.6579341050976341 0.06540312923014327 0.7502300607388914 0.6579341050976341 0.06540312923014327
0.7055928112895231 0.705592811289523 0.06540312923014327 0.7055928112895231 0.705592811289523 0.06540312923014327
0.6579341050976341 0.7502300607388913 0.06540312923014327 0.6579341050976341 0.7502300607388913 0.06540312923014327
0.6074580240598355 0.7916547098907613 0.06540312923014327 0.6074580240598355 0.7916547098907613 0.06540312923014327
0.5543807145043604 0.8296893720378368 0.06540312923014327 0.5543807145043604 0.8296893720378368 0.06540312923014327
0.49892946161930185 0.8641711769176167 0.06540312923014327 0.49892946161930185 0.8641711769176167 0.06540312923014327
0.44134171618254486 0.8949524681478628 0.06540312923014327 0.44134171618254486 0.8949524681478628 0.06540312923014327
0.3818640777610815 0.9219014355138969 0.06540312923014327 0.3818640777610815 0.9219014355138969 0.06540312923014327
0.3207512387338054 0.9449026794001774 0.06540312923014327 0.3207512387338054 0.9449026794001774 0.06540312923014327
0.2582648936596449 0.963857704949168 0.06540312923014327 0.2582648936596449 0.963857704949168 0.06540312923014327
0.19467261866128624 0.9786853438314393 0.06540312923014327 0.19467261866128624 0.9786853438314393 0.06540312923014327
0.13024672562313577 0.989322101820917 0.06540312923014327 0.13024672562313577 0.989322101820917 0.06540312923014327
0.065263096110026 0.9957224306869051 0.06540312923014327 0.065263096110026 0.9957224306869051 0.06540312923014327
6.110123681723901e-17 0.9978589232386035 0.06540312923014327 6.110123681723901e-17 0.9978589232386035 0.06540312923014327
-0.06526309611002587 0.9957224306869051 0.06540312923014327 -0.06526309611002587 0.9957224306869051 0.06540312923014327
-0.13024672562313566 0.989322101820917 0.06540312923014327 -0.13024672562313566 0.989322101820917 0.06540312923014327
-0.1946726186612861 0.9786853438314393 0.06540312923014327 -0.1946726186612861 0.9786853438314393 0.06540312923014327
-0.2582648936596448 0.963857704949168 0.06540312923014327 -0.2582648936596448 0.963857704949168 0.06540312923014327
-0.3207512387338053 0.9449026794001775 0.06540312923014327 -0.3207512387338053 0.9449026794001775 0.06540312923014327
-0.38186407776108117 0.921901435513897 0.06540312923014327 -0.38186407776108117 0.921901435513897 0.06540312923014327
-0.44134171618254475 0.8949524681478628 0.06540312923014327 -0.44134171618254475 0.8949524681478628 0.06540312923014327
-0.4989294616193016 0.8641711769176168 0.06540312923014327 -0.4989294616193016 0.8641711769176168 0.06540312923014327
-0.5543807145043604 0.8296893720378368 0.06540312923014327 -0.5543807145043604 0.8296893720378368 0.06540312923014327
-0.6074580240598355 0.7916547098907613 0.06540312923014327 -0.6074580240598355 0.7916547098907613 0.06540312923014327
-0.6579341050976341 0.7502300607388913 0.06540312923014327 -0.6579341050976341 0.7502300607388913 0.06540312923014327
-0.705592811289523 0.7055928112895231 0.06540312923014327 -0.705592811289523 0.7055928112895231 0.06540312923014327
-0.7502300607388912 0.6579341050976342 0.06540312923014327 -0.7502300607388912 0.6579341050976342 0.06540312923014327
-0.7916547098907611 0.6074580240598357 0.06540312923014327 -0.7916547098907611 0.6074580240598357 0.06540312923014327
-0.8296893720378367 0.5543807145043605 0.06540312923014327 -0.8296893720378367 0.5543807145043605 0.06540312923014327
-0.8641711769176168 0.4989294616193017 0.06540312923014327 -0.8641711769176168 0.4989294616193017 0.06540312923014327
-0.8949524681478626 0.4413417161825453 0.06540312923014327 -0.8949524681478626 0.4413417161825453 0.06540312923014327
-0.9219014355138969 0.38186407776108156 0.06540312923014327 -0.9219014355138969 0.38186407776108156 0.06540312923014327
-0.9449026794001774 0.32075123873380545 0.06540312923014327 -0.9449026794001774 0.32075123873380545 0.06540312923014327
-0.9638577049491679 0.25826489365964517 0.06540312923014327 -0.9638577049491679 0.25826489365964517 0.06540312923014327
-0.9786853438314393 0.19467261866128607 0.06540312923014327 -0.9786853438314393 0.19467261866128607 0.06540312923014327
-0.989322101820917 0.13024672562313605 0.06540312923014327 -0.989322101820917 0.13024672562313605 0.06540312923014327
-0.9957224306869051 0.06526309611002584 0.06540312923014327 -0.9957224306869051 0.06526309611002584 0.06540312923014327
-0.9978589232386035 1.2220247363447802e-16 0.06540312923014327 -0.9978589232386035 1.2220247363447802e-16 0.06540312923014327
-0.9957224306869051 -0.06526309611002559 0.06540312923014327 -0.9957224306869051 -0.06526309611002559 0.06540312923014327
-0.989322101820917 -0.13024672562313583 0.06540312923014327 -0.989322101820917 -0.13024672562313583 0.06540312923014327
-0.9786853438314395 -0.19467261866128582 0.06540312923014327 -0.9786853438314395 -0.19467261866128582 0.06540312923014327
-0.963857704949168 -0.25826489365964495 0.06540312923014327 -0.963857704949168 -0.25826489365964495 0.06540312923014327
-0.9449026794001775 -0.32075123873380523 0.06540312923014327 -0.9449026794001775 -0.32075123873380523 0.06540312923014327
-0.921901435513897 -0.38186407776108133 0.06540312923014327 -0.921901435513897 -0.38186407776108133 0.06540312923014327
-0.8949524681478626 -0.4413417161825451 0.06540312923014327 -0.8949524681478626 -0.4413417161825451 0.06540312923014327
-0.8641711769176169 -0.4989294616193015 0.06540312923014327 -0.8641711769176169 -0.4989294616193015 0.06540312923014327
-0.8296893720378371 -0.55438071450436 0.06540312923014327 -0.8296893720378371 -0.55438071450436 0.06540312923014327
-0.7916547098907613 -0.6074580240598355 0.06540312923014327 -0.7916547098907613 -0.6074580240598355 0.06540312923014327
-0.7502300607388914 -0.6579341050976341 0.06540312923014327 -0.7502300607388914 -0.6579341050976341 0.06540312923014327
-0.7055928112895234 -0.7055928112895227 0.06540312923014327 -0.7055928112895234 -0.7055928112895227 0.06540312923014327
-0.6579341050976343 -0.7502300607388912 0.06540312923014327 -0.6579341050976343 -0.7502300607388912 0.06540312923014327
-0.6074580240598357 -0.791654709890761 0.06540312923014327 -0.6074580240598357 -0.791654709890761 0.06540312923014327
-0.5543807145043602 -0.8296893720378369 0.06540312923014327 -0.5543807145043602 -0.8296893720378369 0.06540312923014327
-0.4989294616193022 -0.8641711769176165 0.06540312923014327 -0.4989294616193022 -0.8641711769176165 0.06540312923014327
-0.441341716182545 -0.8949524681478627 0.06540312923014327 -0.441341716182545 -0.8949524681478627 0.06540312923014327
-0.38186407776108117 -0.921901435513897 0.06540312923014327 -0.38186407776108117 -0.921901435513897 0.06540312923014327
-0.3207512387338055 -0.9449026794001774 0.06540312923014327 -0.3207512387338055 -0.9449026794001774 0.06540312923014327
-0.2582648936596448 -0.963857704949168 0.06540312923014327 -0.2582648936596448 -0.963857704949168 0.06540312923014327
-0.19467261866128657 -0.9786853438314392 0.06540312923014327 -0.19467261866128657 -0.9786853438314392 0.06540312923014327
-0.1302467256231357 -0.989322101820917 0.06540312923014327 -0.1302467256231357 -0.989322101820917 0.06540312923014327
-0.06526309611002545 -0.9957224306869051 0.06540312923014327 -0.06526309611002545 -0.9957224306869051 0.06540312923014327
-1.83303710451717e-16 -0.9978589232386035 0.06540312923014327 -1.83303710451717e-16 -0.9978589232386035 0.06540312923014327
0.06526309611002509 -0.9957224306869052 0.06540312923014327 0.06526309611002509 -0.9957224306869052 0.06540312923014327
0.13024672562313533 -0.9893221018209171 0.06540312923014327 0.13024672562313533 -0.9893221018209171 0.06540312923014327
0.1946726186612862 -0.9786853438314393 0.06540312923014327 0.1946726186612862 -0.9786853438314393 0.06540312923014327
0.25826489365964445 -0.9638577049491681 0.06540312923014327 0.25826489365964445 -0.9638577049491681 0.06540312923014327
0.3207512387338052 -0.9449026794001775 0.06540312923014327 0.3207512387338052 -0.9449026794001775 0.06540312923014327
0.38186407776108083 -0.9219014355138971 0.06540312923014327 0.38186407776108083 -0.9219014355138971 0.06540312923014327
0.44134171618254464 -0.8949524681478629 0.06540312923014327 0.44134171618254464 -0.8949524681478629 0.06540312923014327
0.49892946161930185 -0.8641711769176167 0.06540312923014327 0.49892946161930185 -0.8641711769176167 0.06540312923014327
0.5543807145043599 -0.8296893720378371 0.06540312923014327 0.5543807145043599 -0.8296893720378371 0.06540312923014327
0.6074580240598347 -0.7916547098907618 0.06540312923014327 0.6074580240598347 -0.7916547098907618 0.06540312923014327
0.6579341050976343 -0.7502300607388911 0.06540312923014327 0.6579341050976343 -0.7502300607388911 0.06540312923014327
0.7055928112895229 -0.7055928112895232 0.06540312923014327 0.7055928112895229 -0.7055928112895232 0.06540312923014327
0.7502300607388914 -0.657934105097634 0.06540312923014327 0.7502300607388914 -0.657934105097634 0.06540312923014327
0.791654709890761 -0.6074580240598357 0.06540312923014327 0.791654709890761 -0.6074580240598357 0.06540312923014327
0.8296893720378364 -0.554380714504361 0.06540312923014327 0.8296893720378364 -0.554380714504361 0.06540312923014327
0.8641711769176165 -0.4989294616193022 0.06540312923014327 0.8641711769176165 -0.4989294616193022 0.06540312923014327
0.8949524681478627 -0.44134171618254503 0.06540312923014327 0.8949524681478627 -0.44134171618254503 0.06540312923014327
0.921901435513897 -0.3818640777610812 0.06540312923014327 0.921901435513897 -0.3818640777610812 0.06540312923014327
0.9449026794001774 -0.32075123873380557 0.06540312923014327 0.9449026794001774 -0.32075123873380557 0.06540312923014327
0.9638577049491678 -0.2582648936596457 0.06540312923014327 0.9638577049491678 -0.2582648936596457 0.06540312923014327
0.9786853438314392 -0.19467261866128663 0.06540312923014327 0.9786853438314392 -0.19467261866128663 0.06540312923014327
0.989322101820917 -0.13024672562313575 0.06540312923014327 0.989322101820917 -0.13024672562313575 0.06540312923014327
0.9957224306869051 -0.06526309611002552 0.06540312923014327 0.9957224306869051 -0.06526309611002552 0.06540312923014327
1.0 0.0 6.123233995736766e-17 1.0 0.0 6.123233995736766e-17
0.9978589232386035 0.06540312923014306 6.123233995736766e-17 0.9978589232386035 0.06540312923014306 6.123233995736766e-17
0.9914448613738104 0.13052619222005157 6.123233995736766e-17 0.9914448613738104 0.13052619222005157 6.123233995736766e-17
0.9807852804032304 0.19509032201612825 6.123233995736766e-17 0.9807852804032304 0.19509032201612825 6.123233995736766e-17
0.9659258262890683 0.25881904510252074 6.123233995736766e-17 0.9659258262890683 0.25881904510252074 6.123233995736766e-17
0.9469301294951057 0.3214394653031616 6.123233995736766e-17 0.9469301294951057 0.3214394653031616 6.123233995736766e-17
0.9238795325112867 0.3826834323650898 6.123233995736766e-17 0.9238795325112867 0.3826834323650898 6.123233995736766e-17
0.8968727415326884 0.44228869021900125 6.123233995736766e-17 0.8968727415326884 0.44228869021900125 6.123233995736766e-17
0.8660254037844387 0.49999999999999994 6.123233995736766e-17 0.8660254037844387 0.49999999999999994 6.123233995736766e-17
0.8314696123025452 0.5555702330196022 6.123233995736766e-17 0.8314696123025452 0.5555702330196022 6.123233995736766e-17
0.7933533402912352 0.6087614290087207 6.123233995736766e-17 0.7933533402912352 0.6087614290087207 6.123233995736766e-17
0.7518398074789775 0.6593458151000688 6.123233995736766e-17 0.7518398074789775 0.6593458151000688 6.123233995736766e-17
0.7071067811865476 0.7071067811865475 6.123233995736766e-17 0.7071067811865476 0.7071067811865475 6.123233995736766e-17
0.6593458151000688 0.7518398074789774 6.123233995736766e-17 0.6593458151000688 0.7518398074789774 6.123233995736766e-17
0.6087614290087207 0.7933533402912352 6.123233995736766e-17 0.6087614290087207 0.7933533402912352 6.123233995736766e-17
0.5555702330196024 0.8314696123025451 6.123233995736766e-17 0.5555702330196024 0.8314696123025451 6.123233995736766e-17
0.5000000000000001 0.8660254037844386 6.123233995736766e-17 0.5000000000000001 0.8660254037844386 6.123233995736766e-17
0.44228869021900125 0.8968727415326884 6.123233995736766e-17 0.44228869021900125 0.8968727415326884 6.123233995736766e-17
0.38268343236508984 0.9238795325112867 6.123233995736766e-17 0.38268343236508984 0.9238795325112867 6.123233995736766e-17
0.3214394653031617 0.9469301294951056 6.123233995736766e-17 0.3214394653031617 0.9469301294951056 6.123233995736766e-17
0.25881904510252074 0.9659258262890683 6.123233995736766e-17 0.25881904510252074 0.9659258262890683 6.123233995736766e-17
0.19509032201612833 0.9807852804032304 6.123233995736766e-17 0.19509032201612833 0.9807852804032304 6.123233995736766e-17
0.1305261922200517 0.9914448613738104 6.123233995736766e-17 0.1305261922200517 0.9914448613738104 6.123233995736766e-17
0.06540312923014327 0.9978589232386035 6.123233995736766e-17 0.06540312923014327 0.9978589232386035 6.123233995736766e-17
6.123233995736766e-17 1.0 6.123233995736766e-17 6.123233995736766e-17 1.0 6.123233995736766e-17
-0.06540312923014314 0.9978589232386035 6.123233995736766e-17 -0.06540312923014314 0.9978589232386035 6.123233995736766e-17
-0.1305261922200516 0.9914448613738104 6.123233995736766e-17 -0.1305261922200516 0.9914448613738104 6.123233995736766e-17
-0.1950903220161282 0.9807852804032304 6.123233995736766e-17 -0.1950903220161282 0.9807852804032304 6.123233995736766e-17
-0.25881904510252063 0.9659258262890683 6.123233995736766e-17 -0.25881904510252063 0.9659258262890683 6.123233995736766e-17
-0.3214394653031616 0.9469301294951057 6.123233995736766e-17 -0.3214394653031616 0.9469301294951057 6.123233995736766e-17
-0.3826834323650895 0.9238795325112868 6.123233995736766e-17 -0.3826834323650895 0.9238795325112868 6.123233995736766e-17
-0.44228869021900113 0.8968727415326884 6.123233995736766e-17 -0.44228869021900113 0.8968727415326884 6.123233995736766e-17
-0.49999999999999983 0.8660254037844387 6.123233995736766e-17 -0.49999999999999983 0.8660254037844387 6.123233995736766e-17
-0.5555702330196024 0.8314696123025451 6.123233995736766e-17 -0.5555702330196024 0.8314696123025451 6.123233995736766e-17
-0.6087614290087207 0.7933533402912352 6.123233995736766e-17 -0.6087614290087207 0.7933533402912352 6.123233995736766e-17
-0.6593458151000688 0.7518398074789774 6.123233995736766e-17 -0.6593458151000688 0.7518398074789774 6.123233995736766e-17
-0.7071067811865475 0.7071067811865476 6.123233995736766e-17 -0.7071067811865475 0.7071067811865476 6.123233995736766e-17
-0.7518398074789773 0.659345815100069 6.123233995736766e-17 -0.7518398074789773 0.659345815100069 6.123233995736766e-17
-0.793353340291235 0.6087614290087209 6.123233995736766e-17 -0.793353340291235 0.6087614290087209 6.123233995736766e-17
-0.831469612302545 0.5555702330196025 6.123233995736766e-17 -0.831469612302545 0.5555702330196025 6.123233995736766e-17
-0.8660254037844387 0.49999999999999994 6.123233995736766e-17 -0.8660254037844387 0.49999999999999994 6.123233995736766e-17
-0.8968727415326881 0.4422886902190017 6.123233995736766e-17 -0.8968727415326881 0.4422886902190017 6.123233995736766e-17
-0.9238795325112867 0.3826834323650899 6.123233995736766e-17 -0.9238795325112867 0.3826834323650899 6.123233995736766e-17
-0.9469301294951056 0.32143946530316175 6.123233995736766e-17 -0.9469301294951056 0.32143946530316175 6.123233995736766e-17
-0.9659258262890682 0.258819045102521 6.123233995736766e-17 -0.9659258262890682 0.258819045102521 6.123233995736766e-17
-0.9807852804032304 0.19509032201612816 6.123233995736766e-17 -0.9807852804032304 0.19509032201612816 6.123233995736766e-17
-0.9914448613738104 0.130526192220052 6.123233995736766e-17 -0.9914448613738104 0.130526192220052 6.123233995736766e-17
-0.9978589232386035 0.06540312923014312 6.123233995736766e-17 -0.9978589232386035 0.06540312923014312 6.123233995736766e-17
-1.0 1.2246467991473532e-16 6.123233995736766e-17 -1.0 1.2246467991473532e-16 6.123233995736766e-17
-0.9978589232386035 -0.06540312923014287 6.123233995736766e-17 -0.9978589232386035 -0.06540312923014287 6.123233995736766e-17
-0.9914448613738104 -0.13052619222005177 6.123233995736766e-17 -0.9914448613738104 -0.13052619222005177 6.123233995736766e-17
-0.9807852804032305 -0.19509032201612792 6.123233995736766e-17 -0.9807852804032305 -0.19509032201612792 6.123233995736766e-17
-0.9659258262890683 -0.2588190451025208 6.123233995736766e-17 -0.9659258262890683 -0.2588190451025208 6.123233995736766e-17
-0.9469301294951057 -0.32143946530316153 6.123233995736766e-17 -0.9469301294951057 -0.32143946530316153 6.123233995736766e-17
-0.9238795325112868 -0.38268343236508967 6.123233995736766e-17 -0.9238795325112868 -0.38268343236508967 6.123233995736766e-17
-0.8968727415326881 -0.44228869021900147 6.123233995736766e-17 -0.8968727415326881 -0.44228869021900147 6.123233995736766e-17
-0.8660254037844388 -0.4999999999999998 6.123233995736766e-17 -0.8660254037844388 -0.4999999999999998 6.123233995736766e-17
-0.8314696123025455 -0.555570233019602 6.123233995736766e-17 -0.8314696123025455 -0.555570233019602 6.123233995736766e-17
-0.7933533402912352 -0.6087614290087207 6.123233995736766e-17 -0.7933533402912352 -0.6087614290087207 6.123233995736766e-17
-0.7518398074789775 -0.6593458151000688 6.123233995736766e-17 -0.7518398074789775 -0.6593458151000688 6.123233995736766e-17
-0.7071067811865479 -0.7071067811865471 6.123233995736766e-17 -0.7071067811865479 -0.7071067811865471 6.123233995736766e-17
-0.6593458151000691 -0.7518398074789773 6.123233995736766e-17 -0.6593458151000691 -0.7518398074789773 6.123233995736766e-17
-0.6087614290087209 -0.7933533402912349 6.123233995736766e-17 -0.6087614290087209 -0.7933533402912349 6.123233995736766e-17
-0.5555702330196022 -0.8314696123025452 6.123233995736766e-17 -0.5555702330196022 -0.8314696123025452 6.123233995736766e-17
-0.5000000000000004 -0.8660254037844384 6.123233995736766e-17 -0.5000000000000004 -0.8660254037844384 6.123233995736766e-17
-0.44228869021900136 -0.8968727415326883 6.123233995736766e-17 -0.44228869021900136 -0.8968727415326883 6.123233995736766e-17
-0.3826834323650895 -0.9238795325112868 6.123233995736766e-17 -0.3826834323650895 -0.9238795325112868 6.123233995736766e-17
-0.3214394653031618 -0.9469301294951056 6.123233995736766e-17 -0.3214394653031618 -0.9469301294951056 6.123233995736766e-17
-0.25881904510252063 -0.9659258262890683 6.123233995736766e-17 -0.25881904510252063 -0.9659258262890683 6.123233995736766e-17
-0.19509032201612866 -0.9807852804032303 6.123233995736766e-17 -0.19509032201612866 -0.9807852804032303 6.123233995736766e-17
-0.13052619222005163 -0.9914448613738104 6.123233995736766e-17 -0.13052619222005163 -0.9914448613738104 6.123233995736766e-17
-0.06540312923014273 -0.9978589232386035 6.123233995736766e-17 -0.06540312923014273 -0.9978589232386035 6.123233995736766e-17
-1.8369701987210297e-16 -1.0 6.123233995736766e-17 -1.8369701987210297e-16 -1.0 6.123233995736766e-17
0.06540312923014237 -0.9978589232386036 6.123233995736766e-17 0.06540312923014237 -0.9978589232386036 6.123233995736766e-17
0.13052619222005127 -0.9914448613738105 6.123233995736766e-17 0.13052619222005127 -0.9914448613738105 6.123233995736766e-17
0.1950903220161283 -0.9807852804032304 6.123233995736766e-17 0.1950903220161283 -0.9807852804032304 6.123233995736766e-17
0.2588190451025203 -0.9659258262890684 6.123233995736766e-17 0.2588190451025203 -0.9659258262890684 6.123233995736766e-17
0.3214394653031615 -0.9469301294951057 6.123233995736766e-17 0.3214394653031615 -0.9469301294951057 6.123233995736766e-17
0.38268343236508917 -0.923879532511287 6.123233995736766e-17 0.38268343236508917 -0.923879532511287 6.123233995736766e-17
0.442288690219001 -0.8968727415326885 6.123233995736766e-17 0.442288690219001 -0.8968727415326885 6.123233995736766e-17
0.5000000000000001 -0.8660254037844386 6.123233995736766e-17 0.5000000000000001 -0.8660254037844386 6.123233995736766e-17
0.5555702330196018 -0.8314696123025455 6.123233995736766e-17 0.5555702330196018 -0.8314696123025455 6.123233995736766e-17
0.6087614290087199 -0.7933533402912357 6.123233995736766e-17 0.6087614290087199 -0.7933533402912357 6.123233995736766e-17
0.6593458151000691 -0.7518398074789772 6.123233995736766e-17 0.6593458151000691 -0.7518398074789772 6.123233995736766e-17
0.7071067811865474 -0.7071067811865477 6.123233995736766e-17 0.7071067811865474 -0.7071067811865477 6.123233995736766e-17
0.7518398074789775 -0.6593458151000687 6.123233995736766e-17 0.7518398074789775 -0.6593458151000687 6.123233995736766e-17
0.7933533402912349 -0.6087614290087209 6.123233995736766e-17 0.7933533402912349 -0.6087614290087209 6.123233995736766e-17
0.8314696123025448 -0.555570233019603 6.123233995736766e-17 0.8314696123025448 -0.555570233019603 6.123233995736766e-17
0.8660254037844384 -0.5000000000000004 6.123233995736766e-17 0.8660254037844384 -0.5000000000000004 6.123233995736766e-17
0.8968727415326883 -0.4422886902190014 6.123233995736766e-17 0.8968727415326883 -0.4422886902190014 6.123233995736766e-17
0.9238795325112868 -0.38268343236508956 6.123233995736766e-17 0.9238795325112868 -0.38268343236508956 6.123233995736766e-17
0.9469301294951056 -0.32143946530316186 6.123233995736766e-17 0.9469301294951056 -0.32143946530316186 6.123233995736766e-17
0.9659258262890681 -0.25881904510252157 6.123233995736766e-17 0.9659258262890681 -0.25881904510252157 6.123233995736766e-17
0.9807852804032303 -0.19509032201612872 6.123233995736766e-17 0.9807852804032303 -0.19509032201612872 6.123233995736766e-17
0.9914448613738104 -0.13052619222005168 6.123233995736766e-17 0.9914448613738104 -0.13052619222005168 6.123233995736766e-17
0.9978589232386035 -0.0654031292301428 6.123233995736766e-17 0.9978589232386035 -0.0654031292301428 6.123233995736766e-17
0.9978589232386035 0.0 -0.06540312923014314 0.9978589232386035 0.0 -0.06540312923014314
0.9957224306869051 0.06526309611002579 -0.06540312923014314 0.9957224306869051 0.06526309611002579 -0.06540312923014314
0.989322101820917 0.13024672562313563 -0.06540312923014314 0.989322101820917 0.13024672562313563 -0.06540312923014314
0.9786853438314393 0.19467261866128616 -0.06540312923014314 0.9786853438314393 0.19467261866128616 -0.06540312923014314
0.963857704949168 0.2582648936596449 -0.06540312923014314 0.963857704949168 0.2582648936596449 -0.06540312923014314
0.9449026794001775 0.3207512387338053 -0.06540312923014314 0.9449026794001775 0.3207512387338053 -0.06540312923014314
0.9219014355138969 0.38186407776108144 -0.06540312923014314 0.9219014355138969 0.38186407776108144 -0.06540312923014314
0.8949524681478628 0.44134171618254486 -0.06540312923014314 0.8949524681478628 0.44134171618254486 -0.06540312923014314
0.8641711769176168 0.4989294616193017 -0.06540312923014314 0.8641711769176168 0.4989294616193017 -0.06540312923014314
0.8296893720378369 0.5543807145043602 -0.06540312923014314 0.8296893720378369 0.5543807145043602 -0.06540312923014314
0.7916547098907613 0.6074580240598355 -0.06540312923014314 0.7916547098907613 0.6074580240598355 -0.06540312923014314
0.7502300607388914 0.6579341050976341 -0.06540312923014314 0.7502300607388914 0.6579341050976341 -0.06540312923014314
0.7055928112895231 0.705592811289523 -0.06540312923014314 0.7055928112895231 0.705592811289523 -0.06540312923014314
0.6579341050976341 0.7502300607388913 -0.06540312923014314 0.6579341050976341 0.7502300607388913 -0.06540312923014314
0.6074580240598355 0.7916547098907613 -0.06540312923014314 0.6074580240598355 0.7916547098907613 -0.06540312923014314
0.5543807145043604 0.8296893720378368 -0.06540312923014314 0.5543807145043604 0.8296893720378368 -0.06540312923014314
0.49892946161930185 0.8641711769176167 -0.06540312923014314 0.49892946161930185 0.8641711769176167 -0.06540312923014314
0.44134171618254486 0.8949524681478628 -0.06540312923014314 0.44134171618254486 0.8949524681478628 -0.06540312923014314
0.3818640777610815 0.9219014355138969 -0.06540312923014314 0.3818640777610815 0.9219014355138969 -0.06540312923014314
0.3207512387338054 0.9449026794001774 -0.06540312923014314 0.3207512387338054 0.9449026794001774 -0.06540312923014314
0.2582648936596449 0.963857704949168 -0.06540312923014314 0.2582648936596449 0.963857704949168 -0.06540312923014314
0.19467261866128624 0.9786853438314393 -0.06540312923014314 0.19467261866128624 0.9786853438314393 -0.06540312923014314
0.13024672562313577 0.989322101820917 -0.06540312923014314 0.13024672562313577 0.989322101820917 -0.06540312923014314
0.065263096110026 0.9957224306869051 -0.06540312923014314 0.065263096110026 0.9957224306869051 -0.06540312923014314
6.110123681723901e-17 0.9978589232386035 -0.06540312923014314 6.110123681723901e-17 0.9978589232386035 -0.06540312923014314
-0.06526309611002587 0.9957224306869051 -0.06540312923014314 -0.06526309611002587 0.9957224306869051 -0.06540312923014314
-0.13024672562313566 0.989322101820917 -0.06540312923014314 -0.13024672562313566 0.989322101820917 -0.06540312923014314
-0.1946726186612861 0.9786853438314393 -0.06540312923014314 -0.1946726186612861 0.9786853438314393 -0.06540312923014314
-0.2582648936596448 0.963857704949168 -0.06540312923014314 -0.2582648936596448 0.963857704949168 -0.06540312923014314
-0.3207512387338053 0.9449026794001775 -0.06540312923014314 -0.3207512387338053 0.9449026794001775 -0.06540312923014314
-0.38186407776108117 0.921901435513897 -0.06540312923014314 -0.38186407776108117 0.921901435513897 -0.06540312923014314
-0.44134171618254475 0.8949524681478628 -0.06540312923014314 -0.44134171618254475 0.8949524681478628 -0.06540312923014314
-0.4989294616193016 0.8641711769176168 -0.06540312923014314 -0.4989294616193016 0.8641711769176168 -0.06540312923014314
-0.5543807145043604 0.8296893720378368 -0.06540312923014314 -0.5543807145043604 0.8296893720378368 -0.06540312923014314
-0.6074580240598355 0.7916547098907613 -0.06540312923014314 -0.6074580240598355 0.7916547098907613 -0.06540312923014314
-0.6579341050976341 0.7502300607388913 -0.06540312923014314 -0.6579341050976341 0.7502300607388913 -0.06540312923014314
-0.705592811289523 0.7055928112895231 -0.06540312923014314 -0.705592811289523 0.7055928112895231 -0.06540312923014314
-0.7502300607388912 0.6579341050976342 -0.06540312923014314 -0.7502300607388912 0.6579341050976342 -0.06540312923014314
-0.7916547098907611 0.6074580240598357 -0.06540312923014314 -0.7916547098907611 0.6074580240598357 -0.06540312923014314
-0.8296893720378367 0.5543807145043605 -0.06540312923014314 -0.8296893720378367 0.5543807145043605 -0.06540312923014314
-0.8641711769176168 0.4989294616193017 -0.06540312923014314 -0.8641711769176168 0.4989294616193017 -0.06540312923014314
-0.8949524681478626 0.4413417161825453 -0.06540312923014314 -0.8949524681478626 0.4413417161825453 -0.06540312923014314
-0.9219014355138969 0.38186407776108156 -0.06540312923014314 -0.9219014355138969 0.38186407776108156 -0.06540312923014314
-0.9449026794001774 0.32075123873380545 -0.06540312923014314 -0.9449026794001774 0.32075123873380545 -0.06540312923014314
-0.9638577049491679 0.25826489365964517 -0.06540312923014314 -0.9638577049491679 0.25826489365964517 -0.06540312923014314
-0.9786853438314393 0.19467261866128607 -0.06540312923014314 -0.9786853438314393 0.19467261866128607 -0.06540312923014314
-0.989322101820917 0.13024672562313605 -0.06540312923014314 -0.989322101820917 0.13024672562313605 -0.06540312923014314
-0.9957224306869051 0.06526309611002584 -0.06540312923014314 -0.9957224306869051 0.06526309611002584 -0.06540312923014314
-0.9978589232386035 1.2220247363447802e-16 -0.06540312923014314 -0.9978589232386035 1.2220247363447802e-16 -0.06540312923014314
-0.9957224306869051 -0.06526309611002559 -0.06540312923014314 -0.9957224306869051 -0.06526309611002559 -0.06540312923014314
-0.989322101820917 -0.13024672562313583 -0.06540312923014314 -0.989322101820917 -0.13024672562313583 -0.06540312923014314
-0.9786853438314395 -0.19467261866128582 -0.06540312923014314 -0.9786853438314395 -0.19467261866128582 -0.06540312923014314
-0.963857704949168 -0.25826489365964495 -0.06540312923014314 -0.963857704949168 -0.25826489365964495 -0.06540312923014314
-0.9449026794001775 -0.32075123873380523 -0.06540312923014314 -0.9449026794001775 -0.32075123873380523 -0.06540312923014314
-0.921901435513897 -0.38186407776108133 -0.06540312923014314 -0.921901435513897 -0.38186407776108133 -0.06540312923014314
-0.8949524681478626 -0.4413417161825451 -0.06540312923014314 -0.8949524681478626 -0.4413417161825451 -0.06540312923014314
-0.8641711769176169 -0.4989294616193015 -0.06540312923014314 -0.8641711769176169 -0.4989294616193015 -0.06540312923014314
-0.8296893720378371 -0.55438071450436 -0.06540312923014314 -0.8296893720378371 -0.55438071450436 -0.06540312923014314
-0.7916547098907613 -0.6074580240598355 -0.06540312923014314 -0.7916547098907613 -0.6074580240598355 -0.06540312923014314
-0.7502300607388914 -0.6579341050976341 -0.06540312923014314 -0.7502300607388914 -0.6579341050976341 -0.06540312923014314
-0.7055928112895234 -0.7055928112895227 -0.06540312923014314 -0.7055928112895234 -0.7055928112895227 -0.06540312923014314
-0.6579341050976343 -0.7502300607388912 -0.06540312923014314 -0.6579341050976343 -0.7502300607388912 -0.06540312923014314
-0.6074580240598357 -0.791654709890761 -0.06540312923014314 -0.6074580240598357 -0.791654709890761 -0.06540312923014314
-0.5543807145043602 -0.8296893720378369 -0.06540312923014314 -0.5543807145043602 -0.8296893720378369 -0.06540312923014314
-0.4989294616193022 -0.8641711769176165 -0.06540312923014314 -0.4989294616193022 -0.8641711769176165 -0.06540312923014314
-0.441341716182545 -0.8949524681478627 -0.06540312923014314 -0.441341716182545 -0.8949524681478627 -0.06540312923014314
-0.38186407776108117 -0.921901435513897 -0.06540312923014314 -0.38186407776108117 -0.921901435513897 -0.06540312923014314
-0.3207512387338055 -0.9449026794001774 -0.06540312923014314 -0.3207512387338055 -0.9449026794001774 -0.06540312923014314
-0.2582648936596448 -0.963857704949168 -0.06540312923014314 -0.2582648936596448 -0.963857704949168 -0.06540312923014314
-0.19467261866128657 -0.9786853438314392 -0.06540312923014314 -0.19467261866128657 -0.9786853438314392 -0.06540312923014314
-0.1302467256231357 -0.989322101820917 -0.06540312923014314 -0.1302467256231357 -0.989322101820917 -0.06540312923014314
-0.06526309611002545 -0.9957224306869051 -0.06540312923014314 -0.06526309611002545 -0.9957224306869051 -0.06540312923014314
-1.83303710451717e-16 -0.9978589232386035 -0.06540312923014314 -1.83303710451717e-16 -0.9978589232386035 -0.06540312923014314
0.06526309611002509 -0.9957224306869052 -0.06540312923014314 0.06526309611002509 -0.9957224306869052 -0.06540312923014314
0.13024672562313533 -0.9893221018209171 -0.06540312923014314 0.13024672562313533 -0.9893221018209171 -0.06540312923014314
0.1946726186612862 -0.9786853438314393 -0.06540312923014314 0.1946726186612862 -0.9786853438314393 -0.06540312923014314
0.25826489365964445 -0.9638577049491681 -0.06540312923014314 0.25826489365964445 -0.9638577049491681 -0.06540312923014314
0.3207512387338052 -0.9449026794001775 -0.06540312923014314 0.3207512387338052 -0.9449026794001775 -0.06540312923014314
0.38186407776108083 -0.9219014355138971 -0.06540312923014314 0.38186407776108083 -0.9219014355138971 -0.06540312923014314
0.44134171618254464 -0.8949524681478629 -0.06540312923014314 0.44134171618254464 -0.8949524681478629 -0.06540312923014314
0.49892946161930185 -0.8641711769176167 -0.06540312923014314 0.49892946161930185 -0.8641711769176167 -0.06540312923014314
0.5543807145043599 -0.8296893720378371 -0.06540312923014314 0.5543807145043599 -0.8296893720378371 -0.06540312923014314
0.6074580240598347 -0.7916547098907618 -0.06540312923014314 0.6074580240598347 -0.7916547098907618 -0.06540312923014314
0.6579341050976343 -0.7502300607388911 -0.06540312923014314 0.6579341050976343 -0.7502300607388911 -0.06540312923014314
0.7055928112895229 -0.7055928112895232 -0.06540312923014314 0.7055928112895229 -0.7055928112895232 -0.06540312923014314
0.7502300607388914 -0.657934105097634 -0.06540312923014314 0.7502300607388914 -0.657934105097634 -0.06540312923014314
0.791654709890761 -0.6074580240598357 -0.06540312923014314 0.791654709890761 -0.6074580240598357 -0.06540312923014314
0.8296893720378364 -0.554380714504361 -0.06540312923014314 0.8296893720378364 -0.554380714504361 -0.06540312923014314
0.8641711769176165 -0.4989294616193022 -0.06540312923014314 0.8641711769176165 -0.4989294616193022 -0.06540312923014314
0.8949524681478627 -0.44134171618254503 -0.06540312923014314 0.8949524681478627 -0.44134171618254503 -0.06540312923014314
0.921901435513897 -0.3818640777610812 -0.06540312923014314 0.921901435513897 -0.3818640777610812 -0.06540312923014314
0.9449026794001774 -0.32075123873380557 -0.06540312923014314 0.9449026794001774 -0.32075123873380557 -0.06540312923014314
0.9638577049491678 -0.2582648936596457 -0.06540312923014314 0.9638577049491678 -0.2582648936596457 -0.06540312923014314
0.9786853438314392 -0.19467261866128663 -0.06540312923014314 0.9786853438314392 -0.19467261866128663 -0.06540312923014314
0.989322101820917 -0.13024672562313575 -0.06540312923014314 0.989322101820917 -0.13024672562313575 -0.06540312923014314
0.9957224306869051 -0.06526309611002552 -0.06540312923014314 0.9957224306869051 -0.06526309611002552 -0.06540312923014314
0.9914448613738104 0.0 -0.1305261922200516 0.9914448613738104 0.0 -0.1305261922200516
0.989322101820917 0.0648435963929926 -0.1305261922200516 0.989322101820917 0.0648435963929926 -0.1305261922200516
0.9829629131445341 0.12940952255126037 -0.1305261922200516 0.9829629131445341 0.12940952255126037 -0.1305261922200516
0.9723945263668545 0.1934212972666523 -0.1305261922200516 0.9723945263668545 0.1934212972666523 -0.1305261922200516
0.9576621969425486 0.25660481229257065 -0.1305261922200516 0.9576621969425486 0.25660481229257065 -0.1305261922200516
0.9388290109679593 0.31868950611756475 -0.1305261922200516 0.9388290109679593 0.31868950611756475 -0.1305261922200516
0.9159756150367534 0.37940952255126037 -0.1305261922200516 0.9159756150367534 0.37940952255126037 -0.1305261922200516
0.8891998708988255 0.4385048491613818 -0.1305261922200516 0.8891998708988255 0.4385048491613818 -0.1305261922200516
0.858616436401261 0.49572243068690514 -0.1305261922200516 0.858616436401261 0.49572243068690514 -0.1305261922200516
0.8243562745058328 0.550817252659535 -0.1305261922200516 0.8243562745058328 0.550817252659535 -0.1305261922200516
0.786566092485493 0.6035533905932737 -0.1305261922200516 0.786566092485493 0.6035533905932737 -0.1305261922200516
0.7454077137013071 0.6537050202492898 -0.1305261922200516 0.7454077137013071 0.6537050202492898 -0.1305261922200516
0.7010573846499779 0.7010573846499778 -0.1305261922200516 0.7010573846499779 0.7010573846499778 -0.1305261922200516
0.6537050202492898 0.745407713701307 -0.1305261922200516 0.6537050202492898 0.745407713701307 -0.1305261922200516
0.6035533905932737 0.786566092485493 -0.1305261922200516 0.6035533905932737 0.786566092485493 -0.1305261922200516
0.5508172526595352 0.8243562745058327 -0.1305261922200516 0.5508172526595352 0.8243562745058327 -0.1305261922200516
0.4957224306869053 0.8586164364012608 -0.1305261922200516 0.4957224306869053 0.8586164364012608 -0.1305261922200516
0.4385048491613818 0.8891998708988255 -0.1305261922200516 0.4385048491613818 0.8891998708988255 -0.1305261922200516
0.3794095225512604 0.9159756150367534 -0.1305261922200516 0.3794095225512604 0.9159756150367534 -0.1305261922200516
0.31868950611756486 0.9388290109679592 -0.1305261922200516 0.31868950611756486 0.9388290109679592 -0.1305261922200516
0.25660481229257065 0.9576621969425486 -0.1305261922200516 0.25660481229257065 0.9576621969425486 -0.1305261922200516
0.1934212972666524 0.9723945263668545 -0.1305261922200516 0.1934212972666524 0.9723945263668545 -0.1305261922200516
0.1294095225512605 0.9829629131445341 -0.1305261922200516 0.1294095225512605 0.9829629131445341 -0.1305261922200516
0.0648435963929928 0.989322101820917 -0.1305261922200516 0.0648435963929928 0.989322101820917 -0.1305261922200516
6.070848880062641e-17 0.9914448613738104 -0.1305261922200516 6.070848880062641e-17 0.9914448613738104 -0.1305261922200516
-0.06484359639299267 0.989322101820917 -0.1305261922200516 -0.06484359639299267 0.989322101820917 -0.1305261922200516
-0.1294095225512604 0.9829629131445341 -0.1305261922200516 -0.1294095225512604 0.9829629131445341 -0.1305261922200516
-0.19342129726665225 0.9723945263668545 -0.1305261922200516 -0.19342129726665225 0.9723945263668545 -0.1305261922200516
-0.25660481229257054 0.9576621969425486 -0.1305261922200516 -0.25660481229257054 0.9576621969425486 -0.1305261922200516
-0.31868950611756475 0.9388290109679593 -0.1305261922200516 -0.31868950611756475 0.9388290109679593 -0.1305261922200516
-0.3794095225512601 0.9159756150367535 -0.1305261922200516 -0.3794095225512601 0.9159756150367535 -0.1305261922200516
-0.43850484916138177 0.8891998708988255 -0.1305261922200516 -0.43850484916138177 0.8891998708988255 -0.1305261922200516
-0.495722430686905 0.858616436401261 -0.1305261922200516 -0.495722430686905 0.858616436401261 -0.1305261922200516
-0.5508172526595352 0.8243562745058327 -0.1305261922200516 -0.5508172526595352 0.8243562745058327 -0.1305261922200516
-0.6035533905932737 0.786566092485493 -0.1305261922200516 -0.6035533905932737 0.786566092485493 -0.1305261922200516
-0.6537050202492898 0.745407713701307 -0.1305261922200516 -0.6537050202492898 0.745407713701307 -0.1305261922200516
-0.7010573846499778 0.7010573846499779 -0.1305261922200516 -0.7010573846499778 0.7010573846499779 -0.1305261922200516
-0.7454077137013069 0.6537050202492899 -0.1305261922200516 -0.7454077137013069 0.6537050202492899 -0.1305261922200516
-0.7865660924854929 0.603553390593274 -0.1305261922200516 -0.7865660924854929 0.603553390593274 -0.1305261922200516
-0.8243562745058326 0.5508172526595353 -0.1305261922200516 -0.8243562745058326 0.5508172526595353 -0.1305261922200516
-0.858616436401261 0.49572243068690514 -0.1305261922200516 -0.858616436401261 0.49572243068690514 -0.1305261922200516
-0.8891998708988252 0.43850484916138227 -0.1305261922200516 -0.8891998708988252 0.43850484916138227 -0.1305261922200516
-0.9159756150367534 0.3794095225512605 -0.1305261922200516 -0.9159756150367534 0.3794095225512605 -0.1305261922200516
-0.9388290109679592 0.3186895061175649 -0.1305261922200516 -0.9388290109679592 0.3186895061175649 -0.1305261922200516
-0.9576621969425485 0.2566048122925709 -0.1305261922200516 -0.9576621969425485 0.2566048122925709 -0.1305261922200516
-0.9723945263668545 0.19342129726665222 -0.1305261922200516 -0.9723945263668545 0.19342129726665222 -0.1305261922200516
-0.9829629131445341 0.12940952255126076 -0.1305261922200516 -0.9829629131445341 0.12940952255126076 -0.1305261922200516
-0.989322101820917 0.06484359639299264 -0.1305261922200516 -0.989322101820917 0.06484359639299264 -0.1305261922200516
-0.9914448613738104 1.2141697760125282e-16 -0.1305261922200516 -0.9914448613738104 1.2141697760125282e-16 -0.1305261922200516
-0.989322101820917 -0.0648435963929924 -0.1305261922200516 -0.989322101820917 -0.0648435963929924 -0.1305261922200516
-0.9829629131445341 -0.12940952255126056 -0.1305261922200516 -0.9829629131445341 -0.12940952255126056 -0.1305261922200516
-0.9723945263668546 -0.19342129726665197 -0.1305261922200516 -0.9723945263668546 -0.19342129726665197 -0.1305261922200516
-0.9576621969425486 -0.2566048122925707 -0.1305261922200516 -0.9576621969425486 -0.2566048122925707 -0.1305261922200516
-0.9388290109679593 -0.3186895061175647 -0.1305261922200516 -0.9388290109679593 -0.3186895061175647 -0.1305261922200516
-0.9159756150367535 -0.37940952255126026 -0.1305261922200516 -0.9159756150367535 -0.37940952255126026 -0.1305261922200516
-0.8891998708988252 -0.43850484916138205 -0.1305261922200516 -0.8891998708988252 -0.43850484916138205 -0.1305261922200516
-0.8586164364012611 -0.49572243068690497 -0.1305261922200516 -0.8586164364012611 -0.49572243068690497 -0.1305261922200516
-0.824356274505833 -0.5508172526595347 -0.1305261922200516 -0.824356274505833 -0.5508172526595347 -0.1305261922200516
-0.786566092485493 -0.6035533905932737 -0.1305261922200516 -0.786566092485493 -0.6035533905932737 -0.1305261922200516
-0.7454077137013071 -0.6537050202492898 -0.1305261922200516 -0.7454077137013071 -0.6537050202492898 -0.1305261922200516
-0.7010573846499782 -0.7010573846499775 -0.1305261922200516 -0.7010573846499782 -0.7010573846499775 -0.1305261922200516
-0.65370502024929 -0.7454077137013069 -0.1305261922200516 -0.65370502024929 -0.7454077137013069 -0.1305261922200516
-0.603553390593274 -0.7865660924854928 -0.1305261922200516 -0.603553390593274 -0.7865660924854928 -0.1305261922200516
-0.550817252659535 -0.8243562745058328 -0.1305261922200516 -0.550817252659535 -0.8243562745058328 -0.1305261922200516
-0.49572243068690564 -0.8586164364012606 -0.1305261922200516 -0.49572243068690564 -0.8586164364012606 -0.1305261922200516
-0.43850484916138194 -0.8891998708988254 -0.1305261922200516 -0.43850484916138194 -0.8891998708988254 -0.1305261922200516
-0.3794095225512601 -0.9159756150367535 -0.1305261922200516 -0.3794095225512601 -0.9159756150367535 -0.1305261922200516
-0.31868950611756497 -0.9388290109679592 -0.1305261922200516 -0.31868950611756497 -0.9388290109679592 -0.1305261922200516
-0.25660481229257054 -0.9576621969425486 -0.1305261922200516 -0.25660481229257054 -0.9576621969425486 -0.1305261922200516
-0.19342129726665272 -0.9723945263668544 -0.1305261922200516 -0.19342129726665272 -0.9723945263668544 -0.1305261922200516
-0.12940952255126043 -0.9829629131445341 -0.1305261922200516 -0.12940952255126043 -0.9829629131445341 -0.1305261922200516
-0.06484359639299227 -0.989322101820917 -0.1305261922200516 -0.06484359639299227 -0.989322101820917 -0.1305261922200516
-1.821254664018792e-16 -0.9914448613738104 -0.1305261922200516 -1.821254664018792e-16 -0.9914448613738104 -0.1305261922200516
0.0648435963929919 -0.9893221018209171 -0.1305261922200516 0.0648435963929919 -0.9893221018209171 -0.1305261922200516
0.12940952255126006 -0.9829629131445342 -0.1305261922200516 0.12940952255126006 -0.9829629131445342 -0.1305261922200516
0.19342129726665236 -0.9723945263668545 -0.1305261922200516 0.19342129726665236 -0.9723945263668545 -0.1305261922200516
0.2566048122925702 -0.9576621969425487 -0.1305261922200516 0.2566048122925702 -0.9576621969425487 -0.1305261922200516
0.31868950611756464 -0.9388290109679593 -0.1305261922200516 0.31868950611756464 -0.9388290109679593 -0.1305261922200516
0.37940952255125976 -0.9159756150367536 -0.1305261922200516 0.37940952255125976 -0.9159756150367536 -0.1305261922200516
0.43850484916138166 -0.8891998708988256 -0.1305261922200516 0.43850484916138166 -0.8891998708988256 -0.1305261922200516
0.4957224306869053 -0.8586164364012608 -0.1305261922200516 0.4957224306869053 -0.8586164364012608 -0.1305261922200516
0.5508172526595346 -0.824356274505833 -0.1305261922200516 0.5508172526595346 -0.824356274505833 -0.1305261922200516
0.603553390593273 -0.7865660924854936 -0.1305261922200516 0.603553390593273 -0.7865660924854936 -0.1305261922200516
0.65370502024929 -0.7454077137013068 -0.1305261922200516 0.65370502024929 -0.7454077137013068 -0.1305261922200516
0.7010573846499777 -0.701057384649978 -0.1305261922200516 0.7010573846499777 -0.701057384649978 -0.1305261922200516
0.7454077137013071 -0.6537050202492897 -0.1305261922200516 0.7454077137013071 -0.6537050202492897 -0.1305261922200516
0.7865660924854928 -0.603553390593274 -0.1305261922200516 0.7865660924854928 -0.603553390593274 -0.1305261922200516
0.8243562745058324 -0.5508172526595357 -0.1305261922200516 0.8243562745058324 -0.5508172526595357 -0.1305261922200516
0.8586164364012606 -0.49572243068690564 -0.1305261922200516 0.8586164364012606 -0.49572243068690564 -0.1305261922200516
0.8891998708988254 -0.438504849161382 -0.1305261922200516 0.8891998708988254 -0.438504849161382 -0.1305261922200516
0.9159756150367535 -0.37940952255126015 -0.1305261922200516 0.9159756150367535 -0.37940952255126015 -0.1305261922200516
0.9388290109679592 -0.318689506117565 -0.1305261922200516 0.9388290109679592 -0.318689506117565 -0.1305261922200516
0.9576621969425484 -0.2566048122925715 -0.1305261922200516 0.9576621969425484 -0.2566048122925715 -0.1305261922200516
0.9723945263668544 -0.19342129726665278 -0.1305261922200516 0.9723945263668544 -0.19342129726665278 -0.1305261922200516
0.9829629131445341 -0.12940952255126048 -0.1305261922200516 0.9829629131445341 -0.12940952255126048 -0.1305261922200516
0.989322101820917 -0.06484359639299234 -0.1305261922200516 0.989322101820917 -0.06484359639299234 -0.1305261922200516
0.9807852804032304 0.0 -0.1950903220161282 0.9807852804032304 0.0 -0.1950903220161282
0.9786853438314393 0.06414642644123458 -0.1950903220161282 0.9786853438314393 0.06414642644123458 -0.1950903220161282
0.9723945263668545 0.12801816803650923 -0.1950903220161282 0.9723945263668545 0.12801816803650923 -0.1950903220161282
0.9619397662556434 0.19134171618254486 -0.1950903220161282 0.9619397662556434 0.19134171618254486 -0.1950903220161282
0.9473658323856459 0.25384590972457216 -0.1950903220161282 0.9473658323856459 0.25384590972457216 -0.1950903220161282
0.9287351325791245 0.3152630961100258 -0.1950903220161282 0.9287351325791245 0.3152630961100258 -0.1950903220161282
0.9061274463528878 0.37533027751786524 -0.1950903220161282 0.9061274463528878 0.37533027751786524 -0.1950903220161282
0.8796395832901518 0.43379023705562064 -0.1950903220161282 0.8796395832901518 0.43379023705562064 -0.1950903220161282
0.8493849684870416 0.49039264020161516 -0.1950903220161282 0.8493849684870416 0.49039264020161516 -0.1950903220161282
0.8154931568489171 0.5448951067758185 -0.1950903220161282 0.8154931568489171 0.5448951067758185 -0.1950903220161282
0.7781092783163785 0.5970642488489893 -0.1950903220161282 0.7781092783163785 0.5970642488489893 -0.1950903220161282
0.7373934163965797 0.6466766701456176 -0.1950903220161282 0.7373934163965797 0.6466766701456176 -0.1950903220161282
0.6935199226610738 0.6935199226610737 -0.1950903220161282 0.6935199226610738 0.6935199226610737 -0.1950903220161282
0.6466766701456176 0.7373934163965796 -0.1950903220161282 0.6466766701456176 0.7373934163965796 -0.1950903220161282
0.5970642488489893 0.7781092783163785 -0.1950903220161282 0.5970642488489893 0.7781092783163785 -0.1950903220161282
0.5448951067758188 0.815493156848917 -0.1950903220161282 0.5448951067758188 0.815493156848917 -0.1950903220161282
0.4903926402016153 0.8493849684870415 -0.1950903220161282 0.4903926402016153 0.8493849684870415 -0.1950903220161282
0.43379023705562064 0.8796395832901518 -0.1950903220161282 0.43379023705562064 0.8796395832901518 -0.1950903220161282
0.3753302775178653 0.9061274463528878 -0.1950903220161282 0.3753302775178653 0.9061274463528878 -0.1950903220161282
0.3152630961100259 0.9287351325791244 -0.1950903220161282 0.3152630961100259 0.9287351325791244 -0.1950903220161282
0.25384590972457216 0.9473658323856459 -0.1950903220161282 0.25384590972457216 0.9473658323856459 -0.1950903220161282
0.19134171618254495 0.9619397662556434 -0.1950903220161282 0.19134171618254495 0.9619397662556434 -0.1950903220161282
0.12801816803650937 0.9723945263668545 -0.1950903220161282 0.12801816803650937 0.9723945263668545 -0.1950903220161282
0.06414642644123478 0.9786853438314393 -0.1950903220161282 0.06414642644123478 0.9786853438314393 -0.1950903220161282
6.005577771483278e-17 0.9807852804032304 -0.1950903220161282 6.005577771483278e-17 0.9807852804032304 -0.1950903220161282
-0.06414642644123467 0.9786853438314393 -0.1950903220161282 -0.06414642644123467 0.9786853438314393 -0.1950903220161282
-0.12801816803650926 0.9723945263668545 -0.1950903220161282 -0.12801816803650926 0.9723945263668545 -0.1950903220161282
-0.1913417161825448 0.9619397662556434 -0.1950903220161282 -0.1913417161825448 0.9619397662556434 -0.1950903220161282
-0.25384590972457205 0.9473658323856459 -0.1950903220161282 -0.25384590972457205 0.9473658323856459 -0.1950903220161282
-0.3152630961100258 0.9287351325791245 -0.1950903220161282 -0.3152630961100258 0.9287351325791245 -0.1950903220161282
-0.37533027751786496 0.9061274463528879 -0.1950903220161282 -0.37533027751786496 0.9061274463528879 -0.1950903220161282
-0.43379023705562053 0.8796395832901518 -0.1950903220161282 -0.43379023705562053 0.8796395832901518 -0.1950903220161282
-0.49039264020161505 0.8493849684870416 -0.1950903220161282 -0.49039264020161505 0.8493849684870416 -0.1950903220161282
-0.5448951067758188 0.815493156848917 -0.1950903220161282 -0.5448951067758188 0.815493156848917 -0.1950903220161282
-0.5970642488489893 0.7781092783163785 -0.1950903220161282 -0.5970642488489893 0.7781092783163785 -0.1950903220161282
-0.6466766701456176 0.7373934163965796 -0.1950903220161282 -0.6466766701456176 0.7373934163965796 -0.1950903220161282
-0.6935199226610737 0.6935199226610738 -0.1950903220161282 -0.6935199226610737 0.6935199226610738 -0.1950903220161282
-0.7373934163965795 0.6466766701456177 -0.1950903220161282 -0.7373934163965795 0.6466766701456177 -0.1950903220161282
-0.7781092783163784 0.5970642488489896 -0.1950903220161282 -0.7781092783163784 0.5970642488489896 -0.1950903220161282
-0.8154931568489169 0.5448951067758189 -0.1950903220161282 -0.8154931568489169 0.5448951067758189 -0.1950903220161282
-0.8493849684870416 0.49039264020161516 -0.1950903220161282 -0.8493849684870416 0.49039264020161516 -0.1950903220161282
-0.8796395832901516 0.4337902370556211 -0.1950903220161282 -0.8796395832901516 0.4337902370556211 -0.1950903220161282
-0.9061274463528878 0.37533027751786535 -0.1950903220161282 -0.9061274463528878 0.37533027751786535 -0.1950903220161282
-0.9287351325791244 0.31526309611002595 -0.1950903220161282 -0.9287351325791244 0.31526309611002595 -0.1950903220161282
-0.9473658323856458 0.25384590972457244 -0.1950903220161282 -0.9473658323856458 0.25384590972457244 -0.1950903220161282
-0.9619397662556434 0.19134171618254478 -0.1950903220161282 -0.9619397662556434 0.19134171618254478 -0.1950903220161282
-0.9723945263668545 0.12801816803650964 -0.1950903220161282 -0.9723945263668545 0.12801816803650964 -0.1950903220161282
-0.9786853438314393 0.06414642644123464 -0.1950903220161282 -0.9786853438314393 0.06414642644123464 -0.1950903220161282
-0.9807852804032304 1.2011155542966555e-16 -0.1950903220161282 -0.9807852804032304 1.2011155542966555e-16 -0.1950903220161282
-0.9786853438314393 -0.06414642644123439 -0.1950903220161282 -0.9786853438314393 -0.06414642644123439 -0.1950903220161282
-0.9723945263668545 -0.12801816803650942 -0.1950903220161282 -0.9723945263668545 -0.12801816803650942 -0.1950903220161282
-0.9619397662556435 -0.19134171618254453 -0.1950903220161282 -0.9619397662556435 -0.19134171618254453 -0.1950903220161282
-0.9473658323856459 -0.2538459097245722 -0.1950903220161282 -0.9473658323856459 -0.2538459097245722 -0.1950903220161282
-0.9287351325791245 -0.31526309611002573 -0.1950903220161282 -0.9287351325791245 -0.31526309611002573 -0.1950903220161282
-0.9061274463528879 -0.37533027751786513 -0.1950903220161282 -0.9061274463528879 -0.37533027751786513 -0.1950903220161282
-0.8796395832901516 -0.43379023705562086 -0.1950903220161282 -0.8796395832901516 -0.43379023705562086 -0.1950903220161282
-0.8493849684870417 -0.490392640201615 -0.1950903220161282 -0.8493849684870417 -0.490392640201615 -0.1950903220161282
-0.8154931568489173 -0.5448951067758184 -0.1950903220161282 -0.8154931568489173 -0.5448951067758184 -0.1950903220161282
-0.7781092783163785 -0.5970642488489893 -0.1950903220161282 -0.7781092783163785 -0.5970642488489893 -0.1950903220161282
-0.7373934163965797 -0.6466766701456176 -0.1950903220161282 -0.7373934163965797 -0.6466766701456176 -0.1950903220161282
-0.6935199226610741 -0.6935199226610733 -0.1950903220161282 -0.6935199226610741 -0.6935199226610733 -0.1950903220161282
-0.6466766701456178 -0.7373934163965795 -0.1950903220161282 -0.6466766701456178 -0.7373934163965795 -0.1950903220161282
-0.5970642488489896 -0.7781092783163783 -0.1950903220161282 -0.5970642488489896 -0.7781092783163783 -0.1950903220161282
-0.5448951067758185 -0.8154931568489171 -0.1950903220161282 -0.5448951067758185 -0.8154931568489171 -0.1950903220161282
-0.49039264020161566 -0.8493849684870413 -0.1950903220161282 -0.49039264020161566 -0.8493849684870413 -0.1950903220161282
-0.43379023705562075 -0.8796395832901517 -0.1950903220161282 -0.43379023705562075 -0.8796395832901517 -0.1950903220161282
-0.37533027751786496 -0.9061274463528879 -0.1950903220161282 -0.37533027751786496 -0.9061274463528879 -0.1950903220161282
-0.315263096110026 -0.9287351325791244 -0.1950903220161282 -0.315263096110026 -0.9287351325791244 -0.1950903220161282
-0.25384590972457205 -0.9473658323856459 -0.1950903220161282 -0.25384590972457205 -0.9473658323856459 -0.1950903220161282
-0.19134171618254528 -0.9619397662556433 -0.1950903220161282 -0.19134171618254528 -0.9619397662556433 -0.1950903220161282
-0.12801816803650928 -0.9723945263668545 -0.1950903220161282 -0.12801816803650928 -0.9723945263668545 -0.1950903220161282
-0.06414642644123425 -0.9786853438314393 -0.1950903220161282 -0.06414642644123425 -0.9786853438314393 -0.1950903220161282
-1.8016733314449831e-16 -0.9807852804032304 -0.1950903220161282 -1.8016733314449831e-16 -0.9807852804032304 -0.1950903220161282
0.0641464264412339 -0.9786853438314395 -0.1950903220161282 0.0641464264412339 -0.9786853438314395 -0.1950903220161282
0.12801816803650895 -0.9723945263668546 -0.1950903220161282 0.12801816803650895 -0.9723945263668546 -0.1950903220161282
0.19134171618254492 -0.9619397662556434 -0.1950903220161282 0.19134171618254492 -0.9619397662556434 -0.1950903220161282
0.2538459097245717 -0.947365832385646 -0.1950903220161282 0.2538459097245717 -0.947365832385646 -0.1950903220161282
0.3152630961100257 -0.9287351325791245 -0.1950903220161282 0.3152630961100257 -0.9287351325791245 -0.1950903220161282
0.37533027751786463 -0.906127446352888 -0.1950903220161282 0.37533027751786463 -0.906127446352888 -0.1950903220161282
0.4337902370556204 -0.8796395832901519 -0.1950903220161282 0.4337902370556204 -0.8796395832901519 -0.1950903220161282
0.4903926402016153 -0.8493849684870415 -0.1950903220161282 0.4903926402016153 -0.8493849684870415 -0.1950903220161282
0.5448951067758183 -0.8154931568489173 -0.1950903220161282 0.5448951067758183 -0.8154931568489173 -0.1950903220161282
0.5970642488489886 -0.7781092783163791 -0.1950903220161282 0.5970642488489886 -0.7781092783163791 -0.1950903220161282
0.6466766701456178 -0.7373934163965794 -0.1950903220161282 0.6466766701456178 -0.7373934163965794 -0.1950903220161282
0.6935199226610735 -0.6935199226610739 -0.1950903220161282 0.6935199226610735 -0.6935199226610739 -0.1950903220161282
0.7373934163965797 -0.6466766701456175 -0.1950903220161282 0.7373934163965797 -0.6466766701456175 -0.1950903220161282
0.7781092783163783 -0.5970642488489896 -0.1950903220161282 0.7781092783163783 -0.5970642488489896 -0.1950903220161282
0.8154931568489167 -0.5448951067758193 -0.1950903220161282 0.8154931568489167 -0.5448951067758193 -0.1950903220161282
0.8493849684870413 -0.49039264020161566 -0.1950903220161282 0.8493849684870413 -0.49039264020161566 -0.1950903220161282
0.8796395832901517 -0.4337902370556208 -0.1950903220161282 0.8796395832901517 -0.4337902370556208 -0.1950903220161282
0.9061274463528879 -0.375330277517865 -0.1950903220161282 0.9061274463528879 -0.375330277517865 -0.1950903220161282
0.9287351325791244 -0.31526309611002606 -0.1950903220161282 0.9287351325791244 -0.31526309611002606 -0.1950903220161282
0.9473658323856456 -0.25384590972457294 -0.1950903220161282 0.9473658323856456 -0.25384590972457294 -0.1950903220161282
0.9619397662556433 -0.19134171618254533 -0.1950903220161282 0.9619397662556433 -0.19134171618254533 -0.1950903220161282
0.9723945263668545 -0.12801816803650934 -0.1950903220161282 0.9723945263668545 -0.12801816803650934 -0.1950903220161282
0.9786853438314393 -0.06414642644123432 -0.1950903220161282 0.9786853438314393 -0.06414642644123432 -0.1950903220161282
0.9659258262890683 0.0 -0.25881904510252063 0.9659258262890683 0.0 -0.25881904510252063
0.963857704949168 0.06317457164351666 -0.25881904510252063 0.963857704949168 0.06317457164351666 -0.25881904510252063
0.9576621969425486 0.12607862007251908 -0.25881904510252063 0.9576621969425486 0.12607862007251908 -0.25881904510252063
0.9473658323856459 0.18844278049442909 -0.25881904510252063 0.9473658323856459 0.18844278049442909 -0.25881904510252063
0.9330127018922194 0.24999999999999997 -0.25881904510252063 0.9330127018922194 0.24999999999999997 -0.25881904510252063
0.9146642677705744 0.31048668112487265 -0.25881904510252063 0.9146642677705744 0.31048668112487265 -0.25881904510252063
0.8923991008325228 0.3696438106143861 -0.25881904510252063 0.8923991008325228 0.3696438106143861 -0.25881904510252063
0.866312543941104 0.4272180685580985 -0.25881904510252063 0.866312543941104 0.4272180685580985 -0.25881904510252063
0.8365163037378079 0.4829629131445341 -0.25881904510252063 0.8365163037378079 0.4829629131445341 -0.25881904510252063
0.8031379722975873 0.5366396363910695 -0.25881904510252063 0.8031379722975873 0.5366396363910695 -0.25881904510252063
0.7663204807600037 0.5880183863281625 -0.25881904510252063 0.7663204807600037 0.5880183863281625 -0.25881904510252063
0.7262214872761453 0.6368791512607732 -0.25881904510252063 0.7262214872761453 0.6368791512607732 -0.25881904510252063
0.6830127018922194 0.6830127018922193 -0.25881904510252063 0.6830127018922194 0.6830127018922193 -0.25881904510252063
0.6368791512607732 0.7262214872761452 -0.25881904510252063 0.6368791512607732 0.7262214872761452 -0.25881904510252063
0.5880183863281625 0.7663204807600037 -0.25881904510252063 0.5880183863281625 0.7663204807600037 -0.25881904510252063
0.5366396363910697 0.8031379722975872 -0.25881904510252063 0.5366396363910697 0.8031379722975872 -0.25881904510252063
0.48296291314453427 0.8365163037378078 -0.25881904510252063 0.48296291314453427 0.8365163037378078 -0.25881904510252063
0.4272180685580985 0.866312543941104 -0.25881904510252063 0.4272180685580985 0.866312543941104 -0.25881904510252063
0.36964381061438617 0.8923991008325228 -0.25881904510252063 0.36964381061438617 0.8923991008325228 -0.25881904510252063
0.31048668112487277 0.9146642677705743 -0.25881904510252063 0.31048668112487277 0.9146642677705743 -0.25881904510252063
0.24999999999999997 0.9330127018922194 -0.25881904510252063 0.24999999999999997 0.9330127018922194 -0.25881904510252063
0.18844278049442917 0.9473658323856459 -0.25881904510252063 0.18844278049442917 0.9473658323856459 -0.25881904510252063
0.12607862007251922 0.9576621969425486 -0.25881904510252063 0.12607862007251922 0.9576621969425486 -0.25881904510252063
0.06317457164351685 0.963857704949168 -0.25881904510252063 0.06317457164351685 0.963857704949168 -0.25881904510252063
5.914589856893349e-17 0.9659258262890683 -0.25881904510252063 5.914589856893349e-17 0.9659258262890683 -0.25881904510252063
-0.06317457164351674 0.963857704949168 -0.25881904510252063 -0.06317457164351674 0.963857704949168 -0.25881904510252063
-0.1260786200725191 0.9576621969425486 -0.25881904510252063 -0.1260786200725191 0.9576621969425486 -0.25881904510252063
-0.18844278049442903 0.9473658323856459 -0.25881904510252063 -0.18844278049442903 0.9473658323856459 -0.25881904510252063
-0.2499999999999999 0.9330127018922194 -0.25881904510252063 -0.2499999999999999 0.9330127018922194 -0.25881904510252063
-0.31048668112487265 0.9146642677705744 -0.25881904510252063 -0.31048668112487265 0.9146642677705744 -0.25881904510252063
-0.3696438106143859 0.8923991008325229 -0.25881904510252063 -0.3696438106143859 0.8923991008325229 -0.25881904510252063
-0.42721806855809846 0.866312543941104 -0.25881904510252063 -0.42721806855809846 0.866312543941104 -0.25881904510252063
-0.482962913144534 0.8365163037378079 -0.25881904510252063 -0.482962913144534 0.8365163037378079 -0.25881904510252063
-0.5366396363910697 0.8031379722975872 -0.25881904510252063 -0.5366396363910697 0.8031379722975872 -0.25881904510252063
-0.5880183863281625 0.7663204807600037 -0.25881904510252063 -0.5880183863281625 0.7663204807600037 -0.25881904510252063
-0.6368791512607732 0.7262214872761452 -0.25881904510252063 -0.6368791512607732 0.7262214872761452 -0.25881904510252063
-0.6830127018922193 0.6830127018922194 -0.25881904510252063 -0.6830127018922193 0.6830127018922194 -0.25881904510252063
-0.7262214872761452 0.6368791512607733 -0.25881904510252063 -0.7262214872761452 0.6368791512607733 -0.25881904510252063
-0.7663204807600036 0.5880183863281627 -0.25881904510252063 -0.7663204807600036 0.5880183863281627 -0.25881904510252063
-0.8031379722975871 0.5366396363910698 -0.25881904510252063 -0.8031379722975871 0.5366396363910698 -0.25881904510252063
-0.8365163037378079 0.4829629131445341 -0.25881904510252063 -0.8365163037378079 0.4829629131445341 -0.25881904510252063
-0.8663125439411038 0.42721806855809896 -0.25881904510252063 -0.8663125439411038 0.42721806855809896 -0.25881904510252063
-0.8923991008325228 0.3696438106143862 -0.25881904510252063 -0.8923991008325228 0.3696438106143862 -0.25881904510252063
-0.9146642677705743 0.3104866811248728 -0.25881904510252063 -0.9146642677705743 0.3104866811248728 -0.25881904510252063
-0.9330127018922193 0.2500000000000003 -0.25881904510252063 -0.9330127018922193 0.2500000000000003 -0.25881904510252063
-0.9473658323856459 0.188442780494429 -0.25881904510252063 -0.9473658323856459 0.188442780494429 -0.25881904510252063
-0.9576621969425486 0.12607862007251947 -0.25881904510252063 -0.9576621969425486 0.12607862007251947 -0.25881904510252063
-0.963857704949168 0.06317457164351671 -0.25881904510252063 -0.963857704949168 0.06317457164351671 -0.25881904510252063
-0.9659258262890683 1.1829179713786698e-16 -0.25881904510252063 -0.9659258262890683 1.1829179713786698e-16 -0.25881904510252063
-0.963857704949168 -0.06317457164351646 -0.25881904510252063 -0.963857704949168 -0.06317457164351646 -0.25881904510252063
-0.9576621969425486 -0.12607862007251927 -0.25881904510252063 -0.9576621969425486 -0.12607862007251927 -0.25881904510252063
-0.947365832385646 -0.18844278049442878 -0.25881904510252063 -0.947365832385646 -0.18844278049442878 -0.25881904510252063
-0.9330127018922194 -0.25000000000000006 -0.25881904510252063 -0.9330127018922194 -0.25000000000000006 -0.25881904510252063
-0.9146642677705744 -0.3104866811248726 -0.25881904510252063 -0.9146642677705744 -0.3104866811248726 -0.25881904510252063
-0.8923991008325229 -0.369643810614386 -0.25881904510252063 -0.8923991008325229 -0.369643810614386 -0.25881904510252063
-0.8663125439411038 -0.42721806855809874 -0.25881904510252063 -0.8663125439411038 -0.42721806855809874 -0.25881904510252063
-0.836516303737808 -0.48296291314453393 -0.25881904510252063 -0.836516303737808 -0.48296291314453393 -0.25881904510252063
-0.8031379722975875 -0.5366396363910693 -0.25881904510252063 -0.8031379722975875 -0.5366396363910693 -0.25881904510252063
-0.7663204807600037 -0.5880183863281625 -0.25881904510252063 -0.7663204807600037 -0.5880183863281625 -0.25881904510252063
-0.7262214872761453 -0.6368791512607732 -0.25881904510252063 -0.7262214872761453 -0.6368791512607732 -0.25881904510252063
-0.6830127018922197 -0.683012701892219 -0.25881904510252063 -0.6830127018922197 -0.683012701892219 -0.25881904510252063
-0.6368791512607734 -0.7262214872761452 -0.25881904510252063 -0.6368791512607734 -0.7262214872761452 -0.25881904510252063
-0.5880183863281627 -0.7663204807600035 -0.25881904510252063 -0.5880183863281627 -0.7663204807600035 -0.25881904510252063
-0.5366396363910695 -0.8031379722975873 -0.25881904510252063 -0.5366396363910695 -0.8031379722975873 -0.25881904510252063
-0.4829629131445346 -0.8365163037378076 -0.25881904510252063 -0.4829629131445346 -0.8365163037378076 -0.25881904510252063
-0.42721806855809863 -0.8663125439411039 -0.25881904510252063 -0.42721806855809863 -0.8663125439411039 -0.25881904510252063
-0.3696438106143859 -0.8923991008325229 -0.25881904510252063 -0.3696438106143859 -0.8923991008325229 -0.25881904510252063
-0.3104866811248729 -0.9146642677705743 -0.25881904510252063 -0.3104866811248729 -0.9146642677705743 -0.25881904510252063
-0.2499999999999999 -0.9330127018922194 -0.25881904510252063 -0.2499999999999999 -0.9330127018922194 -0.25881904510252063
-0.1884427804944295 -0.9473658323856458 -0.25881904510252063 -0.1884427804944295 -0.9473658323856458 -0.25881904510252063
-0.12607862007251913 -0.9576621969425486 -0.25881904510252063 -0.12607862007251913 -0.9576621969425486 -0.25881904510252063
-0.06317457164351634 -0.963857704949168 -0.25881904510252063 -0.06317457164351634 -0.963857704949168 -0.25881904510252063
-1.7743769570680046e-16 -0.9659258262890683 -0.25881904510252063 -1.7743769570680046e-16 -0.9659258262890683 -0.25881904510252063
0.06317457164351599 -0.9638577049491681 -0.25881904510252063 0.06317457164351599 -0.9638577049491681 -0.25881904510252063
0.12607862007251877 -0.9576621969425487 -0.25881904510252063 0.12607862007251877 -0.9576621969425487 -0.25881904510252063
0.18844278049442914 -0.9473658323856459 -0.25881904510252063 0.18844278049442914 -0.9473658323856459 -0.25881904510252063
0.24999999999999956 -0.9330127018922195 -0.25881904510252063 0.24999999999999956 -0.9330127018922195 -0.25881904510252063
0.31048668112487254 -0.9146642677705744 -0.25881904510252063 0.31048668112487254 -0.9146642677705744 -0.25881904510252063
0.36964381061438556 -0.892399100832523 -0.25881904510252063 0.36964381061438556 -0.892399100832523 -0.25881904510252063
0.42721806855809835 -0.8663125439411041 -0.25881904510252063 0.42721806855809835 -0.8663125439411041 -0.25881904510252063
0.48296291314453427 -0.8365163037378078 -0.25881904510252063 0.48296291314453427 -0.8365163037378078 -0.25881904510252063
0.5366396363910692 -0.8031379722975875 -0.25881904510252063 0.5366396363910692 -0.8031379722975875 -0.25881904510252063
0.5880183863281617 -0.7663204807600043 -0.25881904510252063 0.5880183863281617 -0.7663204807600043 -0.25881904510252063
0.6368791512607734 -0.7262214872761451 -0.25881904510252063 0.6368791512607734 -0.7262214872761451 -0.25881904510252063
0.6830127018922192 -0.6830127018922195 -0.25881904510252063 0.6830127018922192 -0.6830127018922195 -0.25881904510252063
0.7262214872761453 -0.6368791512607731 -0.25881904510252063 0.7262214872761453 -0.6368791512607731 -0.25881904510252063
0.7663204807600035 -0.5880183863281627 -0.25881904510252063 0.7663204807600035 -0.5880183863281627 -0.25881904510252063
0.8031379722975869 -0.5366396363910703 -0.25881904510252063 0.8031379722975869 -0.5366396363910703 -0.25881904510252063
0.8365163037378076 -0.4829629131445346 -0.25881904510252063 0.8365163037378076 -0.4829629131445346 -0.25881904510252063
0.8663125439411039 -0.4272180685580987 -0.25881904510252063 0.8663125439411039 -0.4272180685580987 -0.25881904510252063
0.8923991008325229 -0.36964381061438595 -0.25881904510252063 0.8923991008325229 -0.36964381061438595 -0.25881904510252063
0.9146642677705743 -0.31048668112487293 -0.25881904510252063 0.9146642677705743 -0.31048668112487293 -0.25881904510252063
0.9330127018922192 -0.2500000000000008 -0.25881904510252063 0.9330127018922192 -0.2500000000000008 -0.25881904510252063
0.9473658323856458 -0.18844278049442956 -0.25881904510252063 0.9473658323856458 -0.18844278049442956 -0.25881904510252063
0.9576621969425486 -0.1260786200725192 -0.25881904510252063 0.9576621969425486 -0.1260786200725192 -0.25881904510252063
0.963857704949168 -0.06317457164351639 -0.25881904510252063 0.963857704949168 -0.06317457164351639 -0.25881904510252063
0.9469301294951057 0.0 -0.3214394653031616 0.9469301294951057 0.0 -0.3214394653031616
0.9449026794001775 0.0619321936312845 -0.3214394653031616 0.9449026794001775 0.0619321936312845 -0.3214394653031616
0.9388290109679593 0.1235991841014365 -0.3214394653031616 0.9388290109679593 0.1235991841014365 -0.3214394653031616
0.9287351325791245 0.18473690388997419 -0.3214394653031616 0.9287351325791245 0.18473690388997419 -0.3214394653031616
0.9146642677705744 0.24508355189472955 -0.3214394653031616 0.9146642677705744 0.24508355189472955 -0.3214394653031616
0.8966766701456176 0.30438071450436033 -0.3214394653031616 0.8966766701456176 0.30438071450436033 -0.3214394653031616
0.8748493653587904 0.362374472165106 -0.3214394653031616 0.8748493653587904 0.362374472165106 -0.3214394653031616
0.8492758212801791 0.4188164867032995 -0.3214394653031616 0.8492758212801791 0.4188164867032995 -0.3214394653031616
0.8200655477516497 0.4734650647475528 -0.3214394653031616 0.8200655477516497 0.4734650647475528 -0.3214394653031616
0.7873436276488944 0.526086192696878 -0.3214394653031616 0.7873436276488944 0.526086192696878 -0.3214394653031616
0.751250181257354 0.5764545388028535 -0.3214394653031616 0.751250181257354 0.5764545388028535 -0.3214394653031616
0.7119397662556435 0.6243544180747642 -0.3214394653031616 0.7119397662556435 0.6243544180747642 -0.3214394653031616
0.6695807158758449 0.6695807158758448 -0.3214394653031616 0.6695807158758449 0.6695807158758448 -0.3214394653031616
0.6243544180747642 0.7119397662556434 -0.3214394653031616 0.6243544180747642 0.7119397662556434 -0.3214394653031616
0.5764545388028535 0.751250181257354 -0.3214394653031616 0.5764545388028535 0.751250181257354 -0.3214394653031616
0.5260861926968782 0.7873436276488944 -0.3214394653031616 0.5260861926968782 0.7873436276488944 -0.3214394653031616
0.47346506474755296 0.8200655477516496 -0.3214394653031616 0.47346506474755296 0.8200655477516496 -0.3214394653031616
0.4188164867032995 0.8492758212801791 -0.3214394653031616 0.4188164867032995 0.8492758212801791 -0.3214394653031616
0.36237447216510604 0.8748493653587904 -0.3214394653031616 0.36237447216510604 0.8748493653587904 -0.3214394653031616
0.30438071450436044 0.8966766701456175 -0.3214394653031616 0.30438071450436044 0.8966766701456175 -0.3214394653031616
0.24508355189472955 0.9146642677705744 -0.3214394653031616 0.24508355189472955 0.9146642677705744 -0.3214394653031616
0.18473690388997427 0.9287351325791245 -0.3214394653031616 0.18473690388997427 0.9287351325791245 -0.3214394653031616
0.12359918410143662 0.9388290109679593 -0.3214394653031616 0.12359918410143662 0.9388290109679593 -0.3214394653031616
0.0619321936312847 0.9449026794001775 -0.3214394653031616 0.0619321936312847 0.9449026794001775 -0.3214394653031616
5.79827476051185e-17 0.9469301294951057 -0.3214394653031616 5.79827476051185e-17 0.9469301294951057 -0.3214394653031616
-0.061932193631284584 0.9449026794001775 -0.3214394653031616 -0.061932193631284584 0.9449026794001775 -0.3214394653031616
-0.12359918410143651 0.9388290109679593 -0.3214394653031616 -0.12359918410143651 0.9388290109679593 -0.3214394653031616
-0.18473690388997413 0.9287351325791245 -0.3214394653031616 -0.18473690388997413 0.9287351325791245 -0.3214394653031616
-0.24508355189472947 0.9146642677705744 -0.3214394653031616 -0.24508355189472947 0.9146642677705744 -0.3214394653031616
-0.30438071450436033 0.8966766701456176 -0.3214394653031616 -0.30438071450436033 0.8966766701456176 -0.3214394653031616
-0.3623744721651057 0.8748493653587905 -0.3214394653031616 -0.3623744721651057 0.8748493653587905 -0.3214394653031616
-0.4188164867032994 0.8492758212801791 -0.3214394653031616 -0.4188164867032994 0.8492758212801791 -0.3214394653031616
-0.4734650647475527 0.8200655477516497 -0.3214394653031616 -0.4734650647475527 0.8200655477516497 -0.3214394653031616
-0.5260861926968782 0.7873436276488944 -0.3214394653031616 -0.5260861926968782 0.7873436276488944 -0.3214394653031616
-0.5764545388028535 0.751250181257354 -0.3214394653031616 -0.5764545388028535 0.751250181257354 -0.3214394653031616
-0.6243544180747642 0.7119397662556434 -0.3214394653031616 -0.6243544180747642 0.7119397662556434 -0.3214394653031616
-0.6695807158758448 0.6695807158758449 -0.3214394653031616 -0.6695807158758448 0.6695807158758449 -0.3214394653031616
-0.7119397662556433 0.6243544180747643 -0.3214394653031616 -0.7119397662556433 0.6243544180747643 -0.3214394653031616
-0.7512501812573539 0.5764545388028537 -0.3214394653031616 -0.7512501812573539 0.5764545388028537 -0.3214394653031616
-0.7873436276488943 0.5260861926968783 -0.3214394653031616 -0.7873436276488943 0.5260861926968783 -0.3214394653031616
-0.8200655477516497 0.4734650647475528 -0.3214394653031616 -0.8200655477516497 0.4734650647475528 -0.3214394653031616
-0.8492758212801789 0.41881648670329996 -0.3214394653031616 -0.8492758212801789 0.41881648670329996 -0.3214394653031616
-0.8748493653587904 0.3623744721651061 -0.3214394653031616 -0.8748493653587904 0.3623744721651061 -0.3214394653031616
-0.8966766701456175 0.3043807145043605 -0.3214394653031616 -0.8966766701456175 0.3043807145043605 -0.3214394653031616
-0.9146642677705743 0.24508355189472983 -0.3214394653031616 -0.9146642677705743 0.24508355189472983 -0.3214394653031616
-0.9287351325791245 0.1847369038899741 -0.3214394653031616 -0.9287351325791245 0.1847369038899741 -0.3214394653031616
-0.9388290109679593 0.12359918410143689 -0.3214394653031616 -0.9388290109679593 0.12359918410143689 -0.3214394653031616
-0.9449026794001775 0.061932193631284556 -0.3214394653031616 -0.9449026794001775 0.061932193631284556 -0.3214394653031616
-0.9469301294951057 1.15965495210237e-16 -0.3214394653031616 -0.9469301294951057 1.15965495210237e-16 -0.3214394653031616
-0.9449026794001775 -0.06193219363128432 -0.3214394653031616 -0.9449026794001775 -0.06193219363128432 -0.3214394653031616
-0.9388290109679593 -0.12359918410143668 -0.3214394653031616 -0.9388290109679593 -0.12359918410143668 -0.3214394653031616
-0.9287351325791247 -0.18473690388997388 -0.3214394653031616 -0.9287351325791247 -0.18473690388997388 -0.3214394653031616
-0.9146642677705744 -0.2450835518947296 -0.3214394653031616 -0.9146642677705744 -0.2450835518947296 -0.3214394653031616
-0.8966766701456176 -0.3043807145043603 -0.3214394653031616 -0.8966766701456176 -0.3043807145043603 -0.3214394653031616
-0.8748493653587905 -0.3623744721651059 -0.3214394653031616 -0.8748493653587905 -0.3623744721651059 -0.3214394653031616
-0.8492758212801789 -0.41881648670329974 -0.3214394653031616 -0.8492758212801789 -0.41881648670329974 -0.3214394653031616
-0.8200655477516499 -0.4734650647475526 -0.3214394653031616 -0.8200655477516499 -0.4734650647475526 -0.3214394653031616
-0.7873436276488947 -0.5260861926968777 -0.3214394653031616 -0.7873436276488947 -0.5260861926968777 -0.3214394653031616
-0.751250181257354 -0.5764545388028535 -0.3214394653031616 -0.751250181257354 -0.5764545388028535 -0.3214394653031616
-0.7119397662556435 -0.6243544180747642 -0.3214394653031616 -0.7119397662556435 -0.6243544180747642 -0.3214394653031616
-0.6695807158758452 -0.6695807158758444 -0.3214394653031616 -0.6695807158758452 -0.6695807158758444 -0.3214394653031616
-0.6243544180747644 -0.7119397662556433 -0.3214394653031616 -0.6243544180747644 -0.7119397662556433 -0.3214394653031616
-0.5764545388028537 -0.7512501812573538 -0.3214394653031616 -0.5764545388028537 -0.7512501812573538 -0.3214394653031616
-0.526086192696878 -0.7873436276488944 -0.3214394653031616 -0.526086192696878 -0.7873436276488944 -0.3214394653031616
-0.4734650647475533 -0.8200655477516494 -0.3214394653031616 -0.4734650647475533 -0.8200655477516494 -0.3214394653031616
-0.41881648670329963 -0.849275821280179 -0.3214394653031616 -0.41881648670329963 -0.849275821280179 -0.3214394653031616
-0.3623744721651057 -0.8748493653587905 -0.3214394653031616 -0.3623744721651057 -0.8748493653587905 -0.3214394653031616
-0.30438071450436055 -0.8966766701456175 -0.3214394653031616 -0.30438071450436055 -0.8966766701456175 -0.3214394653031616
-0.24508355189472947 -0.9146642677705744 -0.3214394653031616 -0.24508355189472947 -0.9146642677705744 -0.3214394653031616
-0.18473690388997457 -0.9287351325791244 -0.3214394653031616 -0.18473690388997457 -0.9287351325791244 -0.3214394653031616
-0.12359918410143654 -0.9388290109679593 -0.3214394653031616 -0.12359918410143654 -0.9388290109679593 -0.3214394653031616
-0.06193219363128419 -0.9449026794001775 -0.3214394653031616 -0.06193219363128419 -0.9449026794001775 -0.3214394653031616
-1.7394824281535547e-16 -0.9469301294951057 -0.3214394653031616 -1.7394824281535547e-16 -0.9469301294951057 -0.3214394653031616
0.06193219363128384 -0.9449026794001776 -0.3214394653031616 0.06193219363128384 -0.9449026794001776 -0.3214394653031616
0.12359918410143621 -0.9388290109679595 -0.3214394653031616 0.12359918410143621 -0.9388290109679595 -0.3214394653031616
0.18473690388997424 -0.9287351325791245 -0.3214394653031616 0.18473690388997424 -0.9287351325791245 -0.3214394653031616
0.24508355189472913 -0.9146642677705745 -0.3214394653031616 0.24508355189472913 -0.9146642677705745 -0.3214394653031616
0.3043807145043602 -0.8966766701456176 -0.3214394653031616 0.3043807145043602 -0.8966766701456176 -0.3214394653031616
0.36237447216510543 -0.8748493653587907 -0.3214394653031616 0.36237447216510543 -0.8748493653587907 -0.3214394653031616
0.41881648670329935 -0.8492758212801792 -0.3214394653031616 0.41881648670329935 -0.8492758212801792 -0.3214394653031616
0.47346506474755296 -0.8200655477516496 -0.3214394653031616 0.47346506474755296 -0.8200655477516496 -0.3214394653031616
0.5260861926968776 -0.7873436276488947 -0.3214394653031616 0.5260861926968776 -0.7873436276488947 -0.3214394653031616
0.5764545388028527 -0.7512501812573545 -0.3214394653031616 0.5764545388028527 -0.7512501812573545 -0.3214394653031616
0.6243544180747644 -0.7119397662556431 -0.3214394653031616 0.6243544180747644 -0.7119397662556431 -0.3214394653031616
0.6695807158758447 -0.669580715875845 -0.3214394653031616 0.6695807158758447 -0.669580715875845 -0.3214394653031616
0.7119397662556435 -0.6243544180747641 -0.3214394653031616 0.7119397662556435 -0.6243544180747641 -0.3214394653031616
0.7512501812573538 -0.5764545388028537 -0.3214394653031616 0.7512501812573538 -0.5764545388028537 -0.3214394653031616
0.7873436276488941 -0.5260861926968786 -0.3214394653031616 0.7873436276488941 -0.5260861926968786 -0.3214394653031616
0.8200655477516494 -0.4734650647475533 -0.3214394653031616 0.8200655477516494 -0.4734650647475533 -0.3214394653031616
0.849275821280179 -0.4188164867032997 -0.3214394653031616 0.849275821280179 -0.4188164867032997 -0.3214394653031616
0.8748493653587905 -0.36237447216510577 -0.3214394653031616 0.8748493653587905 -0.36237447216510577 -0.3214394653031616
0.8966766701456175 -0.3043807145043606 -0.3214394653031616 0.8966766701456175 -0.3043807145043606 -0.3214394653031616
0.9146642677705742 -0.24508355189473036 -0.3214394653031616 0.9146642677705742 -0.24508355189473036 -0.3214394653031616
0.9287351325791244 -0.18473690388997463 -0.3214394653031616 0.9287351325791244 -0.18473690388997463 -0.3214394653031616
0.9388290109679593 -0.1235991841014366 -0.3214394653031616 0.9388290109679593 -0.1235991841014366 -0.3214394653031616
0.9449026794001775 -0.06193219363128425 -0.3214394653031616 0.9449026794001775 -0.06193219363128425 -0.3214394653031616
0.9238795325112868 0.0 -0.3826834323650895 0.9238795325112868 0.0 -0.3826834323650895
0.921901435513897 0.06042461245791985 -0.3826834323650895 0.921901435513897 0.06042461245791985 -0.3826834323650895
0.9159756150367535 0.12059047744873962 -0.3826834323650895 0.9159756150367535 0.12059047744873962 -0.3826834323650895
0.9061274463528879 0.18023995550173696 -0.3826834323650895 0.9061274463528879 0.18023995550173696 -0.3826834323650895
0.8923991008325229 0.2391176183943345 -0.3826834323650895 0.8923991008325229 0.2391176183943345 -0.3826834323650895
0.8748493653587905 0.2969713429349629 -0.3826834323650895 0.8748493653587905 0.2969713429349629 -0.3826834323650895
0.8535533905932738 0.3535533905932738 -0.3826834323650895 0.8535533905932738 0.3535533905932738 -0.3826834323650895
0.8286023691693364 0.40862146835456026 -0.3826834323650895 0.8286023691693364 0.40862146835456026 -0.3826834323650895
0.8001031451912657 0.46193976625564337 -0.3826834323650895 0.8001031451912657 0.46193976625564337 -0.3826834323650895
0.7681777567114164 0.5132799671593368 -0.3826834323650895 0.7681777567114164 0.5132799671593368 -0.3826834323650895
0.7329629131445342 0.5624222244434798 -0.3826834323650895 0.7329629131445342 0.5624222244434798 -0.3826834323650895
0.6946094098570537 0.609156103417925 -0.3826834323650895 0.6946094098570537 0.609156103417925 -0.3826834323650895
0.6532814824381884 0.6532814824381883 -0.3826834323650895 0.6532814824381884 0.6532814824381883 -0.3826834323650895
0.609156103417925 0.6946094098570536 -0.3826834323650895 0.609156103417925 0.6946094098570536 -0.3826834323650895
0.5624222244434798 0.7329629131445342 -0.3826834323650895 0.5624222244434798 0.7329629131445342 -0.3826834323650895
0.513279967159337 0.7681777567114163 -0.3826834323650895 0.513279967159337 0.7681777567114163 -0.3826834323650895
0.46193976625564354 0.8001031451912656 -0.3826834323650895 0.46193976625564354 0.8001031451912656 -0.3826834323650895
0.40862146835456026 0.8286023691693364 -0.3826834323650895 0.40862146835456026 0.8286023691693364 -0.3826834323650895
0.35355339059327384 0.8535533905932738 -0.3826834323650895 0.35355339059327384 0.8535533905932738 -0.3826834323650895
0.296971342934963 0.8748493653587904 -0.3826834323650895 0.296971342934963 0.8748493653587904 -0.3826834323650895
0.2391176183943345 0.8923991008325229 -0.3826834323650895 0.2391176183943345 0.8923991008325229 -0.3826834323650895
0.18023995550173705 0.9061274463528879 -0.3826834323650895 0.18023995550173705 0.9061274463528879 -0.3826834323650895
0.12059047744873974 0.9159756150367535 -0.3826834323650895 0.12059047744873974 0.9159756150367535 -0.3826834323650895
0.060424612457920045 0.921901435513897 -0.3826834323650895 0.060424612457920045 0.921901435513897 -0.3826834323650895
5.657130561438503e-17 0.9238795325112868 -0.3826834323650895 5.657130561438503e-17 0.9238795325112868 -0.3826834323650895
-0.06042461245791993 0.921901435513897 -0.3826834323650895 -0.06042461245791993 0.921901435513897 -0.3826834323650895
-0.12059047744873964 0.9159756150367535 -0.3826834323650895 -0.12059047744873964 0.9159756150367535 -0.3826834323650895
-0.18023995550173694 0.9061274463528879 -0.3826834323650895 -0.18023995550173694 0.9061274463528879 -0.3826834323650895
-0.23911761839433443 0.8923991008325229 -0.3826834323650895 -0.23911761839433443 0.8923991008325229 -0.3826834323650895
-0.2969713429349629 0.8748493653587905 -0.3826834323650895 -0.2969713429349629 0.8748493653587905 -0.3826834323650895
-0.35355339059327356 0.853553390593274 -0.3826834323650895 -0.35355339059327356 0.853553390593274 -0.3826834323650895
-0.40862146835456015 0.8286023691693364 -0.3826834323650895 -0.40862146835456015 0.8286023691693364 -0.3826834323650895
-0.46193976625564326 0.8001031451912657 -0.3826834323650895 -0.46193976625564326 0.8001031451912657 -0.3826834323650895
-0.513279967159337 0.7681777567114163 -0.3826834323650895 -0.513279967159337 0.7681777567114163 -0.3826834323650895
-0.5624222244434798 0.7329629131445342 -0.3826834323650895 -0.5624222244434798 0.7329629131445342 -0.3826834323650895
-0.609156103417925 0.6946094098570536 -0.3826834323650895 -0.609156103417925 0.6946094098570536 -0.3826834323650895
-0.6532814824381883 0.6532814824381884 -0.3826834323650895 -0.6532814824381883 0.6532814824381884 -0.3826834323650895
-0.6946094098570534 0.609156103417925 -0.3826834323650895 -0.6946094098570534 0.609156103417925 -0.3826834323650895
-0.7329629131445341 0.56242222444348 -0.3826834323650895 -0.7329629131445341 0.56242222444348 -0.3826834323650895
-0.7681777567114162 0.5132799671593371 -0.3826834323650895 -0.7681777567114162 0.5132799671593371 -0.3826834323650895
-0.8001031451912657 0.46193976625564337 -0.3826834323650895 -0.8001031451912657 0.46193976625564337 -0.3826834323650895
-0.8286023691693362 0.40862146835456065 -0.3826834323650895 -0.8286023691693362 0.40862146835456065 -0.3826834323650895
-0.8535533905932738 0.3535533905932739 -0.3826834323650895 -0.8535533905932738 0.3535533905932739 -0.3826834323650895
-0.8748493653587904 0.2969713429349631 -0.3826834323650895 -0.8748493653587904 0.2969713429349631 -0.3826834323650895
-0.8923991008325228 0.2391176183943348 -0.3826834323650895 -0.8923991008325228 0.2391176183943348 -0.3826834323650895
-0.9061274463528879 0.1802399555017369 -0.3826834323650895 -0.9061274463528879 0.1802399555017369 -0.3826834323650895
-0.9159756150367535 0.12059047744874 -0.3826834323650895 -0.9159756150367535 0.12059047744874 -0.3826834323650895
-0.921901435513897 0.060424612457919906 -0.3826834323650895 -0.921901435513897 0.060424612457919906 -0.3826834323650895
-0.9238795325112868 1.1314261122877005e-16 -0.3826834323650895 -0.9238795325112868 1.1314261122877005e-16 -0.3826834323650895
-0.921901435513897 -0.06042461245791967 -0.3826834323650895 -0.921901435513897 -0.06042461245791967 -0.3826834323650895
-0.9159756150367535 -0.1205904774487398 -0.3826834323650895 -0.9159756150367535 -0.1205904774487398 -0.3826834323650895
-0.906127446352888 -0.18023995550173666 -0.3826834323650895 -0.906127446352888 -0.18023995550173666 -0.3826834323650895
-0.8923991008325229 -0.23911761839433457 -0.3826834323650895 -0.8923991008325229 -0.23911761839433457 -0.3826834323650895
-0.8748493653587905 -0.2969713429349629 -0.3826834323650895 -0.8748493653587905 -0.2969713429349629 -0.3826834323650895
-0.853553390593274 -0.35355339059327373 -0.3826834323650895 -0.853553390593274 -0.35355339059327373 -0.3826834323650895
-0.8286023691693362 -0.4086214683545604 -0.3826834323650895 -0.8286023691693362 -0.4086214683545604 -0.3826834323650895
-0.8001031451912658 -0.4619397662556432 -0.3826834323650895 -0.8001031451912658 -0.4619397662556432 -0.3826834323650895
-0.7681777567114166 -0.5132799671593365 -0.3826834323650895 -0.7681777567114166 -0.5132799671593365 -0.3826834323650895
-0.7329629131445342 -0.5624222244434798 -0.3826834323650895 -0.7329629131445342 -0.5624222244434798 -0.3826834323650895
-0.6946094098570537 -0.609156103417925 -0.3826834323650895 -0.6946094098570537 -0.609156103417925 -0.3826834323650895
-0.6532814824381887 -0.653281482438188 -0.3826834323650895 -0.6532814824381887 -0.653281482438188 -0.3826834323650895
-0.6091561034179251 -0.6946094098570534 -0.3826834323650895 -0.6091561034179251 -0.6946094098570534 -0.3826834323650895
-0.56242222444348 -0.732962913144534 -0.3826834323650895 -0.56242222444348 -0.732962913144534 -0.3826834323650895
-0.5132799671593368 -0.7681777567114164 -0.3826834323650895 -0.5132799671593368 -0.7681777567114164 -0.3826834323650895
-0.4619397662556438 -0.8001031451912654 -0.3826834323650895 -0.4619397662556438 -0.8001031451912654 -0.3826834323650895
-0.40862146835456037 -0.8286023691693363 -0.3826834323650895 -0.40862146835456037 -0.8286023691693363 -0.3826834323650895
-0.35355339059327356 -0.853553390593274 -0.3826834323650895 -0.35355339059327356 -0.853553390593274 -0.3826834323650895
-0.29697134293496313 -0.8748493653587904 -0.3826834323650895 -0.29697134293496313 -0.8748493653587904 -0.3826834323650895
-0.23911761839433443 -0.8923991008325229 -0.3826834323650895 -0.23911761839433443 -0.8923991008325229 -0.3826834323650895
-0.18023995550173735 -0.9061274463528878 -0.3826834323650895 -0.18023995550173735 -0.9061274463528878 -0.3826834323650895
-0.12059047744873967 -0.9159756150367535 -0.3826834323650895 -0.12059047744873967 -0.9159756150367535 -0.3826834323650895
-0.060424612457919545 -0.921901435513897 -0.3826834323650895 -0.060424612457919545 -0.921901435513897 -0.3826834323650895
-1.6971391684315505e-16 -0.9238795325112868 -0.3826834323650895 -1.6971391684315505e-16 -0.9238795325112868 -0.3826834323650895
0.06042461245791921 -0.9219014355138971 -0.3826834323650895 0.06042461245791921 -0.9219014355138971 -0.3826834323650895
0.12059047744873934 -0.9159756150367536 -0.3826834323650895 0.12059047744873934 -0.9159756150367536 -0.3826834323650895
0.18023995550173702 -0.9061274463528879 -0.3826834323650895 0.18023995550173702 -0.9061274463528879 -0.3826834323650895
0.23911761839433412 -0.892399100832523 -0.3826834323650895 0.23911761839433412 -0.892399100832523 -0.3826834323650895
0.29697134293496286 -0.8748493653587905 -0.3826834323650895 0.29697134293496286 -0.8748493653587905 -0.3826834323650895
0.35355339059327323 -0.8535533905932741 -0.3826834323650895 0.35355339059327323 -0.8535533905932741 -0.3826834323650895
0.40862146835456004 -0.8286023691693364 -0.3826834323650895 0.40862146835456004 -0.8286023691693364 -0.3826834323650895
0.46193976625564354 -0.8001031451912656 -0.3826834323650895 0.46193976625564354 -0.8001031451912656 -0.3826834323650895
0.5132799671593364 -0.7681777567114166 -0.3826834323650895 0.5132799671593364 -0.7681777567114166 -0.3826834323650895
0.5624222244434791 -0.7329629131445348 -0.3826834323650895 0.5624222244434791 -0.7329629131445348 -0.3826834323650895
0.6091561034179251 -0.6946094098570533 -0.3826834323650895 0.6091561034179251 -0.6946094098570533 -0.3826834323650895
0.6532814824381882 -0.6532814824381885 -0.3826834323650895 0.6532814824381882 -0.6532814824381885 -0.3826834323650895
0.6946094098570537 -0.6091561034179249 -0.3826834323650895 0.6946094098570537 -0.6091561034179249 -0.3826834323650895
0.732962913144534 -0.56242222444348 -0.3826834323650895 0.732962913144534 -0.56242222444348 -0.3826834323650895
0.768177756711416 -0.5132799671593374 -0.3826834323650895 0.768177756711416 -0.5132799671593374 -0.3826834323650895
0.8001031451912654 -0.4619397662556438 -0.3826834323650895 0.8001031451912654 -0.4619397662556438 -0.3826834323650895
0.8286023691693363 -0.40862146835456037 -0.3826834323650895 0.8286023691693363 -0.40862146835456037 -0.3826834323650895
0.853553390593274 -0.3535533905932736 -0.3826834323650895 0.853553390593274 -0.3535533905932736 -0.3826834323650895
0.8748493653587904 -0.2969713429349632 -0.3826834323650895 0.8748493653587904 -0.2969713429349632 -0.3826834323650895
0.8923991008325227 -0.2391176183943353 -0.3826834323650895 0.8923991008325227 -0.2391176183943353 -0.3826834323650895
0.9061274463528878 -0.1802399555017374 -0.3826834323650895 0.9061274463528878 -0.1802399555017374 -0.3826834323650895
0.9159756150367535 -0.12059047744873971 -0.3826834323650895 0.9159756150367535 -0.12059047744873971 -0.3826834323650895
0.921901435513897 -0.06042461245791961 -0.3826834323650895 0.921901435513897 -0.06042461245791961 -0.3826834323650895
0.8968727415326884 0.0 -0.44228869021900113 0.8968727415326884 0.0 -0.44228869021900113
0.8949524681478628 0.058658283817455116 -0.44228869021900113 0.8949524681478628 0.058658283817455116 -0.44228869021900113
0.8891998708988255 0.11706538385822031 -0.44228869021900113 0.8891998708988255 0.11706538385822031 -0.44228869021900113
0.8796395832901518 0.17497119195309993 -0.44228869021900113 0.8796395832901518 0.17497119195309993 -0.44228869021900113
0.866312543941104 0.2321277465419703 -0.44228869021900113 0.866312543941104 0.2321277465419703 -0.44228869021900113
0.8492758212801791 0.288290294483248 -0.44228869021900113 0.8492758212801791 0.288290294483248 -0.44228869021900113
0.8286023691693363 0.3432183391244172 -0.44228869021900113 0.8286023691693363 0.3432183391244172 -0.44228869021900113
0.8043807145043604 0.3966766701456176 -0.44228869021900113 0.8043807145043604 0.3966766701456176 -0.44228869021900113
0.7767145781291029 0.44843637076634413 -0.44228869021900113 0.7767145781291029 0.44843637076634413 -0.44228869021900113
0.7457224306869052 0.4982757980022451 -0.44228869021900113 0.7457224306869052 0.4982757980022451 -0.44228869021900113
0.7115369853111159 0.5459815317744083 -0.44228869021900113 0.7115369853111159 0.5459815317744083 -0.44228869021900113
0.6743046293270791 0.5913492888069037 -0.44228869021900113 0.6743046293270791 0.5913492888069037 -0.44228869021900113
0.6341847973991337 0.6341847973991336 -0.44228869021900113 0.6341847973991337 0.6341847973991336 -0.44228869021900113
0.5913492888069037 0.674304629327079 -0.44228869021900113 0.5913492888069037 0.674304629327079 -0.44228869021900113
0.5459815317744083 0.7115369853111159 -0.44228869021900113 0.5459815317744083 0.7115369853111159 -0.44228869021900113
0.4982757980022453 0.7457224306869051 -0.44228869021900113 0.4982757980022453 0.7457224306869051 -0.44228869021900113
0.4484363707663443 0.7767145781291028 -0.44228869021900113 0.4484363707663443 0.7767145781291028 -0.44228869021900113
0.3966766701456176 0.8043807145043604 -0.44228869021900113 0.3966766701456176 0.8043807145043604 -0.44228869021900113
0.34321833912441724 0.8286023691693363 -0.44228869021900113 0.34321833912441724 0.8286023691693363 -0.44228869021900113
0.2882902944832481 0.849275821280179 -0.44228869021900113 0.2882902944832481 0.849275821280179 -0.44228869021900113
0.2321277465419703 0.866312543941104 -0.44228869021900113 0.2321277465419703 0.866312543941104 -0.44228869021900113
0.1749711919531 0.8796395832901518 -0.44228869021900113 0.1749711919531 0.8796395832901518 -0.44228869021900113
0.11706538385822043 0.8891998708988255 -0.44228869021900113 0.11706538385822043 0.8891998708988255 -0.44228869021900113
0.0586582838174553 0.8949524681478628 -0.44228869021900113 0.0586582838174553 0.8949524681478628 -0.44228869021900113
5.491761660802591e-17 0.8968727415326884 -0.44228869021900113 5.491761660802591e-17 0.8968727415326884 -0.44228869021900113
-0.058658283817455185 0.8949524681478628 -0.44228869021900113 -0.058658283817455185 0.8949524681478628 -0.44228869021900113
-0.11706538385822034 0.8891998708988255 -0.44228869021900113 -0.11706538385822034 0.8891998708988255 -0.44228869021900113
-0.17497119195309987 0.8796395832901518 -0.44228869021900113 -0.17497119195309987 0.8796395832901518 -0.44228869021900113
-0.2321277465419702 0.866312543941104 -0.44228869021900113 -0.2321277465419702 0.866312543941104 -0.44228869021900113
-0.288290294483248 0.8492758212801791 -0.44228869021900113 -0.288290294483248 0.8492758212801791 -0.44228869021900113
-0.34321833912441696 0.8286023691693364 -0.44228869021900113 -0.34321833912441696 0.8286023691693364 -0.44228869021900113
-0.39667667014561747 0.8043807145043604 -0.44228869021900113 -0.39667667014561747 0.8043807145043604 -0.44228869021900113
-0.448436370766344 0.7767145781291029 -0.44228869021900113 -0.448436370766344 0.7767145781291029 -0.44228869021900113
-0.4982757980022453 0.7457224306869051 -0.44228869021900113 -0.4982757980022453 0.7457224306869051 -0.44228869021900113
-0.5459815317744083 0.7115369853111159 -0.44228869021900113 -0.5459815317744083 0.7115369853111159 -0.44228869021900113
-0.5913492888069037 0.674304629327079 -0.44228869021900113 -0.5913492888069037 0.674304629327079 -0.44228869021900113
-0.6341847973991336 0.6341847973991337 -0.44228869021900113 -0.6341847973991336 0.6341847973991337 -0.44228869021900113
-0.674304629327079 0.5913492888069039 -0.44228869021900113 -0.674304629327079 0.5913492888069039 -0.44228869021900113
-0.7115369853111159 0.5459815317744086 -0.44228869021900113 -0.7115369853111159 0.5459815317744086 -0.44228869021900113
-0.745722430686905 0.4982757980022454 -0.44228869021900113 -0.745722430686905 0.4982757980022454 -0.44228869021900113
-0.7767145781291029 0.44843637076634413 -0.44228869021900113 -0.7767145781291029 0.44843637076634413 -0.44228869021900113
-0.8043807145043602 0.39667667014561797 -0.44228869021900113 -0.8043807145043602 0.39667667014561797 -0.44228869021900113
-0.8286023691693363 0.3432183391244173 -0.44228869021900113 -0.8286023691693363 0.3432183391244173 -0.44228869021900113
-0.849275821280179 0.28829029448324817 -0.44228869021900113 -0.849275821280179 0.28829029448324817 -0.44228869021900113
-0.8663125439411039 0.23212774654197055 -0.44228869021900113 -0.8663125439411039 0.23212774654197055 -0.44228869021900113
-0.8796395832901518 0.17497119195309985 -0.44228869021900113 -0.8796395832901518 0.17497119195309985 -0.44228869021900113
-0.8891998708988255 0.11706538385822068 -0.44228869021900113 -0.8891998708988255 0.11706538385822068 -0.44228869021900113
-0.8949524681478628 0.058658283817455165 -0.44228869021900113 -0.8949524681478628 0.058658283817455165 -0.44228869021900113
-0.8968727415326884 1.0983523321605183e-16 -0.44228869021900113 -0.8968727415326884 1.0983523321605183e-16 -0.44228869021900113
-0.8949524681478628 -0.05865828381745494 -0.44228869021900113 -0.8949524681478628 -0.05865828381745494 -0.44228869021900113
-0.8891998708988255 -0.11706538385822049 -0.44228869021900113 -0.8891998708988255 -0.11706538385822049 -0.44228869021900113
-0.8796395832901519 -0.17497119195309963 -0.44228869021900113 -0.8796395832901519 -0.17497119195309963 -0.44228869021900113
-0.866312543941104 -0.23212774654197035 -0.44228869021900113 -0.866312543941104 -0.23212774654197035 -0.44228869021900113
-0.8492758212801791 -0.28829029448324794 -0.44228869021900113 -0.8492758212801791 -0.28829029448324794 -0.44228869021900113
-0.8286023691693364 -0.34321833912441707 -0.44228869021900113 -0.8286023691693364 -0.34321833912441707 -0.44228869021900113
-0.8043807145043602 -0.3966766701456178 -0.44228869021900113 -0.8043807145043602 -0.3966766701456178 -0.44228869021900113
-0.776714578129103 -0.44843637076634396 -0.44228869021900113 -0.776714578129103 -0.44843637076634396 -0.44228869021900113
-0.7457224306869055 -0.4982757980022449 -0.44228869021900113 -0.7457224306869055 -0.4982757980022449 -0.44228869021900113
-0.7115369853111159 -0.5459815317744083 -0.44228869021900113 -0.7115369853111159 -0.5459815317744083 -0.44228869021900113
-0.6743046293270791 -0.5913492888069037 -0.44228869021900113 -0.6743046293270791 -0.5913492888069037 -0.44228869021900113
-0.634184797399134 -0.6341847973991334 -0.44228869021900113 -0.634184797399134 -0.6341847973991334 -0.44228869021900113
-0.591349288806904 -0.674304629327079 -0.44228869021900113 -0.591349288806904 -0.674304629327079 -0.44228869021900113
-0.5459815317744086 -0.7115369853111158 -0.44228869021900113 -0.5459815317744086 -0.7115369853111158 -0.44228869021900113
-0.4982757980022451 -0.7457224306869052 -0.44228869021900113 -0.4982757980022451 -0.7457224306869052 -0.44228869021900113
-0.44843637076634457 -0.7767145781291027 -0.44228869021900113 -0.44843637076634457 -0.7767145781291027 -0.44228869021900113
-0.3966766701456177 -0.8043807145043603 -0.44228869021900113 -0.3966766701456177 -0.8043807145043603 -0.44228869021900113
-0.34321833912441696 -0.8286023691693364 -0.44228869021900113 -0.34321833912441696 -0.8286023691693364 -0.44228869021900113
-0.28829029448324817 -0.849275821280179 -0.44228869021900113 -0.28829029448324817 -0.849275821280179 -0.44228869021900113
-0.2321277465419702 -0.866312543941104 -0.44228869021900113 -0.2321277465419702 -0.866312543941104 -0.44228869021900113
-0.17497119195310032 -0.8796395832901517 -0.44228869021900113 -0.17497119195310032 -0.8796395832901517 -0.44228869021900113
-0.11706538385822036 -0.8891998708988255 -0.44228869021900113 -0.11706538385822036 -0.8891998708988255 -0.44228869021900113
-0.05865828381745482 -0.8949524681478628 -0.44228869021900113 -0.05865828381745482 -0.8949524681478628 -0.44228869021900113
-1.6475284982407773e-16 -0.8968727415326884 -0.44228869021900113 -1.6475284982407773e-16 -0.8968727415326884 -0.44228869021900113
0.05865828381745449 -0.8949524681478629 -0.44228869021900113 0.05865828381745449 -0.8949524681478629 -0.44228869021900113
0.11706538385822005 -0.8891998708988256 -0.44228869021900113 0.11706538385822005 -0.8891998708988256 -0.44228869021900113
0.17497119195309999 -0.8796395832901518 -0.44228869021900113 0.17497119195309999 -0.8796395832901518 -0.44228869021900113
0.2321277465419699 -0.8663125439411041 -0.44228869021900113 0.2321277465419699 -0.8663125439411041 -0.44228869021900113
0.2882902944832479 -0.8492758212801791 -0.44228869021900113 0.2882902944832479 -0.8492758212801791 -0.44228869021900113
0.3432183391244166 -0.8286023691693364 -0.44228869021900113 0.3432183391244166 -0.8286023691693364 -0.44228869021900113
0.39667667014561736 -0.8043807145043605 -0.44228869021900113 0.39667667014561736 -0.8043807145043605 -0.44228869021900113
0.4484363707663443 -0.7767145781291028 -0.44228869021900113 0.4484363707663443 -0.7767145781291028 -0.44228869021900113
0.4982757980022448 -0.7457224306869055 -0.44228869021900113 0.4982757980022448 -0.7457224306869055 -0.44228869021900113
0.5459815317744077 -0.7115369853111164 -0.44228869021900113 0.5459815317744077 -0.7115369853111164 -0.44228869021900113
0.591349288806904 -0.6743046293270789 -0.44228869021900113 0.591349288806904 -0.6743046293270789 -0.44228869021900113
0.6341847973991335 -0.6341847973991338 -0.44228869021900113 0.6341847973991335 -0.6341847973991338 -0.44228869021900113
0.6743046293270791 -0.5913492888069036 -0.44228869021900113 0.6743046293270791 -0.5913492888069036 -0.44228869021900113
0.7115369853111158 -0.5459815317744086 -0.44228869021900113 0.7115369853111158 -0.5459815317744086 -0.44228869021900113
0.7457224306869049 -0.4982757980022458 -0.44228869021900113 0.7457224306869049 -0.4982757980022458 -0.44228869021900113
0.7767145781291027 -0.44843637076634457 -0.44228869021900113 0.7767145781291027 -0.44843637076634457 -0.44228869021900113
0.8043807145043603 -0.39667667014561775 -0.44228869021900113 0.8043807145043603 -0.39667667014561775 -0.44228869021900113
0.8286023691693364 -0.343218339124417 -0.44228869021900113 0.8286023691693364 -0.343218339124417 -0.44228869021900113
0.849275821280179 -0.2882902944832482 -0.44228869021900113 0.849275821280179 -0.2882902944832482 -0.44228869021900113
0.8663125439411038 -0.23212774654197105 -0.44228869021900113 0.8663125439411038 -0.23212774654197105 -0.44228869021900113
0.8796395832901517 -0.17497119195310035 -0.44228869021900113 0.8796395832901517 -0.17497119195310035 -0.44228869021900113
0.8891998708988255 -0.11706538385822042 -0.44228869021900113 0.8891998708988255 -0.11706538385822042 -0.44228869021900113
0.8949524681478628 -0.05865828381745488 -0.44228869021900113 0.8949524681478628 -0.05865828381745488 -0.44228869021900113
0.8660254037844387 0.0 -0.49999999999999983 0.8660254037844387 0.0 -0.49999999999999983
0.8641711769176168 0.05664077140030047 -0.49999999999999983 0.8641711769176168 0.05664077140030047 -0.49999999999999983
0.858616436401261 0.11303899832181542 -0.49999999999999983 0.858616436401261 0.11303899832181542 -0.49999999999999983
0.8493849684870416 0.16895317489845363 -0.49999999999999983 0.8493849684870416 0.16895317489845363 -0.49999999999999983
0.8365163037378079 0.2241438680420134 -0.49999999999999983 0.8365163037378079 0.2241438680420134 -0.49999999999999983
0.8200655477516497 0.2783747427314246 -0.49999999999999983 0.8200655477516497 0.2783747427314246 -0.49999999999999983
0.8001031451912656 0.3314135740355918 -0.49999999999999983 0.8001031451912656 0.3314135740355918 -0.49999999999999983
0.7767145781291029 0.3830332415362011 -0.49999999999999983 0.7767145781291029 0.3830332415362011 -0.49999999999999983
0.7500000000000001 0.4330127018922193 -0.49999999999999983 0.7500000000000001 0.4330127018922193 -0.49999999999999983
0.7200738067288024 0.4811379353814157 -0.49999999999999983 0.7200738067288024 0.4811379353814157 -0.49999999999999983
0.6870641468694502 0.5272028623656693 -0.49999999999999983 0.6870641468694502 0.5272028623656693 -0.49999999999999983
0.6511123728531961 0.571010225755617 -0.49999999999999983 0.6511123728531961 0.571010225755617 -0.49999999999999983
0.6123724356957946 0.6123724356957945 -0.49999999999999983 0.6123724356957946 0.6123724356957945 -0.49999999999999983
0.571010225755617 0.651112372853196 -0.49999999999999983 0.571010225755617 0.651112372853196 -0.49999999999999983
0.5272028623656693 0.6870641468694502 -0.49999999999999983 0.5272028623656693 0.6870641468694502 -0.49999999999999983
0.48113793538141586 0.7200738067288024 -0.49999999999999983 0.48113793538141586 0.7200738067288024 -0.49999999999999983
0.43301270189221946 0.75 -0.49999999999999983 0.43301270189221946 0.75 -0.49999999999999983
0.3830332415362011 0.7767145781291029 -0.49999999999999983 0.3830332415362011 0.7767145781291029 -0.49999999999999983
0.33141357403559185 0.8001031451912656 -0.49999999999999983 0.33141357403559185 0.8001031451912656 -0.49999999999999983
0.2783747427314247 0.8200655477516496 -0.49999999999999983 0.2783747427314247 0.8200655477516496 -0.49999999999999983
0.2241438680420134 0.8365163037378079 -0.49999999999999983 0.2241438680420134 0.8365163037378079 -0.49999999999999983
0.1689531748984537 0.8493849684870416 -0.49999999999999983 0.1689531748984537 0.8493849684870416 -0.49999999999999983
0.11303899832181555 0.858616436401261 -0.49999999999999983 0.11303899832181555 0.858616436401261 -0.49999999999999983
0.05664077140030065 0.8641711769176168 -0.49999999999999983 0.05664077140030065 0.8641711769176168 -0.49999999999999983
5.3028761936245346e-17 0.8660254037844387 -0.49999999999999983 5.3028761936245346e-17 0.8660254037844387 -0.49999999999999983
-0.05664077140030054 0.8641711769176168 -0.49999999999999983 -0.05664077140030054 0.8641711769176168 -0.49999999999999983
-0.11303899832181545 0.858616436401261 -0.49999999999999983 -0.11303899832181545 0.858616436401261 -0.49999999999999983
-0.1689531748984536 0.8493849684870416 -0.49999999999999983 -0.1689531748984536 0.8493849684870416 -0.49999999999999983
-0.22414386804201328 0.8365163037378079 -0.49999999999999983 -0.22414386804201328 0.8365163037378079 -0.49999999999999983
-0.2783747427314246 0.8200655477516497 -0.49999999999999983 -0.2783747427314246 0.8200655477516497 -0.49999999999999983
-0.3314135740355916 0.8001031451912657 -0.49999999999999983 -0.3314135740355916 0.8001031451912657 -0.49999999999999983
-0.383033241536201 0.7767145781291029 -0.49999999999999983 -0.383033241536201 0.7767145781291029 -0.49999999999999983
-0.4330127018922192 0.7500000000000001 -0.49999999999999983 -0.4330127018922192 0.7500000000000001 -0.49999999999999983
-0.48113793538141586 0.7200738067288024 -0.49999999999999983 -0.48113793538141586 0.7200738067288024 -0.49999999999999983
-0.5272028623656693 0.6870641468694502 -0.49999999999999983 -0.5272028623656693 0.6870641468694502 -0.49999999999999983
-0.571010225755617 0.651112372853196 -0.49999999999999983 -0.571010225755617 0.651112372853196 -0.49999999999999983
-0.6123724356957945 0.6123724356957946 -0.49999999999999983 -0.6123724356957945 0.6123724356957946 -0.49999999999999983
-0.651112372853196 0.5710102257556171 -0.49999999999999983 -0.651112372853196 0.5710102257556171 -0.49999999999999983
-0.68706414686945 0.5272028623656694 -0.49999999999999983 -0.68706414686945 0.5272028623656694 -0.49999999999999983
-0.7200738067288023 0.48113793538141597 -0.49999999999999983 -0.7200738067288023 0.48113793538141597 -0.49999999999999983
-0.7500000000000001 0.4330127018922193 -0.49999999999999983 -0.7500000000000001 0.4330127018922193 -0.49999999999999983
-0.7767145781291028 0.38303324153620144 -0.49999999999999983 -0.7767145781291028 0.38303324153620144 -0.49999999999999983
-0.8001031451912656 0.3314135740355919 -0.49999999999999983 -0.8001031451912656 0.3314135740355919 -0.49999999999999983
-0.8200655477516496 0.2783747427314247 -0.49999999999999983 -0.8200655477516496 0.2783747427314247 -0.49999999999999983
-0.8365163037378079 0.2241438680420136 -0.49999999999999983 -0.8365163037378079 0.2241438680420136 -0.49999999999999983
-0.8493849684870416 0.16895317489845357 -0.49999999999999983 -0.8493849684870416 0.16895317489845357 -0.49999999999999983
-0.858616436401261 0.11303899832181578 -0.49999999999999983 -0.858616436401261 0.11303899832181578 -0.49999999999999983
-0.8641711769176168 0.05664077140030052 -0.49999999999999983 -0.8641711769176168 0.05664077140030052 -0.49999999999999983
-0.8660254037844387 1.0605752387249069e-16 -0.49999999999999983 -0.8660254037844387 1.0605752387249069e-16 -0.49999999999999983
-0.8641711769176168 -0.0566407714003003 -0.49999999999999983 -0.8641711769176168 -0.0566407714003003 -0.49999999999999983
-0.858616436401261 -0.11303899832181559 -0.49999999999999983 -0.858616436401261 -0.11303899832181559 -0.49999999999999983
-0.8493849684870417 -0.16895317489845335 -0.49999999999999983 -0.8493849684870417 -0.16895317489845335 -0.49999999999999983
-0.8365163037378079 -0.22414386804201342 -0.49999999999999983 -0.8365163037378079 -0.22414386804201342 -0.49999999999999983
-0.8200655477516497 -0.27837474273142454 -0.49999999999999983 -0.8200655477516497 -0.27837474273142454 -0.49999999999999983
-0.8001031451912657 -0.33141357403559174 -0.49999999999999983 -0.8001031451912657 -0.33141357403559174 -0.49999999999999983
-0.7767145781291028 -0.3830332415362013 -0.49999999999999983 -0.7767145781291028 -0.3830332415362013 -0.49999999999999983
-0.7500000000000002 -0.4330127018922192 -0.49999999999999983 -0.7500000000000002 -0.4330127018922192 -0.49999999999999983
-0.7200738067288026 -0.48113793538141547 -0.49999999999999983 -0.7200738067288026 -0.48113793538141547 -0.49999999999999983
-0.6870641468694502 -0.5272028623656693 -0.49999999999999983 -0.6870641468694502 -0.5272028623656693 -0.49999999999999983
-0.6511123728531961 -0.571010225755617 -0.49999999999999983 -0.6511123728531961 -0.571010225755617 -0.49999999999999983
-0.6123724356957949 -0.6123724356957942 -0.49999999999999983 -0.6123724356957949 -0.6123724356957942 -0.49999999999999983
-0.5710102257556172 -0.651112372853196 -0.49999999999999983 -0.5710102257556172 -0.651112372853196 -0.49999999999999983
-0.5272028623656694 -0.6870641468694499 -0.49999999999999983 -0.5272028623656694 -0.6870641468694499 -0.49999999999999983
-0.4811379353814157 -0.7200738067288024 -0.49999999999999983 -0.4811379353814157 -0.7200738067288024 -0.49999999999999983
-0.43301270189221974 -0.7499999999999998 -0.49999999999999983 -0.43301270189221974 -0.7499999999999998 -0.49999999999999983
-0.38303324153620116 -0.7767145781291028 -0.49999999999999983 -0.38303324153620116 -0.7767145781291028 -0.49999999999999983
-0.3314135740355916 -0.8001031451912657 -0.49999999999999983 -0.3314135740355916 -0.8001031451912657 -0.49999999999999983
-0.27837474273142476 -0.8200655477516496 -0.49999999999999983 -0.27837474273142476 -0.8200655477516496 -0.49999999999999983
-0.22414386804201328 -0.8365163037378079 -0.49999999999999983 -0.22414386804201328 -0.8365163037378079 -0.49999999999999983
-0.168953174898454 -0.8493849684870415 -0.49999999999999983 -0.168953174898454 -0.8493849684870415 -0.49999999999999983
-0.11303899832181548 -0.858616436401261 -0.49999999999999983 -0.11303899832181548 -0.858616436401261 -0.49999999999999983
-0.05664077140030018 -0.8641711769176168 -0.49999999999999983 -0.05664077140030018 -0.8641711769176168 -0.49999999999999983
-1.5908628580873602e-16 -0.8660254037844387 -0.49999999999999983 -1.5908628580873602e-16 -0.8660254037844387 -0.49999999999999983
0.05664077140029987 -0.8641711769176169 -0.49999999999999983 0.05664077140029987 -0.8641711769176169 -0.49999999999999983
0.11303899832181516 -0.8586164364012611 -0.49999999999999983 0.11303899832181516 -0.8586164364012611 -0.49999999999999983
0.16895317489845368 -0.8493849684870416 -0.49999999999999983 0.16895317489845368 -0.8493849684870416 -0.49999999999999983
0.224143868042013 -0.836516303737808 -0.49999999999999983 0.224143868042013 -0.836516303737808 -0.49999999999999983
0.2783747427314245 -0.8200655477516497 -0.49999999999999983 0.2783747427314245 -0.8200655477516497 -0.49999999999999983
0.3314135740355913 -0.8001031451912658 -0.49999999999999983 0.3314135740355913 -0.8001031451912658 -0.49999999999999983
0.3830332415362009 -0.776714578129103 -0.49999999999999983 0.3830332415362009 -0.776714578129103 -0.49999999999999983
0.43301270189221946 -0.75 -0.49999999999999983 0.43301270189221946 -0.75 -0.49999999999999983
0.4811379353814154 -0.7200738067288026 -0.49999999999999983 0.4811379353814154 -0.7200738067288026 -0.49999999999999983
0.5272028623656686 -0.6870641468694506 -0.49999999999999983 0.5272028623656686 -0.6870641468694506 -0.49999999999999983
0.5710102257556172 -0.6511123728531959 -0.49999999999999983 0.5710102257556172 -0.6511123728531959 -0.49999999999999983
0.6123724356957945 -0.6123724356957947 -0.49999999999999983 0.6123724356957945 -0.6123724356957947 -0.49999999999999983
0.6511123728531961 -0.5710102257556169 -0.49999999999999983 0.6511123728531961 -0.5710102257556169 -0.49999999999999983
0.6870641468694499 -0.5272028623656694 -0.49999999999999983 0.6870641468694499 -0.5272028623656694 -0.49999999999999983
0.7200738067288021 -0.48113793538141636 -0.49999999999999983 0.7200738067288021 -0.48113793538141636 -0.49999999999999983
0.7499999999999998 -0.43301270189221974 -0.49999999999999983 0.7499999999999998 -0.43301270189221974 -0.49999999999999983
0.7767145781291028 -0.3830332415362012 -0.49999999999999983 0.7767145781291028 -0.3830332415362012 -0.49999999999999983
0.8001031451912657 -0.33141357403559163 -0.49999999999999983 0.8001031451912657 -0.33141357403559163 -0.49999999999999983
0.8200655477516496 -0.2783747427314248 -0.49999999999999983 0.8200655477516496 -0.2783747427314248 -0.49999999999999983
0.8365163037378078 -0.2241438680420141 -0.49999999999999983 0.8365163037378078 -0.2241438680420141 -0.49999999999999983
0.8493849684870415 -0.16895317489845404 -0.49999999999999983 0.8493849684870415 -0.16895317489845404 -0.49999999999999983
0.858616436401261 -0.11303899832181552 -0.49999999999999983 0.858616436401261 -0.11303899832181552 -0.49999999999999983
0.8641711769176168 -0.056640771400300244 -0.49999999999999983 0.8641711769176168 -0.056640771400300244 -0.49999999999999983
0.8314696123025451 0.0 -0.5555702330196024 0.8314696123025451 0.0 -0.5555702330196024
0.8296893720378368 0.05438071450436031 -0.5555702330196024 0.8296893720378368 0.05438071450436031 -0.5555702330196024
0.8243562745058327 0.10852856244053376 -0.5555702330196024 0.8243562745058327 0.10852856244053376 -0.5555702330196024
0.815493156848917 0.16221167441072884 -0.5555702330196024 0.815493156848917 0.16221167441072884 -0.5555702330196024
0.8031379722975872 0.21520017108790787 -0.5555702330196024 0.8031379722975872 0.21520017108790787 -0.5555702330196024
0.7873436276488944 0.26726714759435716 -0.5555702330196024 0.7873436276488944 0.26726714759435716 -0.5555702330196024
0.7681777567114162 0.31818964514320847 -0.5555702330196024 0.7681777567114162 0.31818964514320847 -0.5555702330196024
0.7457224306869051 0.36774960578219346 -0.5555702330196024 0.7457224306869051 0.36774960578219346 -0.5555702330196024
0.7200738067288024 0.4157348061512725 -0.5555702330196024 0.7200738067288024 0.4157348061512725 -0.5555702330196024
0.6913417161825448 0.46193976625564326 -0.5555702330196024 0.6913417161825448 0.46193976625564326 -0.5555702330196024
0.6596491942708824 0.5061666293626244 -0.5555702330196024 0.6596491942708824 0.5061666293626244 -0.5555702330196024
0.6251319532381656 0.5482260092545599 -0.5555702330196024 0.6251319532381656 0.5482260092545599 -0.5555702330196024
0.5879378012096793 0.5879378012096792 -0.5555702330196024 0.5879378012096793 0.5879378012096792 -0.5555702330196024
0.5482260092545599 0.6251319532381655 -0.5555702330196024 0.5482260092545599 0.6251319532381655 -0.5555702330196024
0.5061666293626244 0.6596491942708824 -0.5555702330196024 0.5061666293626244 0.6596491942708824 -0.5555702330196024
0.4619397662556435 0.6913417161825447 -0.5555702330196024 0.4619397662556435 0.6913417161825447 -0.5555702330196024
0.4157348061512727 0.7200738067288023 -0.5555702330196024 0.4157348061512727 0.7200738067288023 -0.5555702330196024
0.36774960578219346 0.7457224306869051 -0.5555702330196024 0.36774960578219346 0.7457224306869051 -0.5555702330196024
0.3181896451432085 0.7681777567114162 -0.5555702330196024 0.3181896451432085 0.7681777567114162 -0.5555702330196024
0.26726714759435727 0.7873436276488943 -0.5555702330196024 0.26726714759435727 0.7873436276488943 -0.5555702330196024
0.21520017108790787 0.8031379722975872 -0.5555702330196024 0.21520017108790787 0.8031379722975872 -0.5555702330196024
0.1622116744107289 0.815493156848917 -0.5555702330196024 0.1622116744107289 0.815493156848917 -0.5555702330196024
0.10852856244053388 0.8243562745058327 -0.5555702330196024 0.10852856244053388 0.8243562745058327 -0.5555702330196024
0.05438071450436048 0.8296893720378368 -0.5555702330196024 0.05438071450436048 0.8296893720378368 -0.5555702330196024
5.0912829964730134e-17 0.8314696123025451 -0.5555702330196024 5.0912829964730134e-17 0.8314696123025451 -0.5555702330196024
-0.054380714504360377 0.8296893720378368 -0.5555702330196024 -0.054380714504360377 0.8296893720378368 -0.5555702330196024
-0.10852856244053379 0.8243562745058327 -0.5555702330196024 -0.10852856244053379 0.8243562745058327 -0.5555702330196024
-0.16221167441072878 0.815493156848917 -0.5555702330196024 -0.16221167441072878 0.815493156848917 -0.5555702330196024
-0.21520017108790776 0.8031379722975872 -0.5555702330196024 -0.21520017108790776 0.8031379722975872 -0.5555702330196024
-0.26726714759435716 0.7873436276488944 -0.5555702330196024 -0.26726714759435716 0.7873436276488944 -0.5555702330196024
-0.31818964514320824 0.7681777567114163 -0.5555702330196024 -0.31818964514320824 0.7681777567114163 -0.5555702330196024
-0.36774960578219335 0.7457224306869051 -0.5555702330196024 -0.36774960578219335 0.7457224306869051 -0.5555702330196024
-0.41573480615127245 0.7200738067288024 -0.5555702330196024 -0.41573480615127245 0.7200738067288024 -0.5555702330196024
-0.4619397662556435 0.6913417161825447 -0.5555702330196024 -0.4619397662556435 0.6913417161825447 -0.5555702330196024
-0.5061666293626244 0.6596491942708824 -0.5555702330196024 -0.5061666293626244 0.6596491942708824 -0.5555702330196024
-0.5482260092545599 0.6251319532381655 -0.5555702330196024 -0.5482260092545599 0.6251319532381655 -0.5555702330196024
-0.5879378012096792 0.5879378012096793 -0.5555702330196024 -0.5879378012096792 0.5879378012096793 -0.5555702330196024
-0.6251319532381654 0.5482260092545599 -0.5555702330196024 -0.6251319532381654 0.5482260092545599 -0.5555702330196024
-0.6596491942708823 0.5061666293626245 -0.5555702330196024 -0.6596491942708823 0.5061666293626245 -0.5555702330196024
-0.6913417161825446 0.46193976625564354 -0.5555702330196024 -0.6913417161825446 0.46193976625564354 -0.5555702330196024
-0.7200738067288024 0.4157348061512725 -0.5555702330196024 -0.7200738067288024 0.4157348061512725 -0.5555702330196024
-0.745722430686905 0.36774960578219384 -0.5555702330196024 -0.745722430686905 0.36774960578219384 -0.5555702330196024
-0.7681777567114162 0.3181896451432085 -0.5555702330196024 -0.7681777567114162 0.3181896451432085 -0.5555702330196024
-0.7873436276488943 0.2672671475943573 -0.5555702330196024 -0.7873436276488943 0.2672671475943573 -0.5555702330196024
-0.8031379722975871 0.2152001710879081 -0.5555702330196024 -0.8031379722975871 0.2152001710879081 -0.5555702330196024
-0.815493156848917 0.16221167441072876 -0.5555702330196024 -0.815493156848917 0.16221167441072876 -0.5555702330196024
-0.8243562745058327 0.1085285624405341 -0.5555702330196024 -0.8243562745058327 0.1085285624405341 -0.5555702330196024
-0.8296893720378368 0.054380714504360356 -0.5555702330196024 -0.8296893720378368 0.054380714504360356 -0.5555702330196024
-0.8314696123025451 1.0182565992946027e-16 -0.5555702330196024 -0.8314696123025451 1.0182565992946027e-16 -0.5555702330196024
-0.8296893720378368 -0.05438071450436015 -0.5555702330196024 -0.8296893720378368 -0.05438071450436015 -0.5555702330196024
-0.8243562745058327 -0.10852856244053392 -0.5555702330196024 -0.8243562745058327 -0.10852856244053392 -0.5555702330196024
-0.8154931568489171 -0.16221167441072856 -0.5555702330196024 -0.8154931568489171 -0.16221167441072856 -0.5555702330196024
-0.8031379722975872 -0.2152001710879079 -0.5555702330196024 -0.8031379722975872 -0.2152001710879079 -0.5555702330196024
-0.7873436276488944 -0.2672671475943571 -0.5555702330196024 -0.7873436276488944 -0.2672671475943571 -0.5555702330196024
-0.7681777567114163 -0.31818964514320836 -0.5555702330196024 -0.7681777567114163 -0.31818964514320836 -0.5555702330196024
-0.745722430686905 -0.3677496057821936 -0.5555702330196024 -0.745722430686905 -0.3677496057821936 -0.5555702330196024
-0.7200738067288024 -0.4157348061512724 -0.5555702330196024 -0.7200738067288024 -0.4157348061512724 -0.5555702330196024
-0.691341716182545 -0.4619397662556431 -0.5555702330196024 -0.691341716182545 -0.4619397662556431 -0.5555702330196024
-0.6596491942708824 -0.5061666293626244 -0.5555702330196024 -0.6596491942708824 -0.5061666293626244 -0.5555702330196024
-0.6251319532381656 -0.5482260092545599 -0.5555702330196024 -0.6251319532381656 -0.5482260092545599 -0.5555702330196024
-0.5879378012096796 -0.587937801209679 -0.5555702330196024 -0.5879378012096796 -0.587937801209679 -0.5555702330196024
-0.54822600925456 -0.6251319532381654 -0.5555702330196024 -0.54822600925456 -0.6251319532381654 -0.5555702330196024
-0.5061666293626245 -0.6596491942708823 -0.5555702330196024 -0.5061666293626245 -0.6596491942708823 -0.5555702330196024
-0.46193976625564326 -0.6913417161825448 -0.5555702330196024 -0.46193976625564326 -0.6913417161825448 -0.5555702330196024
-0.41573480615127295 -0.7200738067288021 -0.5555702330196024 -0.41573480615127295 -0.7200738067288021 -0.5555702330196024
-0.36774960578219357 -0.745722430686905 -0.5555702330196024 -0.36774960578219357 -0.745722430686905 -0.5555702330196024
-0.31818964514320824 -0.7681777567114163 -0.5555702330196024 -0.31818964514320824 -0.7681777567114163 -0.5555702330196024
-0.2672671475943574 -0.7873436276488943 -0.5555702330196024 -0.2672671475943574 -0.7873436276488943 -0.5555702330196024
-0.21520017108790776 -0.8031379722975872 -0.5555702330196024 -0.21520017108790776 -0.8031379722975872 -0.5555702330196024
-0.16221167441072917 -0.8154931568489169 -0.5555702330196024 -0.16221167441072917 -0.8154931568489169 -0.5555702330196024
-0.10852856244053381 -0.8243562745058327 -0.5555702330196024 -0.10852856244053381 -0.8243562745058327 -0.5555702330196024
-0.05438071450436003 -0.8296893720378368 -0.5555702330196024 -0.05438071450436003 -0.8296893720378368 -0.5555702330196024
-1.5273848989419038e-16 -0.8314696123025451 -0.5555702330196024 -1.5273848989419038e-16 -0.8314696123025451 -0.5555702330196024
0.05438071450435973 -0.8296893720378369 -0.5555702330196024 0.05438071450435973 -0.8296893720378369 -0.5555702330196024
0.10852856244053351 -0.8243562745058328 -0.5555702330196024 0.10852856244053351 -0.8243562745058328 -0.5555702330196024
0.1622116744107289 -0.815493156848917 -0.5555702330196024 0.1622116744107289 -0.815493156848917 -0.5555702330196024
0.21520017108790748 -0.8031379722975873 -0.5555702330196024 0.21520017108790748 -0.8031379722975873 -0.5555702330196024
0.2672671475943571 -0.7873436276488944 -0.5555702330196024 0.2672671475943571 -0.7873436276488944 -0.5555702330196024
0.31818964514320797 -0.7681777567114164 -0.5555702330196024 0.31818964514320797 -0.7681777567114164 -0.5555702330196024
0.3677496057821933 -0.7457224306869052 -0.5555702330196024 0.3677496057821933 -0.7457224306869052 -0.5555702330196024
0.4157348061512727 -0.7200738067288023 -0.5555702330196024 0.4157348061512727 -0.7200738067288023 -0.5555702330196024
0.461939766255643 -0.691341716182545 -0.5555702330196024 0.461939766255643 -0.691341716182545 -0.5555702330196024
0.5061666293626237 -0.6596491942708829 -0.5555702330196024 0.5061666293626237 -0.6596491942708829 -0.5555702330196024
0.54822600925456 -0.6251319532381653 -0.5555702330196024 0.54822600925456 -0.6251319532381653 -0.5555702330196024
0.5879378012096791 -0.5879378012096794 -0.5555702330196024 0.5879378012096791 -0.5879378012096794 -0.5555702330196024
0.6251319532381656 -0.5482260092545598 -0.5555702330196024 0.6251319532381656 -0.5482260092545598 -0.5555702330196024
0.6596491942708823 -0.5061666293626245 -0.5555702330196024 0.6596491942708823 -0.5061666293626245 -0.5555702330196024
0.6913417161825445 -0.4619397662556439 -0.5555702330196024 0.6913417161825445 -0.4619397662556439 -0.5555702330196024
0.7200738067288021 -0.41573480615127295 -0.5555702330196024 0.7200738067288021 -0.41573480615127295 -0.5555702330196024
0.745722430686905 -0.36774960578219357 -0.5555702330196024 0.745722430686905 -0.36774960578219357 -0.5555702330196024
0.7681777567114163 -0.31818964514320824 -0.5555702330196024 0.7681777567114163 -0.31818964514320824 -0.5555702330196024
0.7873436276488943 -0.2672671475943574 -0.5555702330196024 0.7873436276488943 -0.2672671475943574 -0.5555702330196024
0.803137972297587 -0.21520017108790856 -0.5555702330196024 0.803137972297587 -0.21520017108790856 -0.5555702330196024
0.8154931568489169 -0.16221167441072923 -0.5555702330196024 0.8154931568489169 -0.16221167441072923 -0.5555702330196024
0.8243562745058327 -0.10852856244053385 -0.5555702330196024 0.8243562745058327 -0.10852856244053385 -0.5555702330196024
0.8296893720378368 -0.05438071450436009 -0.5555702330196024 0.8296893720378368 -0.05438071450436009 -0.5555702330196024
0.7933533402912352 0.0 -0.6087614290087207 0.7933533402912352 0.0 -0.6087614290087207
0.7916547098907613 0.05188779104023332 -0.6087614290087207 0.7916547098907613 0.05188779104023332 -0.6087614290087207
0.786566092485493 0.10355339059327374 -0.6087614290087207 0.786566092485493 0.10355339059327374 -0.6087614290087207
0.7781092783163785 0.15477555862998804 -0.6087614290087207 0.7781092783163785 0.15477555862998804 -0.6087614290087207
0.7663204807600037 0.2053349539630727 -0.6087614290087207 0.7663204807600037 0.2053349539630727 -0.6087614290087207
0.751250181257354 0.2550150734996918 -0.6087614290087207 0.751250181257354 0.2550150734996918 -0.6087614290087207
0.7329629131445341 0.30360317934095893 -0.6087614290087207 0.7329629131445341 0.30360317934095893 -0.6087614290087207
0.7115369853111159 0.35089120975828 -0.6087614290087207 0.7115369853111159 0.35089120975828 -0.6087614290087207
0.6870641468694502 0.3966766701456175 -0.6087614290087207 0.6870641468694502 0.3966766701456175 -0.6087614290087207
0.6596491942708825 0.4407635001324813 -0.6087614290087207 0.6596491942708825 0.4407635001324813 -0.6087614290087207
0.6294095225512604 0.48296291314453416 -0.6087614290087207 0.6294095225512604 0.48296291314453416 -0.6087614290087207
0.596474622627366 0.5230942048166868 -0.6087614290087207 0.596474622627366 0.5230942048166868 -0.6087614290087207
0.560985526796931 0.5609855267969309 -0.6087614290087207 0.560985526796931 0.5609855267969309 -0.6087614290087207
0.5230942048166868 0.5964746226273658 -0.6087614290087207 0.5230942048166868 0.5964746226273658 -0.6087614290087207
0.48296291314453416 0.6294095225512604 -0.6087614290087207 0.48296291314453416 0.6294095225512604 -0.6087614290087207
0.44076350013248144 0.6596491942708824 -0.6087614290087207 0.44076350013248144 0.6596491942708824 -0.6087614290087207
0.3966766701456177 0.68706414686945 -0.6087614290087207 0.3966766701456177 0.68706414686945 -0.6087614290087207
0.35089120975828 0.7115369853111159 -0.6087614290087207 0.35089120975828 0.7115369853111159 -0.6087614290087207
0.303603179340959 0.7329629131445341 -0.6087614290087207 0.303603179340959 0.7329629131445341 -0.6087614290087207
0.25501507349969194 0.7512501812573539 -0.6087614290087207 0.25501507349969194 0.7512501812573539 -0.6087614290087207
0.2053349539630727 0.7663204807600037 -0.6087614290087207 0.2053349539630727 0.7663204807600037 -0.6087614290087207
0.1547755586299881 0.7781092783163785 -0.6087614290087207 0.1547755586299881 0.7781092783163785 -0.6087614290087207
0.10355339059327386 0.786566092485493 -0.6087614290087207 0.10355339059327386 0.786566092485493 -0.6087614290087207
0.051887791040233486 0.7916547098907613 -0.6087614290087207 0.051887791040233486 0.7916547098907613 -0.6087614290087207
4.85788814390261e-17 0.7933533402912352 -0.6087614290087207 4.85788814390261e-17 0.7933533402912352 -0.6087614290087207
-0.05188779104023338 0.7916547098907613 -0.6087614290087207 -0.05188779104023338 0.7916547098907613 -0.6087614290087207
-0.10355339059327377 0.786566092485493 -0.6087614290087207 -0.10355339059327377 0.786566092485493 -0.6087614290087207
-0.15477555862998799 0.7781092783163785 -0.6087614290087207 -0.15477555862998799 0.7781092783163785 -0.6087614290087207
-0.20533495396307258 0.7663204807600037 -0.6087614290087207 -0.20533495396307258 0.7663204807600037 -0.6087614290087207
-0.2550150734996918 0.751250181257354 -0.6087614290087207 -0.2550150734996918 0.751250181257354 -0.6087614290087207
-0.3036031793409587 0.7329629131445342 -0.6087614290087207 -0.3036031793409587 0.7329629131445342 -0.6087614290087207
-0.3508912097582799 0.7115369853111159 -0.6087614290087207 -0.3508912097582799 0.7115369853111159 -0.6087614290087207
-0.39667667014561747 0.6870641468694502 -0.6087614290087207 -0.39667667014561747 0.6870641468694502 -0.6087614290087207
-0.44076350013248144 0.6596491942708824 -0.6087614290087207 -0.44076350013248144 0.6596491942708824 -0.6087614290087207
-0.48296291314453416 0.6294095225512604 -0.6087614290087207 -0.48296291314453416 0.6294095225512604 -0.6087614290087207
-0.5230942048166868 0.5964746226273658 -0.6087614290087207 -0.5230942048166868 0.5964746226273658 -0.6087614290087207
-0.5609855267969309 0.560985526796931 -0.6087614290087207 -0.5609855267969309 0.560985526796931 -0.6087614290087207
-0.5964746226273658 0.5230942048166868 -0.6087614290087207 -0.5964746226273658 0.5230942048166868 -0.6087614290087207
-0.6294095225512603 0.4829629131445343 -0.6087614290087207 -0.6294095225512603 0.4829629131445343 -0.6087614290087207
-0.6596491942708824 0.4407635001324815 -0.6087614290087207 -0.6596491942708824 0.4407635001324815 -0.6087614290087207
-0.6870641468694502 0.3966766701456175 -0.6087614290087207 -0.6870641468694502 0.3966766701456175 -0.6087614290087207
-0.7115369853111158 0.35089120975828036 -0.6087614290087207 -0.7115369853111158 0.35089120975828036 -0.6087614290087207
-0.7329629131445341 0.30360317934095904 -0.6087614290087207 -0.7329629131445341 0.30360317934095904 -0.6087614290087207
-0.7512501812573539 0.255015073499692 -0.6087614290087207 -0.7512501812573539 0.255015073499692 -0.6087614290087207
-0.7663204807600036 0.20533495396307289 -0.6087614290087207 -0.7663204807600036 0.20533495396307289 -0.6087614290087207
-0.7781092783163785 0.15477555862998799 -0.6087614290087207 -0.7781092783163785 0.15477555862998799 -0.6087614290087207
-0.786566092485493 0.10355339059327408 -0.6087614290087207 -0.786566092485493 0.10355339059327408 -0.6087614290087207
-0.7916547098907613 0.05188779104023336 -0.6087614290087207 -0.7916547098907613 0.05188779104023336 -0.6087614290087207
-0.7933533402912352 9.71577628780522e-17 -0.6087614290087207 -0.7933533402912352 9.71577628780522e-17 -0.6087614290087207
-0.7916547098907613 -0.05188779104023317 -0.6087614290087207 -0.7916547098907613 -0.05188779104023317 -0.6087614290087207
-0.786566092485493 -0.1035533905932739 -0.6087614290087207 -0.786566092485493 -0.1035533905932739 -0.6087614290087207
-0.7781092783163787 -0.15477555862998776 -0.6087614290087207 -0.7781092783163787 -0.15477555862998776 -0.6087614290087207
-0.7663204807600037 -0.20533495396307272 -0.6087614290087207 -0.7663204807600037 -0.20533495396307272 -0.6087614290087207
-0.751250181257354 -0.25501507349969177 -0.6087614290087207 -0.751250181257354 -0.25501507349969177 -0.6087614290087207
-0.7329629131445342 -0.3036031793409589 -0.6087614290087207 -0.7329629131445342 -0.3036031793409589 -0.6087614290087207
-0.7115369853111158 -0.35089120975828014 -0.6087614290087207 -0.7115369853111158 -0.35089120975828014 -0.6087614290087207
-0.6870641468694503 -0.3966766701456174 -0.6087614290087207 -0.6870641468694503 -0.3966766701456174 -0.6087614290087207
-0.6596491942708828 -0.4407635001324811 -0.6087614290087207 -0.6596491942708828 -0.4407635001324811 -0.6087614290087207
-0.6294095225512604 -0.48296291314453416 -0.6087614290087207 -0.6294095225512604 -0.48296291314453416 -0.6087614290087207
-0.596474622627366 -0.5230942048166868 -0.6087614290087207 -0.596474622627366 -0.5230942048166868 -0.6087614290087207
-0.5609855267969313 -0.5609855267969307 -0.6087614290087207 -0.5609855267969313 -0.5609855267969307 -0.6087614290087207
-0.5230942048166869 -0.5964746226273658 -0.6087614290087207 -0.5230942048166869 -0.5964746226273658 -0.6087614290087207
-0.4829629131445343 -0.6294095225512603 -0.6087614290087207 -0.4829629131445343 -0.6294095225512603 -0.6087614290087207
-0.4407635001324813 -0.6596491942708825 -0.6087614290087207 -0.4407635001324813 -0.6596491942708825 -0.6087614290087207
-0.3966766701456179 -0.6870641468694498 -0.6087614290087207 -0.3966766701456179 -0.6870641468694498 -0.6087614290087207
-0.3508912097582801 -0.7115369853111159 -0.6087614290087207 -0.3508912097582801 -0.7115369853111159 -0.6087614290087207
-0.3036031793409587 -0.7329629131445342 -0.6087614290087207 -0.3036031793409587 -0.7329629131445342 -0.6087614290087207
-0.255015073499692 -0.7512501812573539 -0.6087614290087207 -0.255015073499692 -0.7512501812573539 -0.6087614290087207
-0.20533495396307258 -0.7663204807600037 -0.6087614290087207 -0.20533495396307258 -0.7663204807600037 -0.6087614290087207
-0.15477555862998837 -0.7781092783163784 -0.6087614290087207 -0.15477555862998837 -0.7781092783163784 -0.6087614290087207
-0.10355339059327379 -0.786566092485493 -0.6087614290087207 -0.10355339059327379 -0.786566092485493 -0.6087614290087207
-0.051887791040233056 -0.7916547098907613 -0.6087614290087207 -0.051887791040233056 -0.7916547098907613 -0.6087614290087207
-1.457366443170783e-16 -0.7933533402912352 -0.6087614290087207 -1.457366443170783e-16 -0.7933533402912352 -0.6087614290087207
0.051887791040232764 -0.7916547098907614 -0.6087614290087207 0.051887791040232764 -0.7916547098907614 -0.6087614290087207
0.10355339059327351 -0.7865660924854931 -0.6087614290087207 0.10355339059327351 -0.7865660924854931 -0.6087614290087207
0.1547755586299881 -0.7781092783163785 -0.6087614290087207 0.1547755586299881 -0.7781092783163785 -0.6087614290087207
0.20533495396307233 -0.7663204807600038 -0.6087614290087207 0.20533495396307233 -0.7663204807600038 -0.6087614290087207
0.25501507349969177 -0.751250181257354 -0.6087614290087207 0.25501507349969177 -0.751250181257354 -0.6087614290087207
0.3036031793409585 -0.7329629131445343 -0.6087614290087207 0.3036031793409585 -0.7329629131445343 -0.6087614290087207
0.3508912097582798 -0.711536985311116 -0.6087614290087207 0.3508912097582798 -0.711536985311116 -0.6087614290087207
0.3966766701456177 -0.68706414686945 -0.6087614290087207 0.3966766701456177 -0.68706414686945 -0.6087614290087207
0.440763500132481 -0.6596491942708828 -0.6087614290087207 0.440763500132481 -0.6596491942708828 -0.6087614290087207
0.48296291314453355 -0.6294095225512608 -0.6087614290087207 0.48296291314453355 -0.6294095225512608 -0.6087614290087207
0.5230942048166869 -0.5964746226273657 -0.6087614290087207 0.5230942048166869 -0.5964746226273657 -0.6087614290087207
0.5609855267969308 -0.5609855267969311 -0.6087614290087207 0.5609855267969308 -0.5609855267969311 -0.6087614290087207
0.596474622627366 -0.5230942048166867 -0.6087614290087207 0.596474622627366 -0.5230942048166867 -0.6087614290087207
0.6294095225512603 -0.4829629131445343 -0.6087614290087207 0.6294095225512603 -0.4829629131445343 -0.6087614290087207
0.6596491942708822 -0.4407635001324819 -0.6087614290087207 0.6596491942708822 -0.4407635001324819 -0.6087614290087207
0.6870641468694498 -0.3966766701456179 -0.6087614290087207 0.6870641468694498 -0.3966766701456179 -0.6087614290087207
0.7115369853111159 -0.35089120975828014 -0.6087614290087207 0.7115369853111159 -0.35089120975828014 -0.6087614290087207
0.7329629131445342 -0.30360317934095876 -0.6087614290087207 0.7329629131445342 -0.30360317934095876 -0.6087614290087207
0.7512501812573539 -0.25501507349969205 -0.6087614290087207 0.7512501812573539 -0.25501507349969205 -0.6087614290087207
0.7663204807600036 -0.20533495396307333 -0.6087614290087207 0.7663204807600036 -0.20533495396307333 -0.6087614290087207
0.7781092783163784 -0.1547755586299884 -0.6087614290087207 0.7781092783163784 -0.1547755586299884 -0.6087614290087207
0.786566092485493 -0.10355339059327384 -0.6087614290087207 0.786566092485493 -0.10355339059327384 -0.6087614290087207
0.7916547098907613 -0.05188779104023311 -0.6087614290087207 0.7916547098907613 -0.05188779104023311 -0.6087614290087207
0.7518398074789774 0.0 -0.6593458151000688 0.7518398074789774 0.0 -0.6593458151000688
0.7502300607388913 0.04917267608891344 -0.6593458151000688 0.7502300607388913 0.04917267608891344 -0.6593458151000688
0.745407713701307 0.09813478722968758 -0.6593458151000688 0.745407713701307 0.09813478722968758 -0.6593458151000688
0.7373934163965796 0.14667667014561755 -0.6593458151000688 0.7373934163965796 0.14667667014561755 -0.6593458151000688
0.7262214872761452 0.19459046104177197 -0.6593458151000688 0.7262214872761452 0.19459046104177197 -0.6593458151000688
0.7119397662556434 0.24167098570967444 -0.6593458151000688 0.7119397662556434 0.24167098570967444 -0.6593458151000688
0.6946094098570534 0.2877166381147634 -0.6593458151000688 0.6946094098570534 0.2877166381147634 -0.6593458151000688
0.674304629327079 0.33253024370438294 -0.6593458151000688 0.674304629327079 0.33253024370438294 -0.6593458151000688
0.651112372853196 0.37591990373948864 -0.6593458151000688 0.651112372853196 0.37591990373948864 -0.6593458151000688
0.6251319532381656 0.4176998170345083 -0.6593458151000688 0.6251319532381656 0.4176998170345083 -0.6593458151000688
0.5964746226273658 0.4576910755865437 -0.6593458151000688 0.5964746226273658 0.4576910755865437 -0.6593458151000688
0.5652630961100259 0.4957224306869052 -0.6593458151000688 0.5652630961100259 0.4957224306869052 -0.6593458151000688
0.5316310262343733 0.5316310262343732 -0.6593458151000688 0.5316310262343733 0.5316310262343732 -0.6593458151000688
0.4957224306869052 0.5652630961100258 -0.6593458151000688 0.4957224306869052 0.5652630961100258 -0.6593458151000688
0.4576910755865437 0.5964746226273658 -0.6593458151000688 0.4576910755865437 0.5964746226273658 -0.6593458151000688
0.4176998170345085 0.6251319532381655 -0.6593458151000688 0.4176998170345085 0.6251319532381655 -0.6593458151000688
0.3759199037394888 0.651112372853196 -0.6593458151000688 0.3759199037394888 0.651112372853196 -0.6593458151000688
0.33253024370438294 0.674304629327079 -0.6593458151000688 0.33253024370438294 0.674304629327079 -0.6593458151000688
0.2877166381147634 0.6946094098570534 -0.6593458151000688 0.2877166381147634 0.6946094098570534 -0.6593458151000688
0.24167098570967452 0.7119397662556433 -0.6593458151000688 0.24167098570967452 0.7119397662556433 -0.6593458151000688
0.19459046104177197 0.7262214872761452 -0.6593458151000688 0.19459046104177197 0.7262214872761452 -0.6593458151000688
0.14667667014561764 0.7373934163965796 -0.6593458151000688 0.14667667014561764 0.7373934163965796 -0.6593458151000688
0.09813478722968767 0.745407713701307 -0.6593458151000688 0.09813478722968767 0.745407713701307 -0.6593458151000688
0.0491726760889136 0.7502300607388913 -0.6593458151000688 0.0491726760889136 0.7502300607388913 -0.6593458151000688
4.6036910685034595e-17 0.7518398074789774 -0.6593458151000688 4.6036910685034595e-17 0.7518398074789774 -0.6593458151000688
-0.0491726760889135 0.7502300607388913 -0.6593458151000688 -0.0491726760889135 0.7502300607388913 -0.6593458151000688
-0.09813478722968759 0.745407713701307 -0.6593458151000688 -0.09813478722968759 0.745407713701307 -0.6593458151000688
-0.14667667014561753 0.7373934163965796 -0.6593458151000688 -0.14667667014561753 0.7373934163965796 -0.6593458151000688
-0.19459046104177188 0.7262214872761452 -0.6593458151000688 -0.19459046104177188 0.7262214872761452 -0.6593458151000688
-0.24167098570967444 0.7119397662556434 -0.6593458151000688 -0.24167098570967444 0.7119397662556434 -0.6593458151000688
-0.28771663811476317 0.6946094098570536 -0.6593458151000688 -0.28771663811476317 0.6946094098570536 -0.6593458151000688
-0.3325302437043829 0.674304629327079 -0.6593458151000688 -0.3325302437043829 0.674304629327079 -0.6593458151000688
-0.3759199037394886 0.651112372853196 -0.6593458151000688 -0.3759199037394886 0.651112372853196 -0.6593458151000688
-0.4176998170345085 0.6251319532381655 -0.6593458151000688 -0.4176998170345085 0.6251319532381655 -0.6593458151000688
-0.4576910755865437 0.5964746226273658 -0.6593458151000688 -0.4576910755865437 0.5964746226273658 -0.6593458151000688
-0.4957224306869052 0.5652630961100258 -0.6593458151000688 -0.4957224306869052 0.5652630961100258 -0.6593458151000688
-0.5316310262343732 0.5316310262343733 -0.6593458151000688 -0.5316310262343732 0.5316310262343733 -0.6593458151000688
-0.5652630961100257 0.49572243068690525 -0.6593458151000688 -0.5652630961100257 0.49572243068690525 -0.6593458151000688
-0.5964746226273658 0.45769107558654387 -0.6593458151000688 -0.5964746226273658 0.45769107558654387 -0.6593458151000688
-0.6251319532381654 0.41769981703450854 -0.6593458151000688 -0.6251319532381654 0.41769981703450854 -0.6593458151000688
-0.651112372853196 0.37591990373948864 -0.6593458151000688 -0.651112372853196 0.37591990373948864 -0.6593458151000688
-0.6743046293270789 0.3325302437043833 -0.6593458151000688 -0.6743046293270789 0.3325302437043833 -0.6593458151000688
-0.6946094098570534 0.28771663811476345 -0.6593458151000688 -0.6946094098570534 0.28771663811476345 -0.6593458151000688
-0.7119397662556433 0.24167098570967457 -0.6593458151000688 -0.7119397662556433 0.24167098570967457 -0.6593458151000688
-0.7262214872761452 0.19459046104177216 -0.6593458151000688 -0.7262214872761452 0.19459046104177216 -0.6593458151000688
-0.7373934163965796 0.1466766701456175 -0.6593458151000688 -0.7373934163965796 0.1466766701456175 -0.6593458151000688
-0.745407713701307 0.09813478722968788 -0.6593458151000688 -0.745407713701307 0.09813478722968788 -0.6593458151000688
-0.7502300607388913 0.04917267608891348 -0.6593458151000688 -0.7502300607388913 0.04917267608891348 -0.6593458151000688
-0.7518398074789774 9.207382137006919e-17 -0.6593458151000688 -0.7518398074789774 9.207382137006919e-17 -0.6593458151000688
-0.7502300607388913 -0.04917267608891329 -0.6593458151000688 -0.7502300607388913 -0.04917267608891329 -0.6593458151000688
-0.745407713701307 -0.09813478722968771 -0.6593458151000688 -0.745407713701307 -0.09813478722968771 -0.6593458151000688
-0.7373934163965797 -0.1466766701456173 -0.6593458151000688 -0.7373934163965797 -0.1466766701456173 -0.6593458151000688
-0.7262214872761452 -0.194590461041772 -0.6593458151000688 -0.7262214872761452 -0.194590461041772 -0.6593458151000688
-0.7119397662556434 -0.2416709857096744 -0.6593458151000688 -0.7119397662556434 -0.2416709857096744 -0.6593458151000688
-0.6946094098570536 -0.2877166381147633 -0.6593458151000688 -0.6946094098570536 -0.2877166381147633 -0.6593458151000688
-0.6743046293270789 -0.3325302437043831 -0.6593458151000688 -0.6743046293270789 -0.3325302437043831 -0.6593458151000688
-0.6511123728531961 -0.3759199037394885 -0.6593458151000688 -0.6511123728531961 -0.3759199037394885 -0.6593458151000688
-0.6251319532381657 -0.41769981703450815 -0.6593458151000688 -0.6251319532381657 -0.41769981703450815 -0.6593458151000688
-0.5964746226273658 -0.4576910755865437 -0.6593458151000688 -0.5964746226273658 -0.4576910755865437 -0.6593458151000688
-0.5652630961100259 -0.4957224306869052 -0.6593458151000688 -0.5652630961100259 -0.4957224306869052 -0.6593458151000688
-0.5316310262343735 -0.531631026234373 -0.6593458151000688 -0.5316310262343735 -0.531631026234373 -0.6593458151000688
-0.49572243068690536 -0.5652630961100257 -0.6593458151000688 -0.49572243068690536 -0.5652630961100257 -0.6593458151000688
-0.45769107558654387 -0.5964746226273657 -0.6593458151000688 -0.45769107558654387 -0.5964746226273657 -0.6593458151000688
-0.4176998170345083 -0.6251319532381656 -0.6593458151000688 -0.4176998170345083 -0.6251319532381656 -0.6593458151000688
-0.375919903739489 -0.6511123728531958 -0.6593458151000688 -0.375919903739489 -0.6511123728531958 -0.6593458151000688
-0.33253024370438306 -0.674304629327079 -0.6593458151000688 -0.33253024370438306 -0.674304629327079 -0.6593458151000688
-0.28771663811476317 -0.6946094098570536 -0.6593458151000688 -0.28771663811476317 -0.6946094098570536 -0.6593458151000688
-0.2416709857096746 -0.7119397662556433 -0.6593458151000688 -0.2416709857096746 -0.7119397662556433 -0.6593458151000688
-0.19459046104177188 -0.7262214872761452 -0.6593458151000688 -0.19459046104177188 -0.7262214872761452 -0.6593458151000688
-0.1466766701456179 -0.7373934163965795 -0.6593458151000688 -0.1466766701456179 -0.7373934163965795 -0.6593458151000688
-0.09813478722968762 -0.745407713701307 -0.6593458151000688 -0.09813478722968762 -0.745407713701307 -0.6593458151000688
-0.04917267608891319 -0.7502300607388913 -0.6593458151000688 -0.04917267608891319 -0.7502300607388913 -0.6593458151000688
-1.3811073205510378e-16 -0.7518398074789774 -0.6593458151000688 -1.3811073205510378e-16 -0.7518398074789774 -0.6593458151000688
0.04917267608891292 -0.7502300607388914 -0.6593458151000688 0.04917267608891292 -0.7502300607388914 -0.6593458151000688
0.09813478722968734 -0.7454077137013071 -0.6593458151000688 0.09813478722968734 -0.7454077137013071 -0.6593458151000688
0.1466766701456176 -0.7373934163965796 -0.6593458151000688 0.1466766701456176 -0.7373934163965796 -0.6593458151000688
0.19459046104177163 -0.7262214872761453 -0.6593458151000688 0.19459046104177163 -0.7262214872761453 -0.6593458151000688
0.24167098570967435 -0.7119397662556434 -0.6593458151000688 0.24167098570967435 -0.7119397662556434 -0.6593458151000688
0.2877166381147629 -0.6946094098570537 -0.6593458151000688 0.2877166381147629 -0.6946094098570537 -0.6593458151000688
0.3325302437043828 -0.6743046293270791 -0.6593458151000688 0.3325302437043828 -0.6743046293270791 -0.6593458151000688
0.3759199037394888 -0.651112372853196 -0.6593458151000688 0.3759199037394888 -0.651112372853196 -0.6593458151000688
0.41769981703450804 -0.6251319532381657 -0.6593458151000688 0.41769981703450804 -0.6251319532381657 -0.6593458151000688
0.4576910755865431 -0.5964746226273663 -0.6593458151000688 0.4576910755865431 -0.5964746226273663 -0.6593458151000688
0.49572243068690536 -0.5652630961100256 -0.6593458151000688 0.49572243068690536 -0.5652630961100256 -0.6593458151000688
0.5316310262343732 -0.5316310262343734 -0.6593458151000688 0.5316310262343732 -0.5316310262343734 -0.6593458151000688
0.5652630961100259 -0.4957224306869051 -0.6593458151000688 0.5652630961100259 -0.4957224306869051 -0.6593458151000688
0.5964746226273657 -0.45769107558654387 -0.6593458151000688 0.5964746226273657 -0.45769107558654387 -0.6593458151000688
0.6251319532381653 -0.41769981703450887 -0.6593458151000688 0.6251319532381653 -0.41769981703450887 -0.6593458151000688
0.6511123728531958 -0.375919903739489 -0.6593458151000688 0.6511123728531958 -0.375919903739489 -0.6593458151000688
0.674304629327079 -0.3325302437043831 -0.6593458151000688 0.674304629327079 -0.3325302437043831 -0.6593458151000688
0.6946094098570536 -0.2877166381147632 -0.6593458151000688 0.6946094098570536 -0.2877166381147632 -0.6593458151000688
0.7119397662556433 -0.24167098570967466 -0.6593458151000688 0.7119397662556433 -0.24167098570967466 -0.6593458151000688
0.7262214872761451 -0.19459046104177258 -0.6593458151000688 0.7262214872761451 -0.19459046104177258 -0.6593458151000688
0.7373934163965795 -0.14667667014561792 -0.6593458151000688 0.7373934163965795 -0.14667667014561792 -0.6593458151000688
0.745407713701307 -0.09813478722968766 -0.6593458151000688 0.745407713701307 -0.09813478722968766 -0.6593458151000688
0.7502300607388913 -0.049172676088913236 -0.6593458151000688 0.7502300607388913 -0.049172676088913236 -0.6593458151000688
0.7071067811865476 0.0 -0.7071067811865475 0.7071067811865476 0.0 -0.7071067811865475
0.7055928112895231 0.04624699618945426 -0.7071067811865475 0.7055928112895231 0.04624699618945426 -0.7071067811865475
0.7010573846499779 0.09229595564125725 -0.7071067811865475 0.7010573846499779 0.09229595564125725 -0.7071067811865475
0.6935199226610738 0.1379496896414715 -0.7071067811865475 0.6935199226610738 0.1379496896414715 -0.7071067811865475
0.6830127018922194 0.18301270189221933 -0.7071067811865475 0.6830127018922194 0.18301270189221933 -0.7071067811865475
0.6695807158758449 0.22729202565684353 -0.7071067811865475 0.6695807158758449 0.22729202565684353 -0.7071067811865475
0.6532814824381883 0.2705980500730985 -0.7071067811865475 0.6532814824381883 0.2705980500730985 -0.7071067811865475
0.6341847973991337 0.31274533209597205 -0.7071067811865475 0.6341847973991337 0.31274533209597205 -0.7071067811865475
0.6123724356957946 0.35355339059327373 -0.7071067811865475 0.6123724356957946 0.35355339059327373 -0.7071067811865475
0.5879378012096794 0.39284747919355106 -0.7071067811865475 0.5879378012096794 0.39284747919355106 -0.7071067811865475
0.560985526796931 0.43045933457687946 -0.7071067811865475 0.560985526796931 0.43045933457687946 -0.7071067811865475
0.5316310262343734 0.46622789700423023 -0.7071067811865475 0.5316310262343734 0.46622789700423023 -0.7071067811865475
0.5000000000000001 0.5 -0.7071067811865475 0.5000000000000001 0.5 -0.7071067811865475
0.46622789700423023 0.5316310262343733 -0.7071067811865475 0.46622789700423023 0.5316310262343733 -0.7071067811865475
0.43045933457687946 0.560985526796931 -0.7071067811865475 0.43045933457687946 0.560985526796931 -0.7071067811865475
0.39284747919355123 0.5879378012096793 -0.7071067811865475 0.39284747919355123 0.5879378012096793 -0.7071067811865475
0.35355339059327384 0.6123724356957946 -0.7071067811865475 0.35355339059327384 0.6123724356957946 -0.7071067811865475
0.31274533209597205 0.6341847973991337 -0.7071067811865475 0.31274533209597205 0.6341847973991337 -0.7071067811865475
0.27059805007309856 0.6532814824381883 -0.7071067811865475 0.27059805007309856 0.6532814824381883 -0.7071067811865475
0.22729202565684362 0.6695807158758448 -0.7071067811865475 0.22729202565684362 0.6695807158758448 -0.7071067811865475
0.18301270189221933 0.6830127018922194 -0.7071067811865475 0.18301270189221933 0.6830127018922194 -0.7071067811865475
0.13794968964147156 0.6935199226610738 -0.7071067811865475 0.13794968964147156 0.6935199226610738 -0.7071067811865475
0.09229595564125735 0.7010573846499779 -0.7071067811865475 0.09229595564125735 0.7010573846499779 -0.7071067811865475
0.04624699618945441 0.7055928112895231 -0.7071067811865475 0.04624699618945441 0.7055928112895231 -0.7071067811865475
4.329780281177467e-17 0.7071067811865476 -0.7071067811865475 4.329780281177467e-17 0.7071067811865476 -0.7071067811865475
-0.046246996189454326 0.7055928112895231 -0.7071067811865475 -0.046246996189454326 0.7055928112895231 -0.7071067811865475
-0.09229595564125728 0.7010573846499779 -0.7071067811865475 -0.09229595564125728 0.7010573846499779 -0.7071067811865475
-0.13794968964147147 0.6935199226610738 -0.7071067811865475 -0.13794968964147147 0.6935199226610738 -0.7071067811865475
-0.18301270189221924 0.6830127018922194 -0.7071067811865475 -0.18301270189221924 0.6830127018922194 -0.7071067811865475
-0.22729202565684353 0.6695807158758449 -0.7071067811865475 -0.22729202565684353 0.6695807158758449 -0.7071067811865475
-0.27059805007309834 0.6532814824381884 -0.7071067811865475 -0.27059805007309834 0.6532814824381884 -0.7071067811865475
-0.31274533209597194 0.6341847973991337 -0.7071067811865475 -0.31274533209597194 0.6341847973991337 -0.7071067811865475
-0.3535533905932737 0.6123724356957946 -0.7071067811865475 -0.3535533905932737 0.6123724356957946 -0.7071067811865475
-0.39284747919355123 0.5879378012096793 -0.7071067811865475 -0.39284747919355123 0.5879378012096793 -0.7071067811865475
-0.43045933457687946 0.560985526796931 -0.7071067811865475 -0.43045933457687946 0.560985526796931 -0.7071067811865475
-0.46622789700423023 0.5316310262343733 -0.7071067811865475 -0.46622789700423023 0.5316310262343733 -0.7071067811865475
-0.5 0.5000000000000001 -0.7071067811865475 -0.5 0.5000000000000001 -0.7071067811865475
-0.5316310262343732 0.46622789700423034 -0.7071067811865475 -0.5316310262343732 0.46622789700423034 -0.7071067811865475
-0.5609855267969309 0.4304593345768796 -0.7071067811865475 -0.5609855267969309 0.4304593345768796 -0.7071067811865475
-0.5879378012096792 0.39284747919355134 -0.7071067811865475 -0.5879378012096792 0.39284747919355134 -0.7071067811865475
-0.6123724356957946 0.35355339059327373 -0.7071067811865475 -0.6123724356957946 0.35355339059327373 -0.7071067811865475
-0.6341847973991336 0.31274533209597233 -0.7071067811865475 -0.6341847973991336 0.31274533209597233 -0.7071067811865475
-0.6532814824381883 0.2705980500730986 -0.7071067811865475 -0.6532814824381883 0.2705980500730986 -0.7071067811865475
-0.6695807158758448 0.22729202565684364 -0.7071067811865475 -0.6695807158758448 0.22729202565684364 -0.7071067811865475
-0.6830127018922193 0.18301270189221952 -0.7071067811865475 -0.6830127018922193 0.18301270189221952 -0.7071067811865475
-0.6935199226610738 0.13794968964147145 -0.7071067811865475 -0.6935199226610738 0.13794968964147145 -0.7071067811865475
-0.7010573846499779 0.09229595564125755 -0.7071067811865475 -0.7010573846499779 0.09229595564125755 -0.7071067811865475
-0.7055928112895231 0.046246996189454305 -0.7071067811865475 -0.7055928112895231 0.046246996189454305 -0.7071067811865475
-0.7071067811865476 8.659560562354934e-17 -0.7071067811865475 -0.7071067811865476 8.659560562354934e-17 -0.7071067811865475
-0.7055928112895231 -0.046246996189454125 -0.7071067811865475 -0.7055928112895231 -0.046246996189454125 -0.7071067811865475
-0.7010573846499779 -0.0922959556412574 -0.7071067811865475 -0.7010573846499779 -0.0922959556412574 -0.7071067811865475
-0.6935199226610739 -0.13794968964147128 -0.7071067811865475 -0.6935199226610739 -0.13794968964147128 -0.7071067811865475
-0.6830127018922194 -0.18301270189221935 -0.7071067811865475 -0.6830127018922194 -0.18301270189221935 -0.7071067811865475
-0.6695807158758449 -0.2272920256568435 -0.7071067811865475 -0.6695807158758449 -0.2272920256568435 -0.7071067811865475
-0.6532814824381884 -0.27059805007309845 -0.7071067811865475 -0.6532814824381884 -0.27059805007309845 -0.7071067811865475
-0.6341847973991336 -0.3127453320959722 -0.7071067811865475 -0.6341847973991336 -0.3127453320959722 -0.7071067811865475
-0.6123724356957947 -0.3535533905932736 -0.7071067811865475 -0.6123724356957947 -0.3535533905932736 -0.7071067811865475
-0.5879378012096795 -0.39284747919355095 -0.7071067811865475 -0.5879378012096795 -0.39284747919355095 -0.7071067811865475
-0.560985526796931 -0.43045933457687946 -0.7071067811865475 -0.560985526796931 -0.43045933457687946 -0.7071067811865475
-0.5316310262343734 -0.46622789700423023 -0.7071067811865475 -0.5316310262343734 -0.46622789700423023 -0.7071067811865475
-0.5000000000000003 -0.4999999999999998 -0.7071067811865475 -0.5000000000000003 -0.4999999999999998 -0.7071067811865475
-0.4662278970042304 -0.5316310262343732 -0.7071067811865475 -0.4662278970042304 -0.5316310262343732 -0.7071067811865475
-0.4304593345768796 -0.5609855267969309 -0.7071067811865475 -0.4304593345768796 -0.5609855267969309 -0.7071067811865475
-0.39284747919355106 -0.5879378012096794 -0.7071067811865475 -0.39284747919355106 -0.5879378012096794 -0.7071067811865475
-0.3535533905932741 -0.6123724356957944 -0.7071067811865475 -0.3535533905932741 -0.6123724356957944 -0.7071067811865475
-0.3127453320959721 -0.6341847973991336 -0.7071067811865475 -0.3127453320959721 -0.6341847973991336 -0.7071067811865475
-0.27059805007309834 -0.6532814824381884 -0.7071067811865475 -0.27059805007309834 -0.6532814824381884 -0.7071067811865475
-0.2272920256568437 -0.6695807158758448 -0.7071067811865475 -0.2272920256568437 -0.6695807158758448 -0.7071067811865475
-0.18301270189221924 -0.6830127018922194 -0.7071067811865475 -0.18301270189221924 -0.6830127018922194 -0.7071067811865475
-0.1379496896414718 -0.6935199226610737 -0.7071067811865475 -0.1379496896414718 -0.6935199226610737 -0.7071067811865475
-0.0922959556412573 -0.7010573846499779 -0.7071067811865475 -0.0922959556412573 -0.7010573846499779 -0.7071067811865475
-0.04624699618945403 -0.7055928112895231 -0.7071067811865475 -0.04624699618945403 -0.7055928112895231 -0.7071067811865475
-1.29893408435324e-16 -0.7071067811865476 -0.7071067811865475 -1.29893408435324e-16 -0.7071067811865476 -0.7071067811865475
0.04624699618945377 -0.7055928112895232 -0.7071067811865475 0.04624699618945377 -0.7055928112895232 -0.7071067811865475
0.09229595564125705 -0.701057384649978 -0.7071067811865475 0.09229595564125705 -0.701057384649978 -0.7071067811865475
0.13794968964147153 -0.6935199226610738 -0.7071067811865475 0.13794968964147153 -0.6935199226610738 -0.7071067811865475
0.183012701892219 -0.6830127018922195 -0.7071067811865475 0.183012701892219 -0.6830127018922195 -0.7071067811865475
0.22729202565684345 -0.6695807158758449 -0.7071067811865475 0.22729202565684345 -0.6695807158758449 -0.7071067811865475
0.27059805007309806 -0.6532814824381884 -0.7071067811865475 0.27059805007309806 -0.6532814824381884 -0.7071067811865475
0.3127453320959719 -0.6341847973991338 -0.7071067811865475 0.3127453320959719 -0.6341847973991338 -0.7071067811865475
0.35355339059327384 -0.6123724356957946 -0.7071067811865475 0.35355339059327384 -0.6123724356957946 -0.7071067811865475
0.39284747919355084 -0.5879378012096795 -0.7071067811865475 0.39284747919355084 -0.5879378012096795 -0.7071067811865475
0.4304593345768789 -0.5609855267969315 -0.7071067811865475 0.4304593345768789 -0.5609855267969315 -0.7071067811865475
0.4662278970042304 -0.5316310262343732 -0.7071067811865475 0.4662278970042304 -0.5316310262343732 -0.7071067811865475
0.4999999999999999 -0.5000000000000001 -0.7071067811865475 0.4999999999999999 -0.5000000000000001 -0.7071067811865475
0.5316310262343734 -0.4662278970042302 -0.7071067811865475 0.5316310262343734 -0.4662278970042302 -0.7071067811865475
0.5609855267969309 -0.4304593345768796 -0.7071067811865475 0.5609855267969309 -0.4304593345768796 -0.7071067811865475
0.5879378012096791 -0.3928474791935516 -0.7071067811865475 0.5879378012096791 -0.3928474791935516 -0.7071067811865475
0.6123724356957944 -0.3535533905932741 -0.7071067811865475 0.6123724356957944 -0.3535533905932741 -0.7071067811865475
0.6341847973991336 -0.31274533209597216 -0.7071067811865475 0.6341847973991336 -0.31274533209597216 -0.7071067811865475
0.6532814824381884 -0.27059805007309834 -0.7071067811865475 0.6532814824381884 -0.27059805007309834 -0.7071067811865475
0.6695807158758448 -0.22729202565684373 -0.7071067811865475 0.6695807158758448 -0.22729202565684373 -0.7071067811865475
0.6830127018922192 -0.1830127018922199 -0.7071067811865475 0.6830127018922192 -0.1830127018922199 -0.7071067811865475
0.6935199226610737 -0.13794968964147183 -0.7071067811865475 0.6935199226610737 -0.13794968964147183 -0.7071067811865475
0.7010573846499779 -0.09229595564125734 -0.7071067811865475 0.7010573846499779 -0.09229595564125734 -0.7071067811865475
0.7055928112895231 -0.046246996189454076 -0.7071067811865475 0.7055928112895231 -0.046246996189454076 -0.7071067811865475
0.659345815100069 0.0 -0.7518398074789773 0.659345815100069 0.0 -0.7518398074789773
0.6579341050976342 0.043123279552343824 -0.7518398074789773 0.6579341050976342 0.043123279552343824 -0.7518398074789773
0.6537050202492899 0.08606189860123818 -0.7518398074789773 0.6537050202492899 0.08606189860123818 -0.7518398074789773
0.6466766701456177 0.128631987387859 -0.7518398074789773 0.6466766701456177 0.128631987387859 -0.7518398074789773
0.6368791512607733 0.17065125425654304 -0.7518398074789773 0.6368791512607733 0.17065125425654304 -0.7518398074789773
0.6243544180747643 0.2119397662556434 -0.7518398074789773 0.6243544180747643 0.2119397662556434 -0.7518398074789773
0.609156103417925 0.25232071963805225 -0.7518398074789773 0.609156103417925 0.25232071963805225 -0.7518398074789773
0.5913492888069039 0.2916211969619893 -0.7518398074789773 0.5913492888069039 0.2916211969619893 -0.7518398074789773
0.5710102257556171 0.3296729075500344 -0.7518398074789773 0.5710102257556171 0.3296729075500344 -0.7518398074789773
0.54822600925456 0.3663129081356448 -0.7518398074789773 0.54822600925456 0.3663129081356448 -0.7518398074789773
0.5230942048166868 0.4013843006112377 -0.7518398074789773 0.5230942048166868 0.4013843006112377 -0.7518398074789773
0.49572243068690536 0.43473690388997427 -0.7518398074789773 0.49572243068690536 0.43473690388997427 -0.7518398074789773
0.46622789700423034 0.46622789700423023 -0.7518398074789773 0.46622789700423034 0.46622789700423023 -0.7518398074789773
0.43473690388997427 0.49572243068690525 -0.7518398074789773 0.43473690388997427 0.49572243068690525 -0.7518398074789773
0.4013843006112377 0.5230942048166868 -0.7518398074789773 0.4013843006112377 0.5230942048166868 -0.7518398074789773
0.366312908135645 0.5482260092545599 -0.7518398074789773 0.366312908135645 0.5482260092545599 -0.7518398074789773
0.32967290755003453 0.571010225755617 -0.7518398074789773 0.32967290755003453 0.571010225755617 -0.7518398074789773
0.2916211969619893 0.5913492888069039 -0.7518398074789773 0.2916211969619893 0.5913492888069039 -0.7518398074789773
0.25232071963805225 0.609156103417925 -0.7518398074789773 0.25232071963805225 0.609156103417925 -0.7518398074789773
0.21193976625564348 0.6243544180747642 -0.7518398074789773 0.21193976625564348 0.6243544180747642 -0.7518398074789773
0.17065125425654304 0.6368791512607733 -0.7518398074789773 0.17065125425654304 0.6368791512607733 -0.7518398074789773
0.12863198738785905 0.6466766701456177 -0.7518398074789773 0.12863198738785905 0.6466766701456177 -0.7518398074789773
0.08606189860123828 0.6537050202492899 -0.7518398074789773 0.08606189860123828 0.6537050202492899 -0.7518398074789773
0.04312327955234396 0.6579341050976342 -0.7518398074789773 0.04312327955234396 0.6579341050976342 -0.7518398074789773
4.03732870996751e-17 0.659345815100069 -0.7518398074789773 4.03732870996751e-17 0.659345815100069 -0.7518398074789773
-0.04312327955234388 0.6579341050976342 -0.7518398074789773 -0.04312327955234388 0.6579341050976342 -0.7518398074789773
-0.0860618986012382 0.6537050202492899 -0.7518398074789773 -0.0860618986012382 0.6537050202492899 -0.7518398074789773
-0.12863198738785897 0.6466766701456177 -0.7518398074789773 -0.12863198738785897 0.6466766701456177 -0.7518398074789773
-0.17065125425654298 0.6368791512607733 -0.7518398074789773 -0.17065125425654298 0.6368791512607733 -0.7518398074789773
-0.2119397662556434 0.6243544180747643 -0.7518398074789773 -0.2119397662556434 0.6243544180747643 -0.7518398074789773
-0.252320719638052 0.609156103417925 -0.7518398074789773 -0.252320719638052 0.609156103417925 -0.7518398074789773
-0.2916211969619892 0.5913492888069039 -0.7518398074789773 -0.2916211969619892 0.5913492888069039 -0.7518398074789773
-0.32967290755003437 0.5710102257556171 -0.7518398074789773 -0.32967290755003437 0.5710102257556171 -0.7518398074789773
-0.366312908135645 0.5482260092545599 -0.7518398074789773 -0.366312908135645 0.5482260092545599 -0.7518398074789773
-0.4013843006112377 0.5230942048166868 -0.7518398074789773 -0.4013843006112377 0.5230942048166868 -0.7518398074789773
-0.43473690388997427 0.49572243068690525 -0.7518398074789773 -0.43473690388997427 0.49572243068690525 -0.7518398074789773
-0.46622789700423023 0.46622789700423034 -0.7518398074789773 -0.46622789700423023 0.46622789700423034 -0.7518398074789773
-0.4957224306869052 0.4347369038899743 -0.7518398074789773 -0.4957224306869052 0.4347369038899743 -0.7518398074789773
-0.5230942048166868 0.4013843006112378 -0.7518398074789773 -0.5230942048166868 0.4013843006112378 -0.7518398074789773
-0.5482260092545599 0.36631290813564504 -0.7518398074789773 -0.5482260092545599 0.36631290813564504 -0.7518398074789773
-0.5710102257556171 0.3296729075500344 -0.7518398074789773 -0.5710102257556171 0.3296729075500344 -0.7518398074789773
-0.5913492888069037 0.29162119696198957 -0.7518398074789773 -0.5913492888069037 0.29162119696198957 -0.7518398074789773
-0.609156103417925 0.2523207196380523 -0.7518398074789773 -0.609156103417925 0.2523207196380523 -0.7518398074789773
-0.6243544180747642 0.2119397662556435 -0.7518398074789773 -0.6243544180747642 0.2119397662556435 -0.7518398074789773
-0.6368791512607733 0.17065125425654323 -0.7518398074789773 -0.6368791512607733 0.17065125425654323 -0.7518398074789773
-0.6466766701456177 0.12863198738785894 -0.7518398074789773 -0.6466766701456177 0.12863198738785894 -0.7518398074789773
-0.6537050202492899 0.08606189860123846 -0.7518398074789773 -0.6537050202492899 0.08606189860123846 -0.7518398074789773
-0.6579341050976342 0.04312327955234386 -0.7518398074789773 -0.6579341050976342 0.04312327955234386 -0.7518398074789773
-0.659345815100069 8.07465741993502e-17 -0.7518398074789773 -0.659345815100069 8.07465741993502e-17 -0.7518398074789773
-0.6579341050976342 -0.04312327955234369 -0.7518398074789773 -0.6579341050976342 -0.04312327955234369 -0.7518398074789773
-0.6537050202492899 -0.0860618986012383 -0.7518398074789773 -0.6537050202492899 -0.0860618986012383 -0.7518398074789773
-0.6466766701456177 -0.12863198738785878 -0.7518398074789773 -0.6466766701456177 -0.12863198738785878 -0.7518398074789773
-0.6368791512607733 -0.1706512542565431 -0.7518398074789773 -0.6368791512607733 -0.1706512542565431 -0.7518398074789773
-0.6243544180747643 -0.21193976625564337 -0.7518398074789773 -0.6243544180747643 -0.21193976625564337 -0.7518398074789773
-0.609156103417925 -0.25232071963805214 -0.7518398074789773 -0.609156103417925 -0.25232071963805214 -0.7518398074789773
-0.5913492888069037 -0.2916211969619894 -0.7518398074789773 -0.5913492888069037 -0.2916211969619894 -0.7518398074789773
-0.5710102257556171 -0.3296729075500343 -0.7518398074789773 -0.5710102257556171 -0.3296729075500343 -0.7518398074789773
-0.5482260092545601 -0.3663129081356447 -0.7518398074789773 -0.5482260092545601 -0.3663129081356447 -0.7518398074789773
-0.5230942048166868 -0.4013843006112377 -0.7518398074789773 -0.5230942048166868 -0.4013843006112377 -0.7518398074789773
-0.49572243068690536 -0.43473690388997427 -0.7518398074789773 -0.49572243068690536 -0.43473690388997427 -0.7518398074789773
-0.4662278970042305 -0.46622789700423 -0.7518398074789773 -0.4662278970042305 -0.46622789700423 -0.7518398074789773
-0.4347369038899744 -0.4957224306869052 -0.7518398074789773 -0.4347369038899744 -0.4957224306869052 -0.7518398074789773
-0.4013843006112378 -0.5230942048166867 -0.7518398074789773 -0.4013843006112378 -0.5230942048166867 -0.7518398074789773
-0.3663129081356448 -0.54822600925456 -0.7518398074789773 -0.3663129081356448 -0.54822600925456 -0.7518398074789773
-0.32967290755003475 -0.5710102257556169 -0.7518398074789773 -0.32967290755003475 -0.5710102257556169 -0.7518398074789773
-0.29162119696198935 -0.5913492888069039 -0.7518398074789773 -0.29162119696198935 -0.5913492888069039 -0.7518398074789773
-0.252320719638052 -0.609156103417925 -0.7518398074789773 -0.252320719638052 -0.609156103417925 -0.7518398074789773
-0.21193976625564356 -0.6243544180747642 -0.7518398074789773 -0.21193976625564356 -0.6243544180747642 -0.7518398074789773
-0.17065125425654298 -0.6368791512607733 -0.7518398074789773 -0.17065125425654298 -0.6368791512607733 -0.7518398074789773
-0.12863198738785928 -0.6466766701456176 -0.7518398074789773 -0.12863198738785928 -0.6466766701456176 -0.7518398074789773
-0.08606189860123822 -0.6537050202492899 -0.7518398074789773 -0.08606189860123822 -0.6537050202492899 -0.7518398074789773
-0.0431232795523436 -0.6579341050976342 -0.7518398074789773 -0.0431232795523436 -0.6579341050976342 -0.7518398074789773
-1.211198612990253e-16 -0.659345815100069 -0.7518398074789773 -1.211198612990253e-16 -0.659345815100069 -0.7518398074789773
0.043123279552343366 -0.6579341050976342 -0.7518398074789773 0.043123279552343366 -0.6579341050976342 -0.7518398074789773
0.08606189860123799 -0.65370502024929 -0.7518398074789773 0.08606189860123799 -0.65370502024929 -0.7518398074789773
0.12863198738785905 -0.6466766701456177 -0.7518398074789773 0.12863198738785905 -0.6466766701456177 -0.7518398074789773
0.17065125425654276 -0.6368791512607734 -0.7518398074789773 0.17065125425654276 -0.6368791512607734 -0.7518398074789773
0.21193976625564334 -0.6243544180747643 -0.7518398074789773 0.21193976625564334 -0.6243544180747643 -0.7518398074789773
0.2523207196380518 -0.6091561034179251 -0.7518398074789773 0.2523207196380518 -0.6091561034179251 -0.7518398074789773
0.2916211969619891 -0.591349288806904 -0.7518398074789773 0.2916211969619891 -0.591349288806904 -0.7518398074789773
0.32967290755003453 -0.571010225755617 -0.7518398074789773 0.32967290755003453 -0.571010225755617 -0.7518398074789773
0.3663129081356446 -0.5482260092545601 -0.7518398074789773 0.3663129081356446 -0.5482260092545601 -0.7518398074789773
0.40138430061123714 -0.5230942048166872 -0.7518398074789773 0.40138430061123714 -0.5230942048166872 -0.7518398074789773
0.4347369038899744 -0.49572243068690514 -0.7518398074789773 0.4347369038899744 -0.49572243068690514 -0.7518398074789773
0.4662278970042302 -0.4662278970042304 -0.7518398074789773 0.4662278970042302 -0.4662278970042304 -0.7518398074789773
0.49572243068690536 -0.43473690388997416 -0.7518398074789773 0.49572243068690536 -0.43473690388997416 -0.7518398074789773
0.5230942048166867 -0.4013843006112378 -0.7518398074789773 0.5230942048166867 -0.4013843006112378 -0.7518398074789773
0.5482260092545597 -0.3663129081356454 -0.7518398074789773 0.5482260092545597 -0.3663129081356454 -0.7518398074789773
0.5710102257556169 -0.32967290755003475 -0.7518398074789773 0.5710102257556169 -0.32967290755003475 -0.7518398074789773
0.5913492888069039 -0.2916211969619894 -0.7518398074789773 0.5913492888069039 -0.2916211969619894 -0.7518398074789773
0.609156103417925 -0.2523207196380521 -0.7518398074789773 0.609156103417925 -0.2523207196380521 -0.7518398074789773
0.6243544180747642 -0.2119397662556436 -0.7518398074789773 0.6243544180747642 -0.2119397662556436 -0.7518398074789773
0.6368791512607732 -0.1706512542565436 -0.7518398074789773 0.6368791512607732 -0.1706512542565436 -0.7518398074789773
0.6466766701456176 -0.12863198738785933 -0.7518398074789773 0.6466766701456176 -0.12863198738785933 -0.7518398074789773
0.6537050202492899 -0.08606189860123825 -0.7518398074789773 0.6537050202492899 -0.08606189860123825 -0.7518398074789773
0.6579341050976342 -0.04312327955234365 -0.7518398074789773 0.6579341050976342 -0.04312327955234365 -0.7518398074789773
0.6087614290087209 0.0 -0.793353340291235 0.6087614290087209 0.0 -0.793353340291235
0.6074580240598357 0.03981490241178393 -0.793353340291235 0.6074580240598357 0.03981490241178393 -0.793353340291235
0.603553390593274 0.07945931129894558 -0.793353340291235 0.603553390593274 0.07945931129894558 -0.793353340291235
0.5970642488489896 0.11876346321630975 -0.793353340291235 0.5970642488489896 0.11876346321630975 -0.793353340291235
0.5880183863281627 0.1575590517512831 -0.793353340291235 0.5880183863281627 0.1575590517512831 -0.793353340291235
0.5764545388028537 0.1956799482377518 -0.793353340291235 0.5764545388028537 0.1956799482377518 -0.793353340291235
0.5624222244434799 0.23296291314453424 -0.793353340291235 0.5624222244434799 0.23296291314453424 -0.793353340291235
0.5459815317744086 0.2692482950921147 -0.793353340291235 0.5459815317744086 0.2692482950921147 -0.793353340291235
0.5272028623656694 0.3043807145043604 -0.793353340291235 0.5272028623656694 0.3043807145043604 -0.793353340291235
0.5061666293626246 0.33820972896772106 -0.793353340291235 0.5061666293626246 0.33820972896772106 -0.793353340291235
0.4829629131445343 0.3705904774487398 -0.793353340291235 0.4829629131445343 0.3705904774487398 -0.793353340291235
0.4576910755865439 0.40138430061123775 -0.793353340291235 0.4576910755865439 0.40138430061123775 -0.793353340291235
0.4304593345768796 0.4304593345768795 -0.793353340291235 0.4304593345768796 0.4304593345768795 -0.793353340291235
0.40138430061123775 0.45769107558654387 -0.793353340291235 0.40138430061123775 0.45769107558654387 -0.793353340291235
0.3705904774487398 0.4829629131445343 -0.793353340291235 0.3705904774487398 0.4829629131445343 -0.793353340291235
0.3382097289677212 0.5061666293626245 -0.793353340291235 0.3382097289677212 0.5061666293626245 -0.793353340291235
0.3043807145043605 0.5272028623656694 -0.793353340291235 0.3043807145043605 0.5272028623656694 -0.793353340291235
0.2692482950921147 0.5459815317744086 -0.793353340291235 0.2692482950921147 0.5459815317744086 -0.793353340291235
0.23296291314453427 0.5624222244434799 -0.793353340291235 0.23296291314453427 0.5624222244434799 -0.793353340291235
0.19567994823775187 0.5764545388028536 -0.793353340291235 0.19567994823775187 0.5764545388028536 -0.793353340291235
0.1575590517512831 0.5880183863281627 -0.793353340291235 0.1575590517512831 0.5880183863281627 -0.793353340291235
0.1187634632163098 0.5970642488489896 -0.793353340291235 0.1187634632163098 0.5970642488489896 -0.793353340291235
0.07945931129894566 0.603553390593274 -0.793353340291235 0.07945931129894566 0.603553390593274 -0.793353340291235
0.03981490241178406 0.6074580240598357 -0.793353340291235 0.03981490241178406 0.6074580240598357 -0.793353340291235
3.7275886773994934e-17 0.6087614290087209 -0.793353340291235 3.7275886773994934e-17 0.6087614290087209 -0.793353340291235
-0.03981490241178398 0.6074580240598357 -0.793353340291235 -0.03981490241178398 0.6074580240598357 -0.793353340291235
-0.0794593112989456 0.603553390593274 -0.793353340291235 -0.0794593112989456 0.603553390593274 -0.793353340291235
-0.11876346321630972 0.5970642488489896 -0.793353340291235 -0.11876346321630972 0.5970642488489896 -0.793353340291235
-0.15755905175128304 0.5880183863281627 -0.793353340291235 -0.15755905175128304 0.5880183863281627 -0.793353340291235
-0.1956799482377518 0.5764545388028537 -0.793353340291235 -0.1956799482377518 0.5764545388028537 -0.793353340291235
-0.23296291314453407 0.56242222444348 -0.793353340291235 -0.23296291314453407 0.56242222444348 -0.793353340291235
-0.2692482950921146 0.5459815317744086 -0.793353340291235 -0.2692482950921146 0.5459815317744086 -0.793353340291235
-0.30438071450436033 0.5272028623656694 -0.793353340291235 -0.30438071450436033 0.5272028623656694 -0.793353340291235
-0.3382097289677212 0.5061666293626245 -0.793353340291235 -0.3382097289677212 0.5061666293626245 -0.793353340291235
-0.3705904774487398 0.4829629131445343 -0.793353340291235 -0.3705904774487398 0.4829629131445343 -0.793353340291235
-0.40138430061123775 0.45769107558654387 -0.793353340291235 -0.40138430061123775 0.45769107558654387 -0.793353340291235
-0.4304593345768795 0.4304593345768796 -0.793353340291235 -0.4304593345768795 0.4304593345768796 -0.793353340291235
-0.4576910755865438 0.4013843006112378 -0.793353340291235 -0.4576910755865438 0.4013843006112378 -0.793353340291235
-0.48296291314453427 0.3705904774487399 -0.793353340291235 -0.48296291314453427 0.3705904774487399 -0.793353340291235
-0.5061666293626245 0.3382097289677213 -0.793353340291235 -0.5061666293626245 0.3382097289677213 -0.793353340291235
-0.5272028623656694 0.3043807145043604 -0.793353340291235 -0.5272028623656694 0.3043807145043604 -0.793353340291235
-0.5459815317744084 0.26924829509211495 -0.793353340291235 -0.5459815317744084 0.26924829509211495 -0.793353340291235
-0.5624222244434799 0.2329629131445343 -0.793353340291235 -0.5624222244434799 0.2329629131445343 -0.793353340291235
-0.5764545388028536 0.1956799482377519 -0.793353340291235 -0.5764545388028536 0.1956799482377519 -0.793353340291235
-0.5880183863281626 0.15755905175128326 -0.793353340291235 -0.5880183863281626 0.15755905175128326 -0.793353340291235
-0.5970642488489896 0.1187634632163097 -0.793353340291235 -0.5970642488489896 0.1187634632163097 -0.793353340291235
-0.603553390593274 0.07945931129894583 -0.793353340291235 -0.603553390593274 0.07945931129894583 -0.793353340291235
-0.6074580240598357 0.03981490241178397 -0.793353340291235 -0.6074580240598357 0.03981490241178397 -0.793353340291235
-0.6087614290087209 7.455177354798987e-17 -0.793353340291235 -0.6087614290087209 7.455177354798987e-17 -0.793353340291235
-0.6074580240598357 -0.039814902411783815 -0.793353340291235 -0.6074580240598357 -0.039814902411783815 -0.793353340291235
-0.603553390593274 -0.0794593112989457 -0.793353340291235 -0.603553390593274 -0.0794593112989457 -0.793353340291235
-0.5970642488489897 -0.11876346321630955 -0.793353340291235 -0.5970642488489897 -0.11876346321630955 -0.793353340291235
-0.5880183863281627 -0.15755905175128315 -0.793353340291235 -0.5880183863281627 -0.15755905175128315 -0.793353340291235
-0.5764545388028537 -0.19567994823775176 -0.793353340291235 -0.5764545388028537 -0.19567994823775176 -0.793353340291235
-0.56242222444348 -0.23296291314453418 -0.793353340291235 -0.56242222444348 -0.23296291314453418 -0.793353340291235
-0.5459815317744084 -0.2692482950921148 -0.793353340291235 -0.5459815317744084 -0.2692482950921148 -0.793353340291235
-0.5272028623656695 -0.30438071450436033 -0.793353340291235 -0.5272028623656695 -0.30438071450436033 -0.793353340291235
-0.5061666293626247 -0.33820972896772095 -0.793353340291235 -0.5061666293626247 -0.33820972896772095 -0.793353340291235
-0.4829629131445343 -0.3705904774487398 -0.793353340291235 -0.4829629131445343 -0.3705904774487398 -0.793353340291235
-0.4576910755865439 -0.40138430061123775 -0.793353340291235 -0.4576910755865439 -0.40138430061123775 -0.793353340291235
-0.4304593345768798 -0.43045933457687935 -0.793353340291235 -0.4304593345768798 -0.43045933457687935 -0.793353340291235
-0.4013843006112379 -0.4576910755865438 -0.793353340291235 -0.4013843006112379 -0.4576910755865438 -0.793353340291235
-0.3705904774487399 -0.4829629131445342 -0.793353340291235 -0.3705904774487399 -0.4829629131445342 -0.793353340291235
-0.33820972896772106 -0.5061666293626246 -0.793353340291235 -0.33820972896772106 -0.5061666293626246 -0.793353340291235
-0.3043807145043607 -0.5272028623656693 -0.793353340291235 -0.3043807145043607 -0.5272028623656693 -0.793353340291235
-0.26924829509211473 -0.5459815317744084 -0.793353340291235 -0.26924829509211473 -0.5459815317744084 -0.793353340291235
-0.23296291314453407 -0.56242222444348 -0.793353340291235 -0.23296291314453407 -0.56242222444348 -0.793353340291235
-0.19567994823775192 -0.5764545388028536 -0.793353340291235 -0.19567994823775192 -0.5764545388028536 -0.793353340291235
-0.15755905175128304 -0.5880183863281627 -0.793353340291235 -0.15755905175128304 -0.5880183863281627 -0.793353340291235
-0.11876346321631001 -0.5970642488489895 -0.793353340291235 -0.11876346321631001 -0.5970642488489895 -0.793353340291235
-0.07945931129894561 -0.603553390593274 -0.793353340291235 -0.07945931129894561 -0.603553390593274 -0.793353340291235
-0.03981490241178373 -0.6074580240598357 -0.793353340291235 -0.03981490241178373 -0.6074580240598357 -0.793353340291235
-1.118276603219848e-16 -0.6087614290087209 -0.793353340291235 -1.118276603219848e-16 -0.6087614290087209 -0.793353340291235
0.03981490241178351 -0.6074580240598358 -0.793353340291235 0.03981490241178351 -0.6074580240598358 -0.793353340291235
0.0794593112989454 -0.6035533905932741 -0.793353340291235 0.0794593112989454 -0.6035533905932741 -0.793353340291235
0.11876346321630979 -0.5970642488489896 -0.793353340291235 0.11876346321630979 -0.5970642488489896 -0.793353340291235
0.15755905175128285 -0.5880183863281628 -0.793353340291235 0.15755905175128285 -0.5880183863281628 -0.793353340291235
0.19567994823775173 -0.5764545388028537 -0.793353340291235 0.19567994823775173 -0.5764545388028537 -0.793353340291235
0.23296291314453388 -0.56242222444348 -0.793353340291235 0.23296291314453388 -0.56242222444348 -0.793353340291235
0.2692482950921145 -0.5459815317744086 -0.793353340291235 0.2692482950921145 -0.5459815317744086 -0.793353340291235
0.3043807145043605 -0.5272028623656694 -0.793353340291235 0.3043807145043605 -0.5272028623656694 -0.793353340291235
0.3382097289677209 -0.5061666293626247 -0.793353340291235 0.3382097289677209 -0.5061666293626247 -0.793353340291235
0.3705904774487393 -0.48296291314453466 -0.793353340291235 0.3705904774487393 -0.48296291314453466 -0.793353340291235
0.4013843006112379 -0.4576910755865437 -0.793353340291235 0.4013843006112379 -0.4576910755865437 -0.793353340291235
0.43045933457687946 -0.4304593345768797 -0.793353340291235 0.43045933457687946 -0.4304593345768797 -0.793353340291235
0.4576910755865439 -0.4013843006112377 -0.793353340291235 0.4576910755865439 -0.4013843006112377 -0.793353340291235
0.4829629131445342 -0.3705904774487399 -0.793353340291235 0.4829629131445342 -0.3705904774487399 -0.793353340291235
0.5061666293626242 -0.33820972896772156 -0.793353340291235 0.5061666293626242 -0.33820972896772156 -0.793353340291235
0.5272028623656693 -0.3043807145043607 -0.793353340291235 0.5272028623656693 -0.3043807145043607 -0.793353340291235
0.5459815317744084 -0.2692482950921148 -0.793353340291235 0.5459815317744084 -0.2692482950921148 -0.793353340291235
0.56242222444348 -0.2329629131445341 -0.793353340291235 0.56242222444348 -0.2329629131445341 -0.793353340291235
0.5764545388028536 -0.19567994823775198 -0.793353340291235 0.5764545388028536 -0.19567994823775198 -0.793353340291235
0.5880183863281626 -0.15755905175128362 -0.793353340291235 0.5880183863281626 -0.15755905175128362 -0.793353340291235
0.5970642488489895 -0.11876346321631004 -0.793353340291235 0.5970642488489895 -0.11876346321631004 -0.793353340291235
0.603553390593274 -0.07945931129894565 -0.793353340291235 0.603553390593274 -0.07945931129894565 -0.793353340291235
0.6074580240598357 -0.03981490241178377 -0.793353340291235 0.6074580240598357 -0.03981490241178377 -0.793353340291235
0.5555702330196025 0.0 -0.831469612302545 0.5555702330196025 0.0 -0.831469612302545
0.5543807145043605 0.03633603174660176 -0.831469612302545 0.5543807145043605 0.03633603174660176 -0.831469612302545
0.5508172526595353 0.07251646702685548 -0.831469612302545 0.5508172526595353 0.07251646702685548 -0.831469612302545
0.5448951067758189 0.10838637566236967 -0.831469612302545 0.5448951067758189 0.10838637566236967 -0.831469612302545
0.5366396363910698 0.14379215719751845 -0.831469612302545 0.5366396363910698 0.14379215719751845 -0.831469612302545
0.5260861926968783 0.1785821986401739 -0.831469612302545 0.5260861926968783 0.1785821986401739 -0.831469612302545
0.513279967159337 0.21260752369181424 -0.831469612302545 0.513279967159337 0.21260752369181424 -0.831469612302545
0.4982757980022454 0.2457224306869053 -0.831469612302545 0.4982757980022454 0.2457224306869053 -0.831469612302545
0.48113793538141597 0.2777851165098012 -0.831469612302545 0.48113793538141597 0.2777851165098012 -0.831469612302545
0.4619397662556436 0.30865828381745525 -0.831469612302545 0.4619397662556436 0.30865828381745525 -0.831469612302545
0.4407635001324815 0.33820972896772117 -0.831469612302545 0.4407635001324815 0.33820972896772117 -0.831469612302545
0.4176998170345086 0.366312908135645 -0.831469612302545 0.4176998170345086 0.366312908135645 -0.831469612302545
0.39284747919355134 0.3928474791935513 -0.831469612302545 0.39284747919355134 0.3928474791935513 -0.831469612302545
0.366312908135645 0.41769981703450854 -0.831469612302545 0.366312908135645 0.41769981703450854 -0.831469612302545
0.33820972896772117 0.4407635001324815 -0.831469612302545 0.33820972896772117 0.4407635001324815 -0.831469612302545
0.30865828381745536 0.46193976625564354 -0.831469612302545 0.30865828381745536 0.46193976625564354 -0.831469612302545
0.2777851165098013 0.4811379353814159 -0.831469612302545 0.2777851165098013 0.4811379353814159 -0.831469612302545
0.2457224306869053 0.4982757980022454 -0.831469612302545 0.2457224306869053 0.4982757980022454 -0.831469612302545
0.21260752369181427 0.513279967159337 -0.831469612302545 0.21260752369181427 0.513279967159337 -0.831469612302545
0.17858219864017397 0.5260861926968782 -0.831469612302545 0.17858219864017397 0.5260861926968782 -0.831469612302545
0.14379215719751845 0.5366396363910698 -0.831469612302545 0.14379215719751845 0.5366396363910698 -0.831469612302545
0.10838637566236971 0.5448951067758189 -0.831469612302545 0.10838637566236971 0.5448951067758189 -0.831469612302545
0.07251646702685556 0.5508172526595353 -0.831469612302545 0.07251646702685556 0.5508172526595353 -0.831469612302545
0.036336031746601875 0.5543807145043605 -0.831469612302545 0.036336031746601875 0.5543807145043605 -0.831469612302545
3.4018865378450266e-17 0.5555702330196025 -0.831469612302545 3.4018865378450266e-17 0.5555702330196025 -0.831469612302545
-0.036336031746601806 0.5543807145043605 -0.831469612302545 -0.036336031746601806 0.5543807145043605 -0.831469612302545
-0.07251646702685549 0.5508172526595353 -0.831469612302545 -0.07251646702685549 0.5508172526595353 -0.831469612302545
-0.10838637566236962 0.5448951067758189 -0.831469612302545 -0.10838637566236962 0.5448951067758189 -0.831469612302545
-0.1437921571975184 0.5366396363910698 -0.831469612302545 -0.1437921571975184 0.5366396363910698 -0.831469612302545
-0.1785821986401739 0.5260861926968783 -0.831469612302545 -0.1785821986401739 0.5260861926968783 -0.831469612302545
-0.21260752369181407 0.5132799671593371 -0.831469612302545 -0.21260752369181407 0.5132799671593371 -0.831469612302545
-0.24572243068690525 0.4982757980022454 -0.831469612302545 -0.24572243068690525 0.4982757980022454 -0.831469612302545
-0.27778511650980114 0.48113793538141597 -0.831469612302545 -0.27778511650980114 0.48113793538141597 -0.831469612302545
-0.30865828381745536 0.46193976625564354 -0.831469612302545 -0.30865828381745536 0.46193976625564354 -0.831469612302545
-0.33820972896772117 0.4407635001324815 -0.831469612302545 -0.33820972896772117 0.4407635001324815 -0.831469612302545
-0.366312908135645 0.41769981703450854 -0.831469612302545 -0.366312908135645 0.41769981703450854 -0.831469612302545
-0.3928474791935513 0.39284747919355134 -0.831469612302545 -0.3928474791935513 0.39284747919355134 -0.831469612302545
-0.4176998170345085 0.36631290813564504 -0.831469612302545 -0.4176998170345085 0.36631290813564504 -0.831469612302545
-0.44076350013248144 0.3382097289677213 -0.831469612302545 -0.44076350013248144 0.3382097289677213 -0.831469612302545
-0.4619397662556435 0.3086582838174554 -0.831469612302545 -0.4619397662556435 0.3086582838174554 -0.831469612302545
-0.48113793538141597 0.2777851165098012 -0.831469612302545 -0.48113793538141597 0.2777851165098012 -0.831469612302545
-0.4982757980022453 0.24572243068690555 -0.831469612302545 -0.4982757980022453 0.24572243068690555 -0.831469612302545
-0.513279967159337 0.2126075236918143 -0.831469612302545 -0.513279967159337 0.2126075236918143 -0.831469612302545
-0.5260861926968782 0.17858219864017402 -0.831469612302545 -0.5260861926968782 0.17858219864017402 -0.831469612302545
-0.5366396363910697 0.14379215719751862 -0.831469612302545 -0.5366396363910697 0.14379215719751862 -0.831469612302545
-0.5448951067758189 0.10838637566236961 -0.831469612302545 -0.5448951067758189 0.10838637566236961 -0.831469612302545
-0.5508172526595353 0.07251646702685571 -0.831469612302545 -0.5508172526595353 0.07251646702685571 -0.831469612302545
-0.5543807145043605 0.036336031746601785 -0.831469612302545 -0.5543807145043605 0.036336031746601785 -0.831469612302545
-0.5555702330196025 6.803773075690053e-17 -0.831469612302545 -0.5555702330196025 6.803773075690053e-17 -0.831469612302545
-0.5543807145043605 -0.036336031746601646 -0.831469612302545 -0.5543807145043605 -0.036336031746601646 -0.831469612302545
-0.5508172526595353 -0.07251646702685559 -0.831469612302545 -0.5508172526595353 -0.07251646702685559 -0.831469612302545
-0.544895106775819 -0.10838637566236947 -0.831469612302545 -0.544895106775819 -0.10838637566236947 -0.831469612302545
-0.5366396363910698 -0.14379215719751848 -0.831469612302545 -0.5366396363910698 -0.14379215719751848 -0.831469612302545
-0.5260861926968783 -0.17858219864017388 -0.831469612302545 -0.5260861926968783 -0.17858219864017388 -0.831469612302545
-0.5132799671593371 -0.21260752369181415 -0.831469612302545 -0.5132799671593371 -0.21260752369181415 -0.831469612302545
-0.4982757980022453 -0.24572243068690544 -0.831469612302545 -0.4982757980022453 -0.24572243068690544 -0.831469612302545
-0.481137935381416 -0.27778511650980114 -0.831469612302545 -0.481137935381416 -0.27778511650980114 -0.831469612302545
-0.46193976625564376 -0.30865828381745514 -0.831469612302545 -0.46193976625564376 -0.30865828381745514 -0.831469612302545
-0.4407635001324815 -0.33820972896772117 -0.831469612302545 -0.4407635001324815 -0.33820972896772117 -0.831469612302545
-0.4176998170345086 -0.366312908135645 -0.831469612302545 -0.4176998170345086 -0.366312908135645 -0.831469612302545
-0.3928474791935515 -0.39284747919355106 -0.831469612302545 -0.3928474791935515 -0.39284747919355106 -0.831469612302545
-0.3663129081356451 -0.4176998170345085 -0.831469612302545 -0.3663129081356451 -0.4176998170345085 -0.831469612302545
-0.3382097289677213 -0.4407635001324814 -0.831469612302545 -0.3382097289677213 -0.4407635001324814 -0.831469612302545
-0.30865828381745525 -0.4619397662556436 -0.831469612302545 -0.30865828381745525 -0.4619397662556436 -0.831469612302545
-0.2777851165098015 -0.4811379353814158 -0.831469612302545 -0.2777851165098015 -0.4811379353814158 -0.831469612302545
-0.24572243068690539 -0.49827579800224536 -0.831469612302545 -0.24572243068690539 -0.49827579800224536 -0.831469612302545
-0.21260752369181407 -0.5132799671593371 -0.831469612302545 -0.21260752369181407 -0.5132799671593371 -0.831469612302545
-0.17858219864017405 -0.5260861926968782 -0.831469612302545 -0.17858219864017405 -0.5260861926968782 -0.831469612302545
-0.1437921571975184 -0.5366396363910698 -0.831469612302545 -0.1437921571975184 -0.5366396363910698 -0.831469612302545
-0.10838637566236989 -0.5448951067758189 -0.831469612302545 -0.10838637566236989 -0.5448951067758189 -0.831469612302545
-0.0725164670268555 -0.5508172526595353 -0.831469612302545 -0.0725164670268555 -0.5508172526595353 -0.831469612302545
-0.03633603174660157 -0.5543807145043605 -0.831469612302545 -0.03633603174660157 -0.5543807145043605 -0.831469612302545
-1.020565961353508e-16 -0.5555702330196025 -0.831469612302545 -1.020565961353508e-16 -0.5555702330196025 -0.831469612302545
0.03633603174660137 -0.5543807145043607 -0.831469612302545 0.03633603174660137 -0.5543807145043607 -0.831469612302545
0.07251646702685531 -0.5508172526595354 -0.831469612302545 0.07251646702685531 -0.5508172526595354 -0.831469612302545
0.1083863756623697 -0.5448951067758189 -0.831469612302545 0.1083863756623697 -0.5448951067758189 -0.831469612302545
0.1437921571975182 -0.5366396363910698 -0.831469612302545 0.1437921571975182 -0.5366396363910698 -0.831469612302545
0.17858219864017386 -0.5260861926968783 -0.831469612302545 0.17858219864017386 -0.5260861926968783 -0.831469612302545
0.21260752369181388 -0.5132799671593371 -0.831469612302545 0.21260752369181388 -0.5132799671593371 -0.831469612302545
0.2457224306869052 -0.4982757980022455 -0.831469612302545 0.2457224306869052 -0.4982757980022455 -0.831469612302545
0.2777851165098013 -0.4811379353814159 -0.831469612302545 0.2777851165098013 -0.4811379353814159 -0.831469612302545
0.3086582838174551 -0.46193976625564376 -0.831469612302545 0.3086582838174551 -0.46193976625564376 -0.831469612302545
0.3382097289677207 -0.44076350013248183 -0.831469612302545 0.3382097289677207 -0.44076350013248183 -0.831469612302545
0.3663129081356451 -0.4176998170345084 -0.831469612302545 0.3663129081356451 -0.4176998170345084 -0.831469612302545
0.3928474791935512 -0.3928474791935514 -0.831469612302545 0.3928474791935512 -0.3928474791935514 -0.831469612302545
0.4176998170345086 -0.36631290813564493 -0.831469612302545 0.4176998170345086 -0.36631290813564493 -0.831469612302545
0.4407635001324814 -0.3382097289677213 -0.831469612302545 0.4407635001324814 -0.3382097289677213 -0.831469612302545
0.46193976625564337 -0.3086582838174557 -0.831469612302545 0.46193976625564337 -0.3086582838174557 -0.831469612302545
0.4811379353814158 -0.2777851165098015 -0.831469612302545 0.4811379353814158 -0.2777851165098015 -0.831469612302545
0.49827579800224536 -0.2457224306869054 -0.831469612302545 0.49827579800224536 -0.2457224306869054 -0.831469612302545
0.5132799671593371 -0.2126075236918141 -0.831469612302545 0.5132799671593371 -0.2126075236918141 -0.831469612302545
0.5260861926968782 -0.17858219864017408 -0.831469612302545 0.5260861926968782 -0.17858219864017408 -0.831469612302545
0.5366396363910697 -0.14379215719751892 -0.831469612302545 0.5366396363910697 -0.14379215719751892 -0.831469612302545
0.5448951067758189 -0.10838637566236992 -0.831469612302545 0.5448951067758189 -0.10838637566236992 -0.831469612302545
0.5508172526595353 -0.07251646702685555 -0.831469612302545 0.5508172526595353 -0.07251646702685555 -0.831469612302545
0.5543807145043605 -0.03633603174660161 -0.831469612302545 0.5543807145043605 -0.03633603174660161 -0.831469612302545
0.49999999999999994 0.0 -0.8660254037844387 0.49999999999999994 0.0 -0.8660254037844387
0.4989294616193017 0.032701564615071524 -0.8660254037844387 0.4989294616193017 0.032701564615071524 -0.8660254037844387
0.49572243068690514 0.06526309611002577 -0.8660254037844387 0.49572243068690514 0.06526309611002577 -0.8660254037844387
0.49039264020161516 0.09754516100806411 -0.8660254037844387 0.49039264020161516 0.09754516100806411 -0.8660254037844387
0.4829629131445341 0.12940952255126034 -0.8660254037844387 0.4829629131445341 0.12940952255126034 -0.8660254037844387
0.4734650647475528 0.16071973265158077 -0.8660254037844387 0.4734650647475528 0.16071973265158077 -0.8660254037844387
0.4619397662556433 0.19134171618254486 -0.8660254037844387 0.4619397662556433 0.19134171618254486 -0.8660254037844387
0.44843637076634413 0.2211443451095006 -0.8660254037844387 0.44843637076634413 0.2211443451095006 -0.8660254037844387
0.4330127018922193 0.24999999999999994 -0.8660254037844387 0.4330127018922193 0.24999999999999994 -0.8660254037844387
0.41573480615127256 0.27778511650980103 -0.8660254037844387 0.41573480615127256 0.27778511650980103 -0.8660254037844387
0.3966766701456175 0.3043807145043603 -0.8660254037844387 0.3966766701456175 0.3043807145043603 -0.8660254037844387
0.3759199037394887 0.32967290755003437 -0.8660254037844387 0.3759199037394887 0.32967290755003437 -0.8660254037844387
0.35355339059327373 0.3535533905932737 -0.8660254037844387 0.35355339059327373 0.3535533905932737 -0.8660254037844387
0.32967290755003437 0.37591990373948864 -0.8660254037844387 0.32967290755003437 0.37591990373948864 -0.8660254037844387
0.3043807145043603 0.3966766701456175 -0.8660254037844387 0.3043807145043603 0.3966766701456175 -0.8660254037844387
0.27778511650980114 0.4157348061512725 -0.8660254037844387 0.27778511650980114 0.4157348061512725 -0.8660254037844387
0.25 0.43301270189221924 -0.8660254037844387 0.25 0.43301270189221924 -0.8660254037844387
0.2211443451095006 0.44843637076634413 -0.8660254037844387 0.2211443451095006 0.44843637076634413 -0.8660254037844387
0.1913417161825449 0.4619397662556433 -0.8660254037844387 0.1913417161825449 0.4619397662556433 -0.8660254037844387
0.16071973265158082 0.47346506474755273 -0.8660254037844387 0.16071973265158082 0.47346506474755273 -0.8660254037844387
0.12940952255126034 0.4829629131445341 -0.8660254037844387 0.12940952255126034 0.4829629131445341 -0.8660254037844387
0.09754516100806415 0.49039264020161516 -0.8660254037844387 0.09754516100806415 0.49039264020161516 -0.8660254037844387
0.06526309611002584 0.49572243068690514 -0.8660254037844387 0.06526309611002584 0.49572243068690514 -0.8660254037844387
0.03270156461507163 0.4989294616193017 -0.8660254037844387 0.03270156461507163 0.4989294616193017 -0.8660254037844387
3.0616169978683824e-17 0.49999999999999994 -0.8660254037844387 3.0616169978683824e-17 0.49999999999999994 -0.8660254037844387
-0.032701564615071566 0.4989294616193017 -0.8660254037844387 -0.032701564615071566 0.4989294616193017 -0.8660254037844387
-0.06526309611002579 0.49572243068690514 -0.8660254037844387 -0.06526309611002579 0.49572243068690514 -0.8660254037844387
-0.09754516100806408 0.49039264020161516 -0.8660254037844387 -0.09754516100806408 0.49039264020161516 -0.8660254037844387
-0.1294095225512603 0.4829629131445341 -0.8660254037844387 -0.1294095225512603 0.4829629131445341 -0.8660254037844387
-0.16071973265158077 0.4734650647475528 -0.8660254037844387 -0.16071973265158077 0.4734650647475528 -0.8660254037844387
-0.19134171618254472 0.46193976625564337 -0.8660254037844387 -0.19134171618254472 0.46193976625564337 -0.8660254037844387
-0.22114434510950054 0.44843637076634413 -0.8660254037844387 -0.22114434510950054 0.44843637076634413 -0.8660254037844387
-0.2499999999999999 0.4330127018922193 -0.8660254037844387 -0.2499999999999999 0.4330127018922193 -0.8660254037844387
-0.27778511650980114 0.4157348061512725 -0.8660254037844387 -0.27778511650980114 0.4157348061512725 -0.8660254037844387
-0.3043807145043603 0.3966766701456175 -0.8660254037844387 -0.3043807145043603 0.3966766701456175 -0.8660254037844387
-0.32967290755003437 0.37591990373948864 -0.8660254037844387 -0.32967290755003437 0.37591990373948864 -0.8660254037844387
-0.3535533905932737 0.35355339059327373 -0.8660254037844387 -0.3535533905932737 0.35355339059327373 -0.8660254037844387
-0.3759199037394886 0.3296729075500344 -0.8660254037844387 -0.3759199037394886 0.3296729075500344 -0.8660254037844387
-0.39667667014561747 0.3043807145043604 -0.8660254037844387 -0.39667667014561747 0.3043807145043604 -0.8660254037844387
-0.41573480615127245 0.2777851165098012 -0.8660254037844387 -0.41573480615127245 0.2777851165098012 -0.8660254037844387
-0.4330127018922193 0.24999999999999994 -0.8660254037844387 -0.4330127018922193 0.24999999999999994 -0.8660254037844387
-0.448436370766344 0.22114434510950082 -0.8660254037844387 -0.448436370766344 0.22114434510950082 -0.8660254037844387
-0.4619397662556433 0.19134171618254492 -0.8660254037844387 -0.4619397662556433 0.19134171618254492 -0.8660254037844387
-0.47346506474755273 0.16071973265158085 -0.8660254037844387 -0.47346506474755273 0.16071973265158085 -0.8660254037844387
-0.48296291314453405 0.12940952255126048 -0.8660254037844387 -0.48296291314453405 0.12940952255126048 -0.8660254037844387
-0.49039264020161516 0.09754516100806407 -0.8660254037844387 -0.49039264020161516 0.09754516100806407 -0.8660254037844387
-0.49572243068690514 0.06526309611002598 -0.8660254037844387 -0.49572243068690514 0.06526309611002598 -0.8660254037844387
-0.4989294616193017 0.03270156461507155 -0.8660254037844387 -0.4989294616193017 0.03270156461507155 -0.8660254037844387
-0.49999999999999994 6.123233995736765e-17 -0.8660254037844387 -0.49999999999999994 6.123233995736765e-17 -0.8660254037844387
-0.4989294616193017 -0.03270156461507143 -0.8660254037844387 -0.4989294616193017 -0.03270156461507143 -0.8660254037844387
-0.49572243068690514 -0.06526309611002587 -0.8660254037844387 -0.49572243068690514 -0.06526309611002587 -0.8660254037844387
-0.4903926402016152 -0.09754516100806394 -0.8660254037844387 -0.4903926402016152 -0.09754516100806394 -0.8660254037844387
-0.4829629131445341 -0.12940952255126037 -0.8660254037844387 -0.4829629131445341 -0.12940952255126037 -0.8660254037844387
-0.4734650647475528 -0.16071973265158074 -0.8660254037844387 -0.4734650647475528 -0.16071973265158074 -0.8660254037844387
-0.46193976625564337 -0.1913417161825448 -0.8660254037844387 -0.46193976625564337 -0.1913417161825448 -0.8660254037844387
-0.448436370766344 -0.2211443451095007 -0.8660254037844387 -0.448436370766344 -0.2211443451095007 -0.8660254037844387
-0.43301270189221935 -0.24999999999999986 -0.8660254037844387 -0.43301270189221935 -0.24999999999999986 -0.8660254037844387
-0.4157348061512727 -0.2777851165098009 -0.8660254037844387 -0.4157348061512727 -0.2777851165098009 -0.8660254037844387
-0.3966766701456175 -0.3043807145043603 -0.8660254037844387 -0.3966766701456175 -0.3043807145043603 -0.8660254037844387
-0.3759199037394887 -0.32967290755003437 -0.8660254037844387 -0.3759199037394887 -0.32967290755003437 -0.8660254037844387
-0.3535533905932739 -0.3535533905932735 -0.8660254037844387 -0.3535533905932739 -0.3535533905932735 -0.8660254037844387
-0.3296729075500345 -0.3759199037394886 -0.8660254037844387 -0.3296729075500345 -0.3759199037394886 -0.8660254037844387
-0.3043807145043604 -0.3966766701456174 -0.8660254037844387 -0.3043807145043604 -0.3966766701456174 -0.8660254037844387
-0.27778511650980103 -0.41573480615127256 -0.8660254037844387 -0.27778511650980103 -0.41573480615127256 -0.8660254037844387
-0.25000000000000017 -0.43301270189221913 -0.8660254037844387 -0.25000000000000017 -0.43301270189221913 -0.8660254037844387
-0.22114434510950065 -0.4484363707663441 -0.8660254037844387 -0.22114434510950065 -0.4484363707663441 -0.8660254037844387
-0.19134171618254472 -0.46193976625564337 -0.8660254037844387 -0.19134171618254472 -0.46193976625564337 -0.8660254037844387
-0.16071973265158088 -0.47346506474755273 -0.8660254037844387 -0.16071973265158088 -0.47346506474755273 -0.8660254037844387
-0.1294095225512603 -0.4829629131445341 -0.8660254037844387 -0.1294095225512603 -0.4829629131445341 -0.8660254037844387
-0.09754516100806432 -0.4903926402016151 -0.8660254037844387 -0.09754516100806432 -0.4903926402016151 -0.8660254037844387
-0.0652630961100258 -0.49572243068690514 -0.8660254037844387 -0.0652630961100258 -0.49572243068690514 -0.8660254037844387
-0.03270156461507136 -0.4989294616193017 -0.8660254037844387 -0.03270156461507136 -0.4989294616193017 -0.8660254037844387
-9.184850993605147e-17 -0.49999999999999994 -0.8660254037844387 -9.184850993605147e-17 -0.49999999999999994 -0.8660254037844387
0.03270156461507118 -0.49892946161930174 -0.8660254037844387 0.03270156461507118 -0.49892946161930174 -0.8660254037844387
0.06526309611002562 -0.4957224306869052 -0.8660254037844387 0.06526309611002562 -0.4957224306869052 -0.8660254037844387
0.09754516100806414 -0.49039264020161516 -0.8660254037844387 0.09754516100806414 -0.49039264020161516 -0.8660254037844387
0.12940952255126012 -0.48296291314453416 -0.8660254037844387 0.12940952255126012 -0.48296291314453416 -0.8660254037844387
0.1607197326515807 -0.4734650647475528 -0.8660254037844387 0.1607197326515807 -0.4734650647475528 -0.8660254037844387
0.19134171618254456 -0.4619397662556434 -0.8660254037844387 0.19134171618254456 -0.4619397662556434 -0.8660254037844387
0.22114434510950048 -0.4484363707663442 -0.8660254037844387 0.22114434510950048 -0.4484363707663442 -0.8660254037844387
0.25 -0.43301270189221924 -0.8660254037844387 0.25 -0.43301270189221924 -0.8660254037844387
0.27778511650980087 -0.4157348061512727 -0.8660254037844387 0.27778511650980087 -0.4157348061512727 -0.8660254037844387
0.3043807145043599 -0.3966766701456178 -0.8660254037844387 0.3043807145043599 -0.3966766701456178 -0.8660254037844387
0.3296729075500345 -0.3759199037394885 -0.8660254037844387 0.3296729075500345 -0.3759199037394885 -0.8660254037844387
0.3535533905932736 -0.3535533905932738 -0.8660254037844387 0.3535533905932736 -0.3535533905932738 -0.8660254037844387
0.3759199037394887 -0.3296729075500343 -0.8660254037844387 0.3759199037394887 -0.3296729075500343 -0.8660254037844387
0.3966766701456174 -0.3043807145043604 -0.8660254037844387 0.3966766701456174 -0.3043807145043604 -0.8660254037844387
0.41573480615127234 -0.2777851165098014 -0.8660254037844387 0.41573480615127234 -0.2777851165098014 -0.8660254037844387
0.43301270189221913 -0.25000000000000017 -0.8660254037844387 0.43301270189221913 -0.25000000000000017 -0.8660254037844387
0.4484363707663441 -0.22114434510950068 -0.8660254037844387 0.4484363707663441 -0.22114434510950068 -0.8660254037844387
0.46193976625564337 -0.19134171618254475 -0.8660254037844387 0.46193976625564337 -0.19134171618254475 -0.8660254037844387
0.47346506474755273 -0.1607197326515809 -0.8660254037844387 0.47346506474755273 -0.1607197326515809 -0.8660254037844387
0.482962913144534 -0.12940952255126076 -0.8660254037844387 0.482962913144534 -0.12940952255126076 -0.8660254037844387
0.4903926402016151 -0.09754516100806435 -0.8660254037844387 0.4903926402016151 -0.09754516100806435 -0.8660254037844387
0.49572243068690514 -0.06526309611002583 -0.8660254037844387 0.49572243068690514 -0.06526309611002583 -0.8660254037844387
0.4989294616193017 -0.03270156461507139 -0.8660254037844387 0.4989294616193017 -0.03270156461507139 -0.8660254037844387
0.4422886902190017 0.0 -0.8968727415326881 0.4422886902190017 0.0 -0.8968727415326881
0.4413417161825453 0.028927064363424078 -0.8968727415326881 0.4413417161825453 0.028927064363424078 -0.8968727415326881
0.43850484916138227 0.05773025859628026 -0.8968727415326881 0.43850484916138227 0.05773025859628026 -0.8968727415326881
0.4337902370556211 0.08628624299891663 -0.8968727415326881 0.4337902370556211 0.08628624299891663 -0.8968727415326881
0.42721806855809896 0.11447273646212662 -0.8968727415326881 0.42721806855809896 0.11447273646212662 -0.8968727415326881
0.41881648670329996 0.14216904009363157 -0.8968727415326881 0.41881648670329996 0.14216904009363157 -0.8968727415326881
0.4086214683545606 0.16925655406926748 -0.8968727415326881 0.4086214683545606 0.16925655406926748 -0.8968727415326881
0.39667667014561797 0.19561928549563984 -0.8968727415326881 0.39667667014561797 0.19561928549563984 -0.8968727415326881
0.38303324153620144 0.22114434510950082 -0.8968727415326881 0.38303324153620144 0.22114434510950082 -0.8968727415326881
0.36774960578219384 0.2457224306869054 -0.8968727415326881 0.36774960578219384 0.2457224306869054 -0.8968727415326881
0.35089120975828036 0.26924829509211484 -0.8968727415326881 0.35089120975828036 0.26924829509211484 -0.8968727415326881
0.33253024370438333 0.2916211969619895 -0.8968727415326881 0.33253024370438333 0.2916211969619895 -0.8968727415326881
0.31274533209597233 0.31274533209597233 -0.8968727415326881 0.31274533209597233 0.31274533209597233 -0.8968727415326881
0.2916211969619895 0.3325302437043833 -0.8968727415326881 0.2916211969619895 0.3325302437043833 -0.8968727415326881
0.26924829509211484 0.35089120975828036 -0.8968727415326881 0.26924829509211484 0.35089120975828036 -0.8968727415326881
0.2457224306869055 0.36774960578219384 -0.8968727415326881 0.2457224306869055 0.36774960578219384 -0.8968727415326881
0.2211443451095009 0.38303324153620144 -0.8968727415326881 0.2211443451095009 0.38303324153620144 -0.8968727415326881
0.19561928549563984 0.39667667014561797 -0.8968727415326881 0.19561928549563984 0.39667667014561797 -0.8968727415326881
0.1692565540692675 0.4086214683545606 -0.8968727415326881 0.1692565540692675 0.4086214683545606 -0.8968727415326881
0.14216904009363163 0.4188164867032999 -0.8968727415326881 0.14216904009363163 0.4188164867032999 -0.8968727415326881
0.11447273646212662 0.42721806855809896 -0.8968727415326881 0.11447273646212662 0.42721806855809896 -0.8968727415326881
0.08628624299891667 0.4337902370556211 -0.8968727415326881 0.08628624299891667 0.4337902370556211 -0.8968727415326881
0.05773025859628032 0.43850484916138227 -0.8968727415326881 0.05773025859628032 0.43850484916138227 -0.8968727415326881
0.02892706436342417 0.4413417161825453 -0.8968727415326881 0.02892706436342417 0.4413417161825453 -0.8968727415326881
2.7082371438788786e-17 0.4422886902190017 -0.8968727415326881 2.7082371438788786e-17 0.4422886902190017 -0.8968727415326881
-0.028927064363424116 0.4413417161825453 -0.8968727415326881 -0.028927064363424116 0.4413417161825453 -0.8968727415326881
-0.05773025859628027 0.43850484916138227 -0.8968727415326881 -0.05773025859628027 0.43850484916138227 -0.8968727415326881
-0.0862862429989166 0.4337902370556211 -0.8968727415326881 -0.0862862429989166 0.4337902370556211 -0.8968727415326881
-0.11447273646212658 0.42721806855809896 -0.8968727415326881 -0.11447273646212658 0.42721806855809896 -0.8968727415326881
-0.14216904009363157 0.41881648670329996 -0.8968727415326881 -0.14216904009363157 0.41881648670329996 -0.8968727415326881
-0.16925655406926735 0.40862146835456065 -0.8968727415326881 -0.16925655406926735 0.40862146835456065 -0.8968727415326881
-0.19561928549563978 0.39667667014561797 -0.8968727415326881 -0.19561928549563978 0.39667667014561797 -0.8968727415326881
-0.22114434510950076 0.38303324153620144 -0.8968727415326881 -0.22114434510950076 0.38303324153620144 -0.8968727415326881
-0.2457224306869055 0.36774960578219384 -0.8968727415326881 -0.2457224306869055 0.36774960578219384 -0.8968727415326881
-0.26924829509211484 0.35089120975828036 -0.8968727415326881 -0.26924829509211484 0.35089120975828036 -0.8968727415326881
-0.2916211969619895 0.3325302437043833 -0.8968727415326881 -0.2916211969619895 0.3325302437043833 -0.8968727415326881
-0.31274533209597233 0.31274533209597233 -0.8968727415326881 -0.31274533209597233 0.31274533209597233 -0.8968727415326881
-0.3325302437043832 0.29162119696198957 -0.8968727415326881 -0.3325302437043832 0.29162119696198957 -0.8968727415326881
-0.3508912097582803 0.26924829509211495 -0.8968727415326881 -0.3508912097582803 0.26924829509211495 -0.8968727415326881
-0.3677496057821938 0.24572243068690555 -0.8968727415326881 -0.3677496057821938 0.24572243068690555 -0.8968727415326881
-0.38303324153620144 0.22114434510950082 -0.8968727415326881 -0.38303324153620144 0.22114434510950082 -0.8968727415326881
-0.39667667014561786 0.19561928549564003 -0.8968727415326881 -0.39667667014561786 0.19561928549564003 -0.8968727415326881
-0.4086214683545606 0.16925655406926754 -0.8968727415326881 -0.4086214683545606 0.16925655406926754 -0.8968727415326881
-0.4188164867032999 0.14216904009363165 -0.8968727415326881 -0.4188164867032999 0.14216904009363165 -0.8968727415326881
-0.4272180685580989 0.11447273646212675 -0.8968727415326881 -0.4272180685580989 0.11447273646212675 -0.8968727415326881
-0.4337902370556211 0.0862862429989166 -0.8968727415326881 -0.4337902370556211 0.0862862429989166 -0.8968727415326881
-0.43850484916138227 0.05773025859628044 -0.8968727415326881 -0.43850484916138227 0.05773025859628044 -0.8968727415326881
-0.4413417161825453 0.028927064363424102 -0.8968727415326881 -0.4413417161825453 0.028927064363424102 -0.8968727415326881
-0.4422886902190017 5.416474287757757e-17 -0.8968727415326881 -0.4422886902190017 5.416474287757757e-17 -0.8968727415326881
-0.4413417161825453 -0.028927064363423995 -0.8968727415326881 -0.4413417161825453 -0.028927064363423995 -0.8968727415326881
-0.43850484916138227 -0.057730258596280344 -0.8968727415326881 -0.43850484916138227 -0.057730258596280344 -0.8968727415326881
-0.43379023705562114 -0.08628624299891649 -0.8968727415326881 -0.43379023705562114 -0.08628624299891649 -0.8968727415326881
-0.42721806855809896 -0.11447273646212665 -0.8968727415326881 -0.42721806855809896 -0.11447273646212665 -0.8968727415326881
-0.41881648670329996 -0.14216904009363154 -0.8968727415326881 -0.41881648670329996 -0.14216904009363154 -0.8968727415326881
-0.40862146835456065 -0.16925655406926743 -0.8968727415326881 -0.40862146835456065 -0.16925655406926743 -0.8968727415326881
-0.39667667014561786 -0.19561928549563995 -0.8968727415326881 -0.39667667014561786 -0.19561928549563995 -0.8968727415326881
-0.3830332415362015 -0.22114434510950073 -0.8968727415326881 -0.3830332415362015 -0.22114434510950073 -0.8968727415326881
-0.36774960578219396 -0.2457224306869053 -0.8968727415326881 -0.36774960578219396 -0.2457224306869053 -0.8968727415326881
-0.35089120975828036 -0.26924829509211484 -0.8968727415326881 -0.35089120975828036 -0.26924829509211484 -0.8968727415326881
-0.33253024370438333 -0.2916211969619895 -0.8968727415326881 -0.33253024370438333 -0.2916211969619895 -0.8968727415326881
-0.3127453320959725 -0.31274533209597216 -0.8968727415326881 -0.3127453320959725 -0.31274533209597216 -0.8968727415326881
-0.2916211969619896 -0.3325302437043832 -0.8968727415326881 -0.2916211969619896 -0.3325302437043832 -0.8968727415326881
-0.26924829509211495 -0.35089120975828025 -0.8968727415326881 -0.26924829509211495 -0.35089120975828025 -0.8968727415326881
-0.2457224306869054 -0.36774960578219384 -0.8968727415326881 -0.2457224306869054 -0.36774960578219384 -0.8968727415326881
-0.22114434510950104 -0.38303324153620133 -0.8968727415326881 -0.22114434510950104 -0.38303324153620133 -0.8968727415326881
-0.1956192854956399 -0.3966766701456179 -0.8968727415326881 -0.1956192854956399 -0.3966766701456179 -0.8968727415326881
-0.16925655406926735 -0.40862146835456065 -0.8968727415326881 -0.16925655406926735 -0.40862146835456065 -0.8968727415326881
-0.14216904009363168 -0.4188164867032999 -0.8968727415326881 -0.14216904009363168 -0.4188164867032999 -0.8968727415326881
-0.11447273646212658 -0.42721806855809896 -0.8968727415326881 -0.11447273646212658 -0.42721806855809896 -0.8968727415326881
-0.08628624299891681 -0.43379023705562103 -0.8968727415326881 -0.08628624299891681 -0.43379023705562103 -0.8968727415326881
-0.05773025859628028 -0.43850484916138227 -0.8968727415326881 -0.05773025859628028 -0.43850484916138227 -0.8968727415326881
-0.028927064363423932 -0.4413417161825453 -0.8968727415326881 -0.028927064363423932 -0.4413417161825453 -0.8968727415326881
-8.124711431636635e-17 -0.4422886902190017 -0.8968727415326881 -8.124711431636635e-17 -0.4422886902190017 -0.8968727415326881
0.028927064363423773 -0.4413417161825453 -0.8968727415326881 0.028927064363423773 -0.4413417161825453 -0.8968727415326881
0.05773025859628012 -0.4385048491613823 -0.8968727415326881 0.05773025859628012 -0.4385048491613823 -0.8968727415326881
0.08628624299891666 -0.4337902370556211 -0.8968727415326881 0.08628624299891666 -0.4337902370556211 -0.8968727415326881
0.11447273646212643 -0.427218068558099 -0.8968727415326881 0.11447273646212643 -0.427218068558099 -0.8968727415326881
0.14216904009363152 -0.41881648670329996 -0.8968727415326881 0.14216904009363152 -0.41881648670329996 -0.8968727415326881
0.1692565540692672 -0.4086214683545607 -0.8968727415326881 0.1692565540692672 -0.4086214683545607 -0.8968727415326881
0.19561928549563976 -0.396676670145618 -0.8968727415326881 0.19561928549563976 -0.396676670145618 -0.8968727415326881
0.2211443451095009 -0.38303324153620144 -0.8968727415326881 0.2211443451095009 -0.38303324153620144 -0.8968727415326881
0.24572243068690527 -0.36774960578219396 -0.8968727415326881 0.24572243068690527 -0.36774960578219396 -0.8968727415326881
0.2692482950921145 -0.3508912097582806 -0.8968727415326881 0.2692482950921145 -0.3508912097582806 -0.8968727415326881
0.2916211969619896 -0.3325302437043832 -0.8968727415326881 0.2916211969619896 -0.3325302437043832 -0.8968727415326881
0.3127453320959723 -0.3127453320959724 -0.8968727415326881 0.3127453320959723 -0.3127453320959724 -0.8968727415326881
0.33253024370438333 -0.29162119696198946 -0.8968727415326881 0.33253024370438333 -0.29162119696198946 -0.8968727415326881
0.35089120975828025 -0.26924829509211495 -0.8968727415326881 0.35089120975828025 -0.26924829509211495 -0.8968727415326881
0.3677496057821937 -0.24572243068690575 -0.8968727415326881 0.3677496057821937 -0.24572243068690575 -0.8968727415326881
0.38303324153620133 -0.22114434510950104 -0.8968727415326881 0.38303324153620133 -0.22114434510950104 -0.8968727415326881
0.3966766701456179 -0.19561928549563992 -0.8968727415326881 0.3966766701456179 -0.19561928549563992 -0.8968727415326881
0.40862146835456065 -0.16925655406926737 -0.8968727415326881 0.40862146835456065 -0.16925655406926737 -0.8968727415326881
0.4188164867032999 -0.1421690400936317 -0.8968727415326881 0.4188164867032999 -0.1421690400936317 -0.8968727415326881
0.42721806855809885 -0.114472736462127 -0.8968727415326881 0.42721806855809885 -0.114472736462127 -0.8968727415326881
0.43379023705562103 -0.08628624299891684 -0.8968727415326881 0.43379023705562103 -0.08628624299891684 -0.8968727415326881
0.43850484916138227 -0.05773025859628031 -0.8968727415326881 0.43850484916138227 -0.05773025859628031 -0.8968727415326881
0.4413417161825453 -0.028927064363423963 -0.8968727415326881 0.4413417161825453 -0.028927064363423963 -0.8968727415326881
0.3826834323650899 0.0 -0.9238795325112867 0.3826834323650899 0.0 -0.9238795325112867
0.38186407776108156 0.025028693981208685 -0.9238795325112867 0.38186407776108156 0.025028693981208685 -0.9238795325112867
0.3794095225512605 0.04995021125231483 -0.9238795325112867 0.3794095225512605 0.04995021125231483 -0.9238795325112867
0.37533027751786535 0.07465783405034263 -0.9238795325112867 0.37533027751786535 0.07465783405034263 -0.9238795325112867
0.3696438106143862 0.09904576054128765 -0.9238795325112867 0.3696438106143862 0.09904576054128765 -0.9238795325112867
0.3623744721651061 0.1230095578798131 -0.9238795325112867 0.3623744721651061 0.1230095578798131 -0.9238795325112867
0.35355339059327384 0.1464466094067263 -0.9238795325112867 0.35355339059327384 0.1464466094067263 -0.9238795325112867
0.3432183391244173 0.16925655406926735 -0.9238795325112867 0.3432183391244173 0.16925655406926735 -0.9238795325112867
0.3314135740355919 0.19134171618254492 -0.9238795325112867 0.3314135740355919 0.19134171618254492 -0.9238795325112867
0.3181896451432086 0.21260752369181415 -0.9238795325112867 0.3181896451432086 0.21260752369181415 -0.9238795325112867
0.30360317934095904 0.2329629131445342 -0.9238795325112867 0.30360317934095904 0.2329629131445342 -0.9238795325112867
0.2877166381147635 0.25232071963805225 -0.9238795325112867 0.2877166381147635 0.25232071963805225 -0.9238795325112867
0.2705980500730986 0.27059805007309856 -0.9238795325112867 0.2705980500730986 0.27059805007309856 -0.9238795325112867
0.25232071963805225 0.28771663811476345 -0.9238795325112867 0.25232071963805225 0.28771663811476345 -0.9238795325112867
0.2329629131445342 0.30360317934095904 -0.9238795325112867 0.2329629131445342 0.30360317934095904 -0.9238795325112867
0.21260752369181424 0.3181896451432085 -0.9238795325112867 0.21260752369181424 0.3181896451432085 -0.9238795325112867
0.191341716182545 0.33141357403559185 -0.9238795325112867 0.191341716182545 0.33141357403559185 -0.9238795325112867
0.16925655406926735 0.3432183391244173 -0.9238795325112867 0.16925655406926735 0.3432183391244173 -0.9238795325112867
0.1464466094067263 0.35355339059327384 -0.9238795325112867 0.1464466094067263 0.35355339059327384 -0.9238795325112867
0.12300955787981314 0.36237447216510604 -0.9238795325112867 0.12300955787981314 0.36237447216510604 -0.9238795325112867
0.09904576054128765 0.3696438106143862 -0.9238795325112867 0.09904576054128765 0.3696438106143862 -0.9238795325112867
0.07465783405034265 0.37533027751786535 -0.9238795325112867 0.07465783405034265 0.37533027751786535 -0.9238795325112867
0.04995021125231488 0.3794095225512605 -0.9238795325112867 0.04995021125231488 0.3794095225512605 -0.9238795325112867
0.025028693981208765 0.38186407776108156 -0.9238795325112867 0.025028693981208765 0.38186407776108156 -0.9238795325112867
2.34326020266315e-17 0.3826834323650899 -0.9238795325112867 2.34326020266315e-17 0.3826834323650899 -0.9238795325112867
-0.02502869398120872 0.38186407776108156 -0.9238795325112867 -0.02502869398120872 0.38186407776108156 -0.9238795325112867
-0.04995021125231484 0.3794095225512605 -0.9238795325112867 -0.04995021125231484 0.3794095225512605 -0.9238795325112867
-0.0746578340503426 0.37533027751786535 -0.9238795325112867 -0.0746578340503426 0.37533027751786535 -0.9238795325112867
-0.09904576054128761 0.3696438106143862 -0.9238795325112867 -0.09904576054128761 0.3696438106143862 -0.9238795325112867
-0.1230095578798131 0.3623744721651061 -0.9238795325112867 -0.1230095578798131 0.3623744721651061 -0.9238795325112867
-0.14644660940672619 0.3535533905932739 -0.9238795325112867 -0.14644660940672619 0.3535533905932739 -0.9238795325112867
-0.16925655406926732 0.3432183391244173 -0.9238795325112867 -0.16925655406926732 0.3432183391244173 -0.9238795325112867
-0.1913417161825449 0.3314135740355919 -0.9238795325112867 -0.1913417161825449 0.3314135740355919 -0.9238795325112867
-0.21260752369181424 0.3181896451432085 -0.9238795325112867 -0.21260752369181424 0.3181896451432085 -0.9238795325112867
-0.2329629131445342 0.30360317934095904 -0.9238795325112867 -0.2329629131445342 0.30360317934095904 -0.9238795325112867
-0.25232071963805225 0.28771663811476345 -0.9238795325112867 -0.25232071963805225 0.28771663811476345 -0.9238795325112867
-0.27059805007309856 0.2705980500730986 -0.9238795325112867 -0.27059805007309856 0.2705980500730986 -0.9238795325112867
-0.2877166381147634 0.2523207196380523 -0.9238795325112867 -0.2877166381147634 0.2523207196380523 -0.9238795325112867
-0.303603179340959 0.2329629131445343 -0.9238795325112867 -0.303603179340959 0.2329629131445343 -0.9238795325112867
-0.3181896451432085 0.2126075236918143 -0.9238795325112867 -0.3181896451432085 0.2126075236918143 -0.9238795325112867
-0.3314135740355919 0.19134171618254492 -0.9238795325112867 -0.3314135740355919 0.19134171618254492 -0.9238795325112867
-0.34321833912441724 0.16925655406926754 -0.9238795325112867 -0.34321833912441724 0.16925655406926754 -0.9238795325112867
-0.35355339059327384 0.14644660940672632 -0.9238795325112867 -0.35355339059327384 0.14644660940672632 -0.9238795325112867
-0.36237447216510604 0.12300955787981316 -0.9238795325112867 -0.36237447216510604 0.12300955787981316 -0.9238795325112867
-0.3696438106143862 0.09904576054128775 -0.9238795325112867 -0.3696438106143862 0.09904576054128775 -0.9238795325112867
-0.37533027751786535 0.07465783405034258 -0.9238795325112867 -0.37533027751786535 0.07465783405034258 -0.9238795325112867
-0.3794095225512605 0.04995021125231499 -0.9238795325112867 -0.3794095225512605 0.04995021125231499 -0.9238795325112867
-0.38186407776108156 0.025028693981208706 -0.9238795325112867 -0.38186407776108156 0.025028693981208706 -0.9238795325112867
-0.3826834323650899 4.6865204053263e-17 -0.9238795325112867 -0.3826834323650899 4.6865204053263e-17 -0.9238795325112867
-0.38186407776108156 -0.025028693981208612 -0.9238795325112867 -0.38186407776108156 -0.025028693981208612 -0.9238795325112867
-0.3794095225512605 -0.049950211252314906 -0.9238795325112867 -0.3794095225512605 -0.049950211252314906 -0.9238795325112867
-0.3753302775178654 -0.0746578340503425 -0.9238795325112867 -0.3753302775178654 -0.0746578340503425 -0.9238795325112867
-0.3696438106143862 -0.09904576054128766 -0.9238795325112867 -0.3696438106143862 -0.09904576054128766 -0.9238795325112867
-0.3623744721651061 -0.12300955787981308 -0.9238795325112867 -0.3623744721651061 -0.12300955787981308 -0.9238795325112867
-0.3535533905932739 -0.14644660940672624 -0.9238795325112867 -0.3535533905932739 -0.14644660940672624 -0.9238795325112867
-0.34321833912441724 -0.16925655406926746 -0.9238795325112867 -0.34321833912441724 -0.16925655406926746 -0.9238795325112867
-0.33141357403559196 -0.19134171618254486 -0.9238795325112867 -0.33141357403559196 -0.19134171618254486 -0.9238795325112867
-0.3181896451432087 -0.21260752369181407 -0.9238795325112867 -0.3181896451432087 -0.21260752369181407 -0.9238795325112867
-0.30360317934095904 -0.2329629131445342 -0.9238795325112867 -0.30360317934095904 -0.2329629131445342 -0.9238795325112867
-0.2877166381147635 -0.25232071963805225 -0.9238795325112867 -0.2877166381147635 -0.25232071963805225 -0.9238795325112867
-0.27059805007309873 -0.27059805007309845 -0.9238795325112867 -0.27059805007309873 -0.27059805007309845 -0.9238795325112867
-0.25232071963805236 -0.2877166381147634 -0.9238795325112867 -0.25232071963805236 -0.2877166381147634 -0.9238795325112867
-0.2329629131445343 -0.30360317934095893 -0.9238795325112867 -0.2329629131445343 -0.30360317934095893 -0.9238795325112867
-0.21260752369181415 -0.3181896451432086 -0.9238795325112867 -0.21260752369181415 -0.3181896451432086 -0.9238795325112867
-0.1913417161825451 -0.3314135740355918 -0.9238795325112867 -0.1913417161825451 -0.3314135740355918 -0.9238795325112867
-0.1692565540692674 -0.34321833912441724 -0.9238795325112867 -0.1692565540692674 -0.34321833912441724 -0.9238795325112867
-0.14644660940672619 -0.3535533905932739 -0.9238795325112867 -0.14644660940672619 -0.3535533905932739 -0.9238795325112867
-0.12300955787981319 -0.36237447216510604 -0.9238795325112867 -0.12300955787981319 -0.36237447216510604 -0.9238795325112867
-0.09904576054128761 -0.3696438106143862 -0.9238795325112867 -0.09904576054128761 -0.3696438106143862 -0.9238795325112867
-0.07465783405034278 -0.3753302775178653 -0.9238795325112867 -0.07465783405034278 -0.3753302775178653 -0.9238795325112867
-0.04995021125231485 -0.3794095225512605 -0.9238795325112867 -0.04995021125231485 -0.3794095225512605 -0.9238795325112867
-0.02502869398120856 -0.38186407776108156 -0.9238795325112867 -0.02502869398120856 -0.38186407776108156 -0.9238795325112867
-7.029780607989449e-17 -0.3826834323650899 -0.9238795325112867 -7.029780607989449e-17 -0.3826834323650899 -0.9238795325112867
0.02502869398120842 -0.3818640777610816 -0.9238795325112867 0.02502869398120842 -0.3818640777610816 -0.9238795325112867
0.04995021125231471 -0.37940952255126054 -0.9238795325112867 0.04995021125231471 -0.37940952255126054 -0.9238795325112867
0.07465783405034264 -0.37533027751786535 -0.9238795325112867 0.07465783405034264 -0.37533027751786535 -0.9238795325112867
0.09904576054128747 -0.3696438106143863 -0.9238795325112867 0.09904576054128747 -0.3696438106143863 -0.9238795325112867
0.12300955787981305 -0.3623744721651061 -0.9238795325112867 0.12300955787981305 -0.3623744721651061 -0.9238795325112867
0.14644660940672605 -0.35355339059327395 -0.9238795325112867 0.14644660940672605 -0.35355339059327395 -0.9238795325112867
0.16925655406926726 -0.34321833912441735 -0.9238795325112867 0.16925655406926726 -0.34321833912441735 -0.9238795325112867
0.191341716182545 -0.33141357403559185 -0.9238795325112867 0.191341716182545 -0.33141357403559185 -0.9238795325112867
0.21260752369181404 -0.3181896451432087 -0.9238795325112867 0.21260752369181404 -0.3181896451432087 -0.9238795325112867
0.23296291314453393 -0.30360317934095926 -0.9238795325112867 0.23296291314453393 -0.30360317934095926 -0.9238795325112867
0.25232071963805236 -0.2877166381147634 -0.9238795325112867 0.25232071963805236 -0.2877166381147634 -0.9238795325112867
0.2705980500730985 -0.2705980500730986 -0.9238795325112867 0.2705980500730985 -0.2705980500730986 -0.9238795325112867
0.2877166381147635 -0.2523207196380522 -0.9238795325112867 0.2877166381147635 -0.2523207196380522 -0.9238795325112867
0.30360317934095893 -0.2329629131445343 -0.9238795325112867 0.30360317934095893 -0.2329629131445343 -0.9238795325112867
0.3181896451432084 -0.21260752369181446 -0.9238795325112867 0.3181896451432084 -0.21260752369181446 -0.9238795325112867
0.3314135740355918 -0.1913417161825451 -0.9238795325112867 0.3314135740355918 -0.1913417161825451 -0.9238795325112867
0.34321833912441724 -0.16925655406926743 -0.9238795325112867 0.34321833912441724 -0.16925655406926743 -0.9238795325112867
0.3535533905932739 -0.1464466094067262 -0.9238795325112867 0.3535533905932739 -0.1464466094067262 -0.9238795325112867
0.36237447216510604 -0.1230095578798132 -0.9238795325112867 0.36237447216510604 -0.1230095578798132 -0.9238795325112867
0.36964381061438617 -0.09904576054128797 -0.9238795325112867 0.36964381061438617 -0.09904576054128797 -0.9238795325112867
0.3753302775178653 -0.0746578340503428 -0.9238795325112867 0.3753302775178653 -0.0746578340503428 -0.9238795325112867
0.3794095225512605 -0.04995021125231487 -0.9238795325112867 0.3794095225512605 -0.04995021125231487 -0.9238795325112867
0.38186407776108156 -0.025028693981208584 -0.9238795325112867 0.38186407776108156 -0.025028693981208584 -0.9238795325112867
0.32143946530316175 0.0 -0.9469301294951056 0.32143946530316175 0.0 -0.9469301294951056
0.32075123873380545 0.021023146888890776 -0.9469301294951056 0.32075123873380545 0.021023146888890776 -0.9469301294951056
0.3186895061175649 0.04195626943527109 -0.9469301294951056 0.3186895061175649 0.04195626943527109 -0.9469301294951056
0.31526309611002595 0.0627097287946859 -0.9469301294951056 0.31526309611002595 0.0627097287946859 -0.9469301294951056
0.3104866811248728 0.08319465546802918 -0.9469301294951056 0.3104866811248728 0.08319465546802918 -0.9469301294951056
0.3043807145043605 0.10332332985438247 -0.9469301294951056 0.3043807145043605 0.10332332985438247 -0.9469301294951056
0.2969713429349631 0.12300955787981313 -0.9469301294951056 0.2969713429349631 0.12300955787981313 -0.9469301294951056
0.28829029448324817 0.14216904009363152 -0.9469301294951056 0.28829029448324817 0.14216904009363152 -0.9469301294951056
0.2783747427314247 0.16071973265158085 -0.9469301294951056 0.2783747427314247 0.16071973265158085 -0.9469301294951056
0.2672671475943573 0.1785821986401739 -0.9469301294951056 0.2672671475943573 0.1785821986401739 -0.9469301294951056
0.255015073499692 0.19567994823775184 -0.9469301294951056 0.255015073499692 0.19567994823775184 -0.9469301294951056
0.2416709857096746 0.21193976625564348 -0.9469301294951056 0.2416709857096746 0.21193976625564348 -0.9469301294951056
0.22729202565684364 0.22729202565684362 -0.9469301294951056 0.22729202565684364 0.22729202565684362 -0.9469301294951056
0.21193976625564348 0.24167098570967457 -0.9469301294951056 0.21193976625564348 0.24167098570967457 -0.9469301294951056
0.19567994823775184 0.255015073499692 -0.9469301294951056 0.19567994823775184 0.255015073499692 -0.9469301294951056
0.17858219864017397 0.2672671475943573 -0.9469301294951056 0.17858219864017397 0.2672671475943573 -0.9469301294951056
0.1607197326515809 0.2783747427314247 -0.9469301294951056 0.1607197326515809 0.2783747427314247 -0.9469301294951056
0.14216904009363152 0.28829029448324817 -0.9469301294951056 0.14216904009363152 0.28829029448324817 -0.9469301294951056
0.12300955787981314 0.2969713429349631 -0.9469301294951056 0.12300955787981314 0.2969713429349631 -0.9469301294951056
0.10332332985438251 0.30438071450436044 -0.9469301294951056 0.10332332985438251 0.30438071450436044 -0.9469301294951056
0.08319465546802918 0.3104866811248728 -0.9469301294951056 0.08319465546802918 0.3104866811248728 -0.9469301294951056
0.06270972879468593 0.31526309611002595 -0.9469301294951056 0.06270972879468593 0.31526309611002595 -0.9469301294951056
0.041956269435271136 0.3186895061175649 -0.9469301294951056 0.041956269435271136 0.3186895061175649 -0.9469301294951056
0.021023146888890842 0.32075123873380545 -0.9469301294951056 0.021023146888890842 0.32075123873380545 -0.9469301294951056
1.9682490615157686e-17 0.32143946530316175 -0.9469301294951056 1.9682490615157686e-17 0.32143946530316175 -0.9469301294951056
-0.0210231468888908 0.32075123873380545 -0.9469301294951056 -0.0210231468888908 0.32075123873380545 -0.9469301294951056
-0.0419562694352711 0.3186895061175649 -0.9469301294951056 -0.0419562694352711 0.3186895061175649 -0.9469301294951056
-0.06270972879468589 0.31526309611002595 -0.9469301294951056 -0.06270972879468589 0.31526309611002595 -0.9469301294951056
-0.08319465546802914 0.3104866811248728 -0.9469301294951056 -0.08319465546802914 0.3104866811248728 -0.9469301294951056
-0.10332332985438247 0.3043807145043605 -0.9469301294951056 -0.10332332985438247 0.3043807145043605 -0.9469301294951056
-0.12300955787981303 0.2969713429349631 -0.9469301294951056 -0.12300955787981303 0.2969713429349631 -0.9469301294951056
-0.14216904009363146 0.28829029448324817 -0.9469301294951056 -0.14216904009363146 0.28829029448324817 -0.9469301294951056
-0.16071973265158082 0.2783747427314247 -0.9469301294951056 -0.16071973265158082 0.2783747427314247 -0.9469301294951056
-0.17858219864017397 0.2672671475943573 -0.9469301294951056 -0.17858219864017397 0.2672671475943573 -0.9469301294951056
-0.19567994823775184 0.255015073499692 -0.9469301294951056 -0.19567994823775184 0.255015073499692 -0.9469301294951056
-0.21193976625564348 0.24167098570967457 -0.9469301294951056 -0.21193976625564348 0.24167098570967457 -0.9469301294951056
-0.22729202565684362 0.22729202565684364 -0.9469301294951056 -0.22729202565684362 0.22729202565684364 -0.9469301294951056
-0.24167098570967452 0.2119397662556435 -0.9469301294951056 -0.24167098570967452 0.2119397662556435 -0.9469301294951056
-0.25501507349969194 0.1956799482377519 -0.9469301294951056 -0.25501507349969194 0.1956799482377519 -0.9469301294951056
-0.26726714759435727 0.17858219864017402 -0.9469301294951056 -0.26726714759435727 0.17858219864017402 -0.9469301294951056
-0.2783747427314247 0.16071973265158085 -0.9469301294951056 -0.2783747427314247 0.16071973265158085 -0.9469301294951056
-0.28829029448324806 0.14216904009363165 -0.9469301294951056 -0.28829029448324806 0.14216904009363165 -0.9469301294951056
-0.2969713429349631 0.12300955787981316 -0.9469301294951056 -0.2969713429349631 0.12300955787981316 -0.9469301294951056
-0.30438071450436044 0.10332332985438253 -0.9469301294951056 -0.30438071450436044 0.10332332985438253 -0.9469301294951056
-0.31048668112487277 0.08319465546802926 -0.9469301294951056 -0.31048668112487277 0.08319465546802926 -0.9469301294951056
-0.31526309611002595 0.06270972879468588 -0.9469301294951056 -0.31526309611002595 0.06270972879468588 -0.9469301294951056
-0.3186895061175649 0.041956269435271226 -0.9469301294951056 -0.3186895061175649 0.041956269435271226 -0.9469301294951056
-0.32075123873380545 0.021023146888890794 -0.9469301294951056 -0.32075123873380545 0.021023146888890794 -0.9469301294951056
-0.32143946530316175 3.936498123031537e-17 -0.9469301294951056 -0.32143946530316175 3.936498123031537e-17 -0.9469301294951056
-0.32075123873380545 -0.021023146888890714 -0.9469301294951056 -0.32075123873380545 -0.021023146888890714 -0.9469301294951056
-0.3186895061175649 -0.04195626943527115 -0.9469301294951056 -0.3186895061175649 -0.04195626943527115 -0.9469301294951056
-0.315263096110026 -0.0627097287946858 -0.9469301294951056 -0.315263096110026 -0.0627097287946858 -0.9469301294951056
-0.3104866811248728 -0.08319465546802919 -0.9469301294951056 -0.3104866811248728 -0.08319465546802919 -0.9469301294951056
-0.3043807145043605 -0.10332332985438246 -0.9469301294951056 -0.3043807145043605 -0.10332332985438246 -0.9469301294951056
-0.2969713429349631 -0.12300955787981309 -0.9469301294951056 -0.2969713429349631 -0.12300955787981309 -0.9469301294951056
-0.28829029448324806 -0.14216904009363157 -0.9469301294951056 -0.28829029448324806 -0.14216904009363157 -0.9469301294951056
-0.27837474273142476 -0.1607197326515808 -0.9469301294951056 -0.27837474273142476 -0.1607197326515808 -0.9469301294951056
-0.26726714759435743 -0.17858219864017383 -0.9469301294951056 -0.26726714759435743 -0.17858219864017383 -0.9469301294951056
-0.255015073499692 -0.19567994823775184 -0.9469301294951056 -0.255015073499692 -0.19567994823775184 -0.9469301294951056
-0.2416709857096746 -0.21193976625564348 -0.9469301294951056 -0.2416709857096746 -0.21193976625564348 -0.9469301294951056
-0.22729202565684375 -0.2272920256568435 -0.9469301294951056 -0.22729202565684375 -0.2272920256568435 -0.9469301294951056
-0.21193976625564356 -0.24167098570967452 -0.9469301294951056 -0.21193976625564356 -0.24167098570967452 -0.9469301294951056
-0.1956799482377519 -0.2550150734996919 -0.9469301294951056 -0.1956799482377519 -0.2550150734996919 -0.9469301294951056
-0.1785821986401739 -0.2672671475943573 -0.9469301294951056 -0.1785821986401739 -0.2672671475943573 -0.9469301294951056
-0.16071973265158102 -0.27837474273142465 -0.9469301294951056 -0.16071973265158102 -0.27837474273142465 -0.9469301294951056
-0.14216904009363154 -0.2882902944832481 -0.9469301294951056 -0.14216904009363154 -0.2882902944832481 -0.9469301294951056
-0.12300955787981303 -0.2969713429349631 -0.9469301294951056 -0.12300955787981303 -0.2969713429349631 -0.9469301294951056
-0.10332332985438254 -0.30438071450436044 -0.9469301294951056 -0.10332332985438254 -0.30438071450436044 -0.9469301294951056
-0.08319465546802914 -0.3104866811248728 -0.9469301294951056 -0.08319465546802914 -0.3104866811248728 -0.9469301294951056
-0.06270972879468605 -0.3152630961100259 -0.9469301294951056 -0.06270972879468605 -0.3152630961100259 -0.9469301294951056
-0.04195626943527111 -0.3186895061175649 -0.9469301294951056 -0.04195626943527111 -0.3186895061175649 -0.9469301294951056
-0.02102314688889067 -0.32075123873380545 -0.9469301294951056 -0.02102314688889067 -0.32075123873380545 -0.9469301294951056
-5.904747184547305e-17 -0.32143946530316175 -0.9469301294951056 -5.904747184547305e-17 -0.32143946530316175 -0.9469301294951056
0.02102314688889055 -0.32075123873380545 -0.9469301294951056 0.02102314688889055 -0.32075123873380545 -0.9469301294951056
0.04195626943527099 -0.31868950611756497 -0.9469301294951056 0.04195626943527099 -0.31868950611756497 -0.9469301294951056
0.06270972879468592 -0.31526309611002595 -0.9469301294951056 0.06270972879468592 -0.31526309611002595 -0.9469301294951056
0.08319465546802902 -0.3104866811248729 -0.9469301294951056 0.08319465546802902 -0.3104866811248729 -0.9469301294951056
0.10332332985438245 -0.3043807145043605 -0.9469301294951056 0.10332332985438245 -0.3043807145043605 -0.9469301294951056
0.12300955787981292 -0.29697134293496313 -0.9469301294951056 0.12300955787981292 -0.29697134293496313 -0.9469301294951056
0.14216904009363143 -0.28829029448324817 -0.9469301294951056 0.14216904009363143 -0.28829029448324817 -0.9469301294951056
0.1607197326515809 -0.2783747427314247 -0.9469301294951056 0.1607197326515809 -0.2783747427314247 -0.9469301294951056
0.1785821986401738 -0.26726714759435743 -0.9469301294951056 0.1785821986401738 -0.26726714759435743 -0.9469301294951056
0.1956799482377516 -0.25501507349969216 -0.9469301294951056 0.1956799482377516 -0.25501507349969216 -0.9469301294951056
0.21193976625564356 -0.2416709857096745 -0.9469301294951056 0.21193976625564356 -0.2416709857096745 -0.9469301294951056
0.2272920256568436 -0.22729202565684367 -0.9469301294951056 0.2272920256568436 -0.22729202565684367 -0.9469301294951056
0.2416709857096746 -0.21193976625564345 -0.9469301294951056 0.2416709857096746 -0.21193976625564345 -0.9469301294951056
0.2550150734996919 -0.1956799482377519 -0.9469301294951056 0.2550150734996919 -0.1956799482377519 -0.9469301294951056
0.2672671475943572 -0.17858219864017416 -0.9469301294951056 0.2672671475943572 -0.17858219864017416 -0.9469301294951056
0.27837474273142465 -0.16071973265158102 -0.9469301294951056 0.27837474273142465 -0.16071973265158102 -0.9469301294951056
0.2882902944832481 -0.14216904009363157 -0.9469301294951056 0.2882902944832481 -0.14216904009363157 -0.9469301294951056
0.2969713429349631 -0.12300955787981305 -0.9469301294951056 0.2969713429349631 -0.12300955787981305 -0.9469301294951056
0.30438071450436044 -0.10332332985438257 -0.9469301294951056 0.30438071450436044 -0.10332332985438257 -0.9469301294951056
0.31048668112487277 -0.08319465546802944 -0.9469301294951056 0.31048668112487277 -0.08319465546802944 -0.9469301294951056
0.3152630961100259 -0.06270972879468606 -0.9469301294951056 0.3152630961100259 -0.06270972879468606 -0.9469301294951056
0.3186895061175649 -0.04195626943527112 -0.9469301294951056 0.3186895061175649 -0.04195626943527112 -0.9469301294951056
0.32075123873380545 -0.02102314688889069 -0.9469301294951056 0.32075123873380545 -0.02102314688889069 -0.9469301294951056
0.258819045102521 0.0 -0.9659258262890682 0.258819045102521 0.0 -0.9659258262890682
0.25826489365964517 0.01692757545406241 -0.9659258262890682 0.25826489365964517 0.01692757545406241 -0.9659258262890682
0.2566048122925709 0.033782664431261857 -0.9659258262890682 0.2566048122925709 0.033782664431261857 -0.9659258262890682
0.25384590972457244 0.050493090852957646 -0.9659258262890682 0.25384590972457244 0.050493090852957646 -0.9659258262890682
0.2500000000000003 0.06698729810778074 -0.9659258262890682 0.2500000000000003 0.06698729810778074 -0.9659258262890682
0.24508355189472983 0.08319465546802922 -0.9659258262890682 0.24508355189472983 0.08319465546802922 -0.9659258262890682
0.23911761839433476 0.09904576054128772 -0.9659258262890682 0.23911761839433476 0.09904576054128772 -0.9659258262890682
0.23212774654197055 0.11447273646212663 -0.9659258262890682 0.23212774654197055 0.11447273646212663 -0.9659258262890682
0.2241438680420136 0.12940952255126048 -0.9659258262890682 0.2241438680420136 0.12940952255126048 -0.9659258262890682
0.21520017108790812 0.14379215719751853 -0.9659258262890682 0.21520017108790812 0.14379215719751853 -0.9659258262890682
0.20533495396307289 0.1575590517512832 -0.9659258262890682 0.20533495396307289 0.1575590517512832 -0.9659258262890682
0.1945904610417722 0.1706512542565432 -0.9659258262890682 0.1945904610417722 0.1706512542565432 -0.9659258262890682
0.18301270189221952 0.1830127018922195 -0.9659258262890682 0.18301270189221952 0.1830127018922195 -0.9659258262890682
0.1706512542565432 0.19459046104177216 -0.9659258262890682 0.1706512542565432 0.19459046104177216 -0.9659258262890682
0.1575590517512832 0.20533495396307289 -0.9659258262890682 0.1575590517512832 0.20533495396307289 -0.9659258262890682
0.1437921571975186 0.2152001710879081 -0.9659258262890682 0.1437921571975186 0.2152001710879081 -0.9659258262890682
0.12940952255126054 0.22414386804201358 -0.9659258262890682 0.12940952255126054 0.22414386804201358 -0.9659258262890682
0.11447273646212663 0.23212774654197055 -0.9659258262890682 0.11447273646212663 0.23212774654197055 -0.9659258262890682
0.09904576054128773 0.23911761839433476 -0.9659258262890682 0.09904576054128773 0.23911761839433476 -0.9659258262890682
0.08319465546802925 0.2450835518947298 -0.9659258262890682 0.08319465546802925 0.2450835518947298 -0.9659258262890682
0.06698729810778074 0.2500000000000003 -0.9659258262890682 0.06698729810778074 0.2500000000000003 -0.9659258262890682
0.05049309085295767 0.25384590972457244 -0.9659258262890682 0.05049309085295767 0.25384590972457244 -0.9659258262890682
0.03378266443126189 0.2566048122925709 -0.9659258262890682 0.03378266443126189 0.2566048122925709 -0.9659258262890682
0.01692757545406246 0.25826489365964517 -0.9659258262890682 0.01692757545406246 0.25826489365964517 -0.9659258262890682
1.584809575715884e-17 0.258819045102521 -0.9659258262890682 1.584809575715884e-17 0.258819045102521 -0.9659258262890682
-0.01692757545406243 0.25826489365964517 -0.9659258262890682 -0.01692757545406243 0.25826489365964517 -0.9659258262890682
-0.03378266443126186 0.2566048122925709 -0.9659258262890682 -0.03378266443126186 0.2566048122925709 -0.9659258262890682
-0.05049309085295763 0.25384590972457244 -0.9659258262890682 -0.05049309085295763 0.25384590972457244 -0.9659258262890682
-0.0669872981077807 0.2500000000000003 -0.9659258262890682 -0.0669872981077807 0.2500000000000003 -0.9659258262890682
-0.08319465546802922 0.24508355189472983 -0.9659258262890682 -0.08319465546802922 0.24508355189472983 -0.9659258262890682
-0.09904576054128765 0.2391176183943348 -0.9659258262890682 -0.09904576054128765 0.2391176183943348 -0.9659258262890682
-0.1144727364621266 0.23212774654197055 -0.9659258262890682 -0.1144727364621266 0.23212774654197055 -0.9659258262890682
-0.12940952255126045 0.2241438680420136 -0.9659258262890682 -0.12940952255126045 0.2241438680420136 -0.9659258262890682
-0.1437921571975186 0.2152001710879081 -0.9659258262890682 -0.1437921571975186 0.2152001710879081 -0.9659258262890682
-0.1575590517512832 0.20533495396307289 -0.9659258262890682 -0.1575590517512832 0.20533495396307289 -0.9659258262890682
-0.1706512542565432 0.19459046104177216 -0.9659258262890682 -0.1706512542565432 0.19459046104177216 -0.9659258262890682
-0.1830127018922195 0.18301270189221952 -0.9659258262890682 -0.1830127018922195 0.18301270189221952 -0.9659258262890682
-0.19459046104177213 0.17065125425654323 -0.9659258262890682 -0.19459046104177213 0.17065125425654323 -0.9659258262890682
-0.20533495396307286 0.15755905175128326 -0.9659258262890682 -0.20533495396307286 0.15755905175128326 -0.9659258262890682
-0.21520017108790807 0.14379215719751862 -0.9659258262890682 -0.21520017108790807 0.14379215719751862 -0.9659258262890682
-0.2241438680420136 0.12940952255126048 -0.9659258262890682 -0.2241438680420136 0.12940952255126048 -0.9659258262890682
-0.2321277465419705 0.11447273646212675 -0.9659258262890682 -0.2321277465419705 0.11447273646212675 -0.9659258262890682
-0.23911761839433476 0.09904576054128775 -0.9659258262890682 -0.23911761839433476 0.09904576054128775 -0.9659258262890682
-0.2450835518947298 0.08319465546802926 -0.9659258262890682 -0.2450835518947298 0.08319465546802926 -0.9659258262890682
-0.2500000000000002 0.06698729810778081 -0.9659258262890682 -0.2500000000000002 0.06698729810778081 -0.9659258262890682
-0.25384590972457244 0.050493090852957626 -0.9659258262890682 -0.25384590972457244 0.050493090852957626 -0.9659258262890682
-0.2566048122925709 0.03378266443126196 -0.9659258262890682 -0.2566048122925709 0.03378266443126196 -0.9659258262890682
-0.25826489365964517 0.016927575454062423 -0.9659258262890682 -0.25826489365964517 0.016927575454062423 -0.9659258262890682
-0.258819045102521 3.169619151431768e-17 -0.9659258262890682 -0.258819045102521 3.169619151431768e-17 -0.9659258262890682
-0.25826489365964517 -0.016927575454062357 -0.9659258262890682 -0.25826489365964517 -0.016927575454062357 -0.9659258262890682
-0.2566048122925709 -0.033782664431261905 -0.9659258262890682 -0.2566048122925709 -0.033782664431261905 -0.9659258262890682
-0.25384590972457244 -0.05049309085295756 -0.9659258262890682 -0.25384590972457244 -0.05049309085295756 -0.9659258262890682
-0.2500000000000003 -0.06698729810778076 -0.9659258262890682 -0.2500000000000003 -0.06698729810778076 -0.9659258262890682
-0.24508355189472983 -0.0831946554680292 -0.9659258262890682 -0.24508355189472983 -0.0831946554680292 -0.9659258262890682
-0.2391176183943348 -0.09904576054128769 -0.9659258262890682 -0.2391176183943348 -0.09904576054128769 -0.9659258262890682
-0.2321277465419705 -0.11447273646212669 -0.9659258262890682 -0.2321277465419705 -0.11447273646212669 -0.9659258262890682
-0.22414386804201364 -0.12940952255126045 -0.9659258262890682 -0.22414386804201364 -0.12940952255126045 -0.9659258262890682
-0.21520017108790818 -0.14379215719751848 -0.9659258262890682 -0.21520017108790818 -0.14379215719751848 -0.9659258262890682
-0.20533495396307289 -0.1575590517512832 -0.9659258262890682 -0.20533495396307289 -0.1575590517512832 -0.9659258262890682
-0.1945904610417722 -0.1706512542565432 -0.9659258262890682 -0.1945904610417722 -0.1706512542565432 -0.9659258262890682
-0.1830127018922196 -0.1830127018922194 -0.9659258262890682 -0.1830127018922196 -0.1830127018922194 -0.9659258262890682
-0.17065125425654326 -0.19459046104177213 -0.9659258262890682 -0.17065125425654326 -0.19459046104177213 -0.9659258262890682
-0.15755905175128326 -0.20533495396307283 -0.9659258262890682 -0.15755905175128326 -0.20533495396307283 -0.9659258262890682
-0.14379215719751853 -0.21520017108790812 -0.9659258262890682 -0.14379215719751853 -0.21520017108790812 -0.9659258262890682
-0.12940952255126062 -0.22414386804201353 -0.9659258262890682 -0.12940952255126062 -0.22414386804201353 -0.9659258262890682
-0.11447273646212666 -0.23212774654197052 -0.9659258262890682 -0.11447273646212666 -0.23212774654197052 -0.9659258262890682
-0.09904576054128765 -0.2391176183943348 -0.9659258262890682 -0.09904576054128765 -0.2391176183943348 -0.9659258262890682
-0.08319465546802927 -0.2450835518947298 -0.9659258262890682 -0.08319465546802927 -0.2450835518947298 -0.9659258262890682
-0.0669872981077807 -0.2500000000000003 -0.9659258262890682 -0.0669872981077807 -0.2500000000000003 -0.9659258262890682
-0.05049309085295775 -0.2538459097245724 -0.9659258262890682 -0.05049309085295775 -0.2538459097245724 -0.9659258262890682
-0.03378266443126187 -0.2566048122925709 -0.9659258262890682 -0.03378266443126187 -0.2566048122925709 -0.9659258262890682
-0.016927575454062323 -0.25826489365964517 -0.9659258262890682 -0.016927575454062323 -0.25826489365964517 -0.9659258262890682
-4.754428727147652e-17 -0.258819045102521 -0.9659258262890682 -4.754428727147652e-17 -0.258819045102521 -0.9659258262890682
0.01692757545406223 -0.2582648936596452 -0.9659258262890682 0.01692757545406223 -0.2582648936596452 -0.9659258262890682
0.03378266443126178 -0.256604812292571 -0.9659258262890682 0.03378266443126178 -0.256604812292571 -0.9659258262890682
0.05049309085295766 -0.25384590972457244 -0.9659258262890682 0.05049309085295766 -0.25384590972457244 -0.9659258262890682
0.06698729810778062 -0.2500000000000003 -0.9659258262890682 0.06698729810778062 -0.2500000000000003 -0.9659258262890682
0.08319465546802919 -0.24508355189472983 -0.9659258262890682 0.08319465546802919 -0.24508355189472983 -0.9659258262890682
0.09904576054128757 -0.23911761839433482 -0.9659258262890682 0.09904576054128757 -0.23911761839433482 -0.9659258262890682
0.11447273646212658 -0.23212774654197058 -0.9659258262890682 0.11447273646212658 -0.23212774654197058 -0.9659258262890682
0.12940952255126054 -0.22414386804201358 -0.9659258262890682 0.12940952255126054 -0.22414386804201358 -0.9659258262890682
0.14379215719751845 -0.21520017108790818 -0.9659258262890682 0.14379215719751845 -0.21520017108790818 -0.9659258262890682
0.157559051751283 -0.20533495396307305 -0.9659258262890682 0.157559051751283 -0.20533495396307305 -0.9659258262890682
0.17065125425654326 -0.1945904610417721 -0.9659258262890682 0.17065125425654326 -0.1945904610417721 -0.9659258262890682
0.18301270189221946 -0.18301270189221955 -0.9659258262890682 0.18301270189221946 -0.18301270189221955 -0.9659258262890682
0.1945904610417722 -0.17065125425654318 -0.9659258262890682 0.1945904610417722 -0.17065125425654318 -0.9659258262890682
0.20533495396307283 -0.15755905175128326 -0.9659258262890682 0.20533495396307283 -0.15755905175128326 -0.9659258262890682
0.215200171087908 -0.14379215719751873 -0.9659258262890682 0.215200171087908 -0.14379215719751873 -0.9659258262890682
0.22414386804201353 -0.12940952255126062 -0.9659258262890682 0.22414386804201353 -0.12940952255126062 -0.9659258262890682
0.23212774654197052 -0.11447273646212668 -0.9659258262890682 0.23212774654197052 -0.11447273646212668 -0.9659258262890682
0.2391176183943348 -0.09904576054128766 -0.9659258262890682 0.2391176183943348 -0.09904576054128766 -0.9659258262890682
0.2450835518947298 -0.08319465546802929 -0.9659258262890682 0.2450835518947298 -0.08319465546802929 -0.9659258262890682
0.2500000000000002 -0.06698729810778095 -0.9659258262890682 0.2500000000000002 -0.06698729810778095 -0.9659258262890682
0.2538459097245724 -0.05049309085295777 -0.9659258262890682 0.2538459097245724 -0.05049309085295777 -0.9659258262890682
0.2566048122925709 -0.033782664431261884 -0.9659258262890682 0.2566048122925709 -0.033782664431261884 -0.9659258262890682
0.25826489365964517 -0.01692757545406234 -0.9659258262890682 0.25826489365964517 -0.01692757545406234 -0.9659258262890682
0.19509032201612816 0.0 -0.9807852804032304 0.19509032201612816 0.0 -0.9807852804032304
0.19467261866128607 0.012759517542371054 -0.9807852804032304 0.19467261866128607 0.012759517542371054 -0.9807852804032304
0.19342129726665222 0.025464396871748906 -0.9807852804032304 0.19342129726665222 0.025464396871748906 -0.9807852804032304
0.19134171618254478 0.038060233744356596 -0.9807852804032304 0.19134171618254478 0.038060233744356596 -0.9807852804032304
0.188442780494429 0.05049309085295757 -0.9807852804032304 0.188442780494429 0.05049309085295757 -0.9807852804032304
0.1847369038899741 0.06270972879468585 -0.9807852804032304 0.1847369038899741 0.06270972879468585 -0.9807852804032304
0.18023995550173688 0.07465783405034257 -0.9807852804032304 0.18023995550173688 0.07465783405034257 -0.9807852804032304
0.17497119195309985 0.0862862429989165 -0.9807852804032304 0.17497119195309985 0.0862862429989165 -0.9807852804032304
0.16895317489845357 0.09754516100806407 -0.9807852804032304 0.16895317489845357 0.09754516100806407 -0.9807852804032304
0.16221167441072878 0.10838637566236956 -0.9807852804032304 0.16221167441072878 0.10838637566236956 -0.9807852804032304
0.15477555862998799 0.11876346321630966 -0.9807852804032304 0.15477555862998799 0.11876346321630966 -0.9807852804032304
0.14667667014561753 0.12863198738785894 -0.9807852804032304 0.14667667014561753 0.12863198738785894 -0.9807852804032304
0.13794968964147145 0.13794968964147142 -0.9807852804032304 0.13794968964147145 0.13794968964147142 -0.9807852804032304
0.12863198738785894 0.1466766701456175 -0.9807852804032304 0.12863198738785894 0.1466766701456175 -0.9807852804032304
0.11876346321630966 0.15477555862998799 -0.9807852804032304 0.11876346321630966 0.15477555862998799 -0.9807852804032304
0.1083863756623696 0.16221167441072876 -0.9807852804032304 0.1083863756623696 0.16221167441072876 -0.9807852804032304
0.09754516100806411 0.16895317489845355 -0.9807852804032304 0.09754516100806411 0.16895317489845355 -0.9807852804032304
0.0862862429989165 0.17497119195309985 -0.9807852804032304 0.0862862429989165 0.17497119195309985 -0.9807852804032304
0.07465783405034258 0.18023995550173688 -0.9807852804032304 0.07465783405034258 0.18023995550173688 -0.9807852804032304
0.06270972879468587 0.1847369038899741 -0.9807852804032304 0.06270972879468587 0.1847369038899741 -0.9807852804032304
0.05049309085295757 0.188442780494429 -0.9807852804032304 0.05049309085295757 0.188442780494429 -0.9807852804032304
0.03806023374435662 0.19134171618254478 -0.9807852804032304 0.03806023374435662 0.19134171618254478 -0.9807852804032304
0.02546439687174893 0.19342129726665222 -0.9807852804032304 0.02546439687174893 0.19342129726665222 -0.9807852804032304
0.012759517542371096 0.19467261866128607 -0.9807852804032304 0.012759517542371096 0.19467261866128607 -0.9807852804032304
1.1945836920083889e-17 0.19509032201612816 -0.9807852804032304 1.1945836920083889e-17 0.19509032201612816 -0.9807852804032304
-0.012759517542371071 0.19467261866128607 -0.9807852804032304 -0.012759517542371071 0.19467261866128607 -0.9807852804032304
-0.02546439687174891 0.19342129726665222 -0.9807852804032304 -0.02546439687174891 0.19342129726665222 -0.9807852804032304
-0.03806023374435659 0.19134171618254478 -0.9807852804032304 -0.03806023374435659 0.19134171618254478 -0.9807852804032304
-0.05049309085295755 0.188442780494429 -0.9807852804032304 -0.05049309085295755 0.188442780494429 -0.9807852804032304
-0.06270972879468585 0.1847369038899741 -0.9807852804032304 -0.06270972879468585 0.1847369038899741 -0.9807852804032304
-0.07465783405034251 0.1802399555017369 -0.9807852804032304 -0.07465783405034251 0.1802399555017369 -0.9807852804032304
-0.08628624299891649 0.17497119195309985 -0.9807852804032304 -0.08628624299891649 0.17497119195309985 -0.9807852804032304
-0.09754516100806405 0.16895317489845357 -0.9807852804032304 -0.09754516100806405 0.16895317489845357 -0.9807852804032304
-0.1083863756623696 0.16221167441072876 -0.9807852804032304 -0.1083863756623696 0.16221167441072876 -0.9807852804032304
-0.11876346321630966 0.15477555862998799 -0.9807852804032304 -0.11876346321630966 0.15477555862998799 -0.9807852804032304
-0.12863198738785894 0.1466766701456175 -0.9807852804032304 -0.12863198738785894 0.1466766701456175 -0.9807852804032304
-0.13794968964147142 0.13794968964147145 -0.9807852804032304 -0.13794968964147142 0.13794968964147145 -0.9807852804032304
-0.14667667014561747 0.12863198738785894 -0.9807852804032304 -0.14667667014561747 0.12863198738785894 -0.9807852804032304
-0.15477555862998796 0.1187634632163097 -0.9807852804032304 -0.15477555862998796 0.1187634632163097 -0.9807852804032304
-0.16221167441072876 0.10838637566236961 -0.9807852804032304 -0.16221167441072876 0.10838637566236961 -0.9807852804032304
-0.16895317489845357 0.09754516100806407 -0.9807852804032304 -0.16895317489845357 0.09754516100806407 -0.9807852804032304
-0.17497119195309982 0.0862862429989166 -0.9807852804032304 -0.17497119195309982 0.0862862429989166 -0.9807852804032304
-0.18023995550173688 0.07465783405034258 -0.9807852804032304 -0.18023995550173688 0.07465783405034258 -0.9807852804032304
-0.1847369038899741 0.06270972879468588 -0.9807852804032304 -0.1847369038899741 0.06270972879468588 -0.9807852804032304
-0.188442780494429 0.050493090852957626 -0.9807852804032304 -0.188442780494429 0.050493090852957626 -0.9807852804032304
-0.19134171618254478 0.03806023374435658 -0.9807852804032304 -0.19134171618254478 0.03806023374435658 -0.9807852804032304
-0.19342129726665222 0.025464396871748986 -0.9807852804032304 -0.19342129726665222 0.025464396871748986 -0.9807852804032304
-0.19467261866128607 0.012759517542371064 -0.9807852804032304 -0.19467261866128607 0.012759517542371064 -0.9807852804032304
-0.19509032201612816 2.3891673840167777e-17 -0.9807852804032304 -0.19509032201612816 2.3891673840167777e-17 -0.9807852804032304
-0.19467261866128607 -0.012759517542371016 -0.9807852804032304 -0.19467261866128607 -0.012759517542371016 -0.9807852804032304
-0.19342129726665222 -0.02546439687174894 -0.9807852804032304 -0.19342129726665222 -0.02546439687174894 -0.9807852804032304
-0.1913417161825448 -0.038060233744356534 -0.9807852804032304 -0.1913417161825448 -0.038060233744356534 -0.9807852804032304
-0.188442780494429 -0.050493090852957584 -0.9807852804032304 -0.188442780494429 -0.050493090852957584 -0.9807852804032304
-0.1847369038899741 -0.06270972879468584 -0.9807852804032304 -0.1847369038899741 -0.06270972879468584 -0.9807852804032304
-0.1802399555017369 -0.07465783405034254 -0.9807852804032304 -0.1802399555017369 -0.07465783405034254 -0.9807852804032304
-0.17497119195309982 -0.08628624299891655 -0.9807852804032304 -0.17497119195309982 -0.08628624299891655 -0.9807852804032304
-0.1689531748984536 -0.09754516100806404 -0.9807852804032304 -0.1689531748984536 -0.09754516100806404 -0.9807852804032304
-0.16221167441072884 -0.1083863756623695 -0.9807852804032304 -0.16221167441072884 -0.1083863756623695 -0.9807852804032304
-0.15477555862998799 -0.11876346321630966 -0.9807852804032304 -0.15477555862998799 -0.11876346321630966 -0.9807852804032304
-0.14667667014561753 -0.12863198738785894 -0.9807852804032304 -0.14667667014561753 -0.12863198738785894 -0.9807852804032304
-0.1379496896414715 -0.13794968964147136 -0.9807852804032304 -0.1379496896414715 -0.13794968964147136 -0.9807852804032304
-0.12863198738785897 -0.14667667014561747 -0.9807852804032304 -0.12863198738785897 -0.14667667014561747 -0.9807852804032304
-0.1187634632163097 -0.15477555862998793 -0.9807852804032304 -0.1187634632163097 -0.15477555862998793 -0.9807852804032304
-0.10838637566236956 -0.16221167441072878 -0.9807852804032304 -0.10838637566236956 -0.16221167441072878 -0.9807852804032304
-0.09754516100806417 -0.1689531748984535 -0.9807852804032304 -0.09754516100806417 -0.1689531748984535 -0.9807852804032304
-0.08628624299891653 -0.17497119195309985 -0.9807852804032304 -0.08628624299891653 -0.17497119195309985 -0.9807852804032304
-0.07465783405034251 -0.1802399555017369 -0.9807852804032304 -0.07465783405034251 -0.1802399555017369 -0.9807852804032304
-0.06270972879468589 -0.1847369038899741 -0.9807852804032304 -0.06270972879468589 -0.1847369038899741 -0.9807852804032304
-0.05049309085295755 -0.188442780494429 -0.9807852804032304 -0.05049309085295755 -0.188442780494429 -0.9807852804032304
-0.03806023374435668 -0.19134171618254475 -0.9807852804032304 -0.03806023374435668 -0.19134171618254475 -0.9807852804032304
-0.025464396871748916 -0.19342129726665222 -0.9807852804032304 -0.025464396871748916 -0.19342129726665222 -0.9807852804032304
-0.01275951754237099 -0.19467261866128607 -0.9807852804032304 -0.01275951754237099 -0.19467261866128607 -0.9807852804032304
-3.583751076025166e-17 -0.19509032201612816 -0.9807852804032304 -3.583751076025166e-17 -0.19509032201612816 -0.9807852804032304
0.012759517542370919 -0.1946726186612861 -0.9807852804032304 0.012759517542370919 -0.1946726186612861 -0.9807852804032304
0.025464396871748844 -0.19342129726665225 -0.9807852804032304 0.025464396871748844 -0.19342129726665225 -0.9807852804032304
0.03806023374435661 -0.19134171618254478 -0.9807852804032304 0.03806023374435661 -0.19134171618254478 -0.9807852804032304
0.05049309085295749 -0.18844278049442903 -0.9807852804032304 0.05049309085295749 -0.18844278049442903 -0.9807852804032304
0.06270972879468582 -0.1847369038899741 -0.9807852804032304 0.06270972879468582 -0.1847369038899741 -0.9807852804032304
0.07465783405034244 -0.1802399555017369 -0.9807852804032304 0.07465783405034244 -0.1802399555017369 -0.9807852804032304
0.08628624299891646 -0.17497119195309987 -0.9807852804032304 0.08628624299891646 -0.17497119195309987 -0.9807852804032304
0.09754516100806411 -0.16895317489845355 -0.9807852804032304 0.09754516100806411 -0.16895317489845355 -0.9807852804032304
0.10838637566236949 -0.16221167441072884 -0.9807852804032304 0.10838637566236949 -0.16221167441072884 -0.9807852804032304
0.11876346321630951 -0.1547755586299881 -0.9807852804032304 0.11876346321630951 -0.1547755586299881 -0.9807852804032304
0.12863198738785897 -0.14667667014561747 -0.9807852804032304 0.12863198738785897 -0.14667667014561747 -0.9807852804032304
0.1379496896414714 -0.13794968964147147 -0.9807852804032304 0.1379496896414714 -0.13794968964147147 -0.9807852804032304
0.14667667014561753 -0.12863198738785891 -0.9807852804032304 0.14667667014561753 -0.12863198738785891 -0.9807852804032304
0.15477555862998793 -0.1187634632163097 -0.9807852804032304 0.15477555862998793 -0.1187634632163097 -0.9807852804032304
0.1622116744107287 -0.10838637566236971 -0.9807852804032304 0.1622116744107287 -0.10838637566236971 -0.9807852804032304
0.1689531748984535 -0.09754516100806417 -0.9807852804032304 0.1689531748984535 -0.09754516100806417 -0.9807852804032304
0.17497119195309985 -0.08628624299891655 -0.9807852804032304 0.17497119195309985 -0.08628624299891655 -0.9807852804032304
0.1802399555017369 -0.07465783405034253 -0.9807852804032304 0.1802399555017369 -0.07465783405034253 -0.9807852804032304
0.1847369038899741 -0.0627097287946859 -0.9807852804032304 0.1847369038899741 -0.0627097287946859 -0.9807852804032304
0.18844278049442897 -0.05049309085295773 -0.9807852804032304 0.18844278049442897 -0.05049309085295773 -0.9807852804032304
0.19134171618254475 -0.03806023374435669 -0.9807852804032304 0.19134171618254475 -0.03806023374435669 -0.9807852804032304
0.19342129726665222 -0.025464396871748927 -0.9807852804032304 0.19342129726665222 -0.025464396871748927 -0.9807852804032304
0.19467261866128607 -0.012759517542371004 -0.9807852804032304 0.19467261866128607 -0.012759517542371004 -0.9807852804032304
0.130526192220052 0.0 -0.9914448613738104 0.130526192220052 0.0 -0.9914448613738104
0.13024672562313605 0.008536821417686554 -0.9914448613738104 0.13024672562313605 0.008536821417686554 -0.9914448613738104
0.12940952255126076 0.017037086855465906 -0.9914448613738104 0.12940952255126076 0.017037086855465906 -0.9914448613738104
0.12801816803650964 0.025464396871748996 -0.9914448613738104 0.12801816803650964 0.025464396871748996 -0.9914448613738104
0.12607862007251947 0.033782664431261926 -0.9914448613738104 0.12607862007251947 0.033782664431261926 -0.9914448613738104
0.12359918410143689 0.0419562694352712 -0.9914448613738104 0.12359918410143689 0.0419562694352712 -0.9914448613738104
0.12059047744873999 0.049950211252314976 -0.9914448613738104 0.12059047744873999 0.049950211252314976 -0.9914448613738104
0.11706538385822068 0.057730258596280386 -0.9914448613738104 0.11706538385822068 0.057730258596280386 -0.9914448613738104
0.11303899832181578 0.06526309611002598 -0.9914448613738104 0.11303899832181578 0.06526309611002598 -0.9914448613738104
0.10852856244053412 0.07251646702685567 -0.9914448613738104 0.10852856244053412 0.07251646702685567 -0.9914448613738104
0.10355339059327408 0.0794593112989458 -0.9914448613738104 0.10355339059327408 0.0794593112989458 -0.9914448613738104
0.0981347872296879 0.08606189860123845 -0.9914448613738104 0.0981347872296879 0.08606189860123845 -0.9914448613738104
0.09229595564125755 0.09229595564125753 -0.9914448613738104 0.09229595564125755 0.09229595564125753 -0.9914448613738104
0.08606189860123845 0.09813478722968788 -0.9914448613738104 0.08606189860123845 0.09813478722968788 -0.9914448613738104
0.0794593112989458 0.10355339059327408 -0.9914448613738104 0.0794593112989458 0.10355339059327408 -0.9914448613738104
0.0725164670268557 0.1085285624405341 -0.9914448613738104 0.0725164670268557 0.1085285624405341 -0.9914448613738104
0.06526309611002601 0.11303899832181577 -0.9914448613738104 0.06526309611002601 0.11303899832181577 -0.9914448613738104
0.057730258596280386 0.11706538385822068 -0.9914448613738104 0.057730258596280386 0.11706538385822068 -0.9914448613738104
0.04995021125231498 0.12059047744873999 -0.9914448613738104 0.04995021125231498 0.12059047744873999 -0.9914448613738104
0.04195626943527122 0.12359918410143687 -0.9914448613738104 0.04195626943527122 0.12359918410143687 -0.9914448613738104
0.033782664431261926 0.12607862007251947 -0.9914448613738104 0.033782664431261926 0.12607862007251947 -0.9914448613738104
0.025464396871749007 0.12801816803650964 -0.9914448613738104 0.025464396871749007 0.12801816803650964 -0.9914448613738104
0.017037086855465924 0.12940952255126076 -0.9914448613738104 0.017037086855465924 0.12940952255126076 -0.9914448613738104
0.008536821417686581 0.13024672562313605 -0.9914448613738104 0.008536821417686581 0.13024672562313605 -0.9914448613738104
7.992424175358941e-18 0.130526192220052 -0.9914448613738104 7.992424175358941e-18 0.130526192220052 -0.9914448613738104
-0.008536821417686566 0.13024672562313605 -0.9914448613738104 -0.008536821417686566 0.13024672562313605 -0.9914448613738104
-0.01703708685546591 0.12940952255126076 -0.9914448613738104 -0.01703708685546591 0.12940952255126076 -0.9914448613738104
-0.02546439687174899 0.12801816803650964 -0.9914448613738104 -0.02546439687174899 0.12801816803650964 -0.9914448613738104
-0.03378266443126191 0.12607862007251947 -0.9914448613738104 -0.03378266443126191 0.12607862007251947 -0.9914448613738104
-0.0419562694352712 0.12359918410143689 -0.9914448613738104 -0.0419562694352712 0.12359918410143689 -0.9914448613738104
-0.049950211252314934 0.12059047744874 -0.9914448613738104 -0.049950211252314934 0.12059047744874 -0.9914448613738104
-0.05773025859628037 0.11706538385822068 -0.9914448613738104 -0.05773025859628037 0.11706538385822068 -0.9914448613738104
-0.06526309611002597 0.11303899832181578 -0.9914448613738104 -0.06526309611002597 0.11303899832181578 -0.9914448613738104
-0.0725164670268557 0.1085285624405341 -0.9914448613738104 -0.0725164670268557 0.1085285624405341 -0.9914448613738104
-0.0794593112989458 0.10355339059327408 -0.9914448613738104 -0.0794593112989458 0.10355339059327408 -0.9914448613738104
-0.08606189860123845 0.09813478722968788 -0.9914448613738104 -0.08606189860123845 0.09813478722968788 -0.9914448613738104
-0.09229595564125753 0.09229595564125755 -0.9914448613738104 -0.09229595564125753 0.09229595564125755 -0.9914448613738104
-0.09813478722968787 0.08606189860123846 -0.9914448613738104 -0.09813478722968787 0.08606189860123846 -0.9914448613738104
-0.10355339059327406 0.07945931129894583 -0.9914448613738104 -0.10355339059327406 0.07945931129894583 -0.9914448613738104
-0.10852856244053409 0.07251646702685571 -0.9914448613738104 -0.10852856244053409 0.07251646702685571 -0.9914448613738104
-0.11303899832181578 0.06526309611002598 -0.9914448613738104 -0.11303899832181578 0.06526309611002598 -0.9914448613738104
-0.11706538385822066 0.05773025859628044 -0.9914448613738104 -0.11706538385822066 0.05773025859628044 -0.9914448613738104
-0.12059047744873999 0.04995021125231499 -0.9914448613738104 -0.12059047744873999 0.04995021125231499 -0.9914448613738104
-0.12359918410143687 0.041956269435271226 -0.9914448613738104 -0.12359918410143687 0.041956269435271226 -0.9914448613738104
-0.12607862007251947 0.03378266443126196 -0.9914448613738104 -0.12607862007251947 0.03378266443126196 -0.9914448613738104
-0.12801816803650964 0.025464396871748986 -0.9914448613738104 -0.12801816803650964 0.025464396871748986 -0.9914448613738104
-0.12940952255126076 0.017037086855465962 -0.9914448613738104 -0.12940952255126076 0.017037086855465962 -0.9914448613738104
-0.13024672562313605 0.00853682141768656 -0.9914448613738104 -0.13024672562313605 0.00853682141768656 -0.9914448613738104
-0.130526192220052 1.5984848350717882e-17 -0.9914448613738104 -0.130526192220052 1.5984848350717882e-17 -0.9914448613738104
-0.13024672562313605 -0.00853682141768653 -0.9914448613738104 -0.13024672562313605 -0.00853682141768653 -0.9914448613738104
-0.12940952255126076 -0.01703708685546593 -0.9914448613738104 -0.12940952255126076 -0.01703708685546593 -0.9914448613738104
-0.12801816803650967 -0.025464396871748955 -0.9914448613738104 -0.12801816803650967 -0.025464396871748955 -0.9914448613738104
-0.12607862007251947 -0.03378266443126193 -0.9914448613738104 -0.12607862007251947 -0.03378266443126193 -0.9914448613738104
-0.12359918410143689 -0.04195626943527119 -0.9914448613738104 -0.12359918410143689 -0.04195626943527119 -0.9914448613738104
-0.12059047744874 -0.04995021125231496 -0.9914448613738104 -0.12059047744874 -0.04995021125231496 -0.9914448613738104
-0.11706538385822066 -0.057730258596280414 -0.9914448613738104 -0.11706538385822066 -0.057730258596280414 -0.9914448613738104
-0.1130389983218158 -0.06526309611002597 -0.9914448613738104 -0.1130389983218158 -0.06526309611002597 -0.9914448613738104
-0.10852856244053416 -0.07251646702685564 -0.9914448613738104 -0.10852856244053416 -0.07251646702685564 -0.9914448613738104
-0.10355339059327408 -0.0794593112989458 -0.9914448613738104 -0.10355339059327408 -0.0794593112989458 -0.9914448613738104
-0.0981347872296879 -0.08606189860123845 -0.9914448613738104 -0.0981347872296879 -0.08606189860123845 -0.9914448613738104
-0.09229595564125759 -0.09229595564125749 -0.9914448613738104 -0.09229595564125759 -0.09229595564125749 -0.9914448613738104
-0.08606189860123847 -0.09813478722968787 -0.9914448613738104 -0.08606189860123847 -0.09813478722968787 -0.9914448613738104
-0.07945931129894583 -0.10355339059327405 -0.9914448613738104 -0.07945931129894583 -0.10355339059327405 -0.9914448613738104
-0.07251646702685567 -0.10852856244053412 -0.9914448613738104 -0.07251646702685567 -0.10852856244053412 -0.9914448613738104
-0.06526309611002605 -0.11303899832181574 -0.9914448613738104 -0.06526309611002605 -0.11303899832181574 -0.9914448613738104
-0.0577302585962804 -0.11706538385822067 -0.9914448613738104 -0.0577302585962804 -0.11706538385822067 -0.9914448613738104
-0.049950211252314934 -0.12059047744874 -0.9914448613738104 -0.049950211252314934 -0.12059047744874 -0.9914448613738104
-0.04195626943527123 -0.12359918410143687 -0.9914448613738104 -0.04195626943527123 -0.12359918410143687 -0.9914448613738104
-0.03378266443126191 -0.12607862007251947 -0.9914448613738104 -0.03378266443126191 -0.12607862007251947 -0.9914448613738104
-0.02546439687174905 -0.12801816803650964 -0.9914448613738104 -0.02546439687174905 -0.12801816803650964 -0.9914448613738104
-0.017037086855465913 -0.12940952255126076 -0.9914448613738104 -0.017037086855465913 -0.12940952255126076 -0.9914448613738104
-0.00853682141768651 -0.13024672562313605 -0.9914448613738104 -0.00853682141768651 -0.13024672562313605 -0.9914448613738104
-2.3977272526076822e-17 -0.130526192220052 -0.9914448613738104 -2.3977272526076822e-17 -0.130526192220052 -0.9914448613738104
0.008536821417686464 -0.13024672562313608 -0.9914448613738104 0.008536821417686464 -0.13024672562313608 -0.9914448613738104
0.017037086855465865 -0.12940952255126079 -0.9914448613738104 0.017037086855465865 -0.12940952255126079 -0.9914448613738104
0.025464396871749003 -0.12801816803650964 -0.9914448613738104 0.025464396871749003 -0.12801816803650964 -0.9914448613738104
0.03378266443126187 -0.1260786200725195 -0.9914448613738104 0.03378266443126187 -0.1260786200725195 -0.9914448613738104
0.041956269435271185 -0.12359918410143689 -0.9914448613738104 0.041956269435271185 -0.12359918410143689 -0.9914448613738104
0.04995021125231489 -0.12059047744874002 -0.9914448613738104 0.04995021125231489 -0.12059047744874002 -0.9914448613738104
0.05773025859628036 -0.1170653838582207 -0.9914448613738104 0.05773025859628036 -0.1170653838582207 -0.9914448613738104
0.06526309611002601 -0.11303899832181577 -0.9914448613738104 0.06526309611002601 -0.11303899832181577 -0.9914448613738104
0.07251646702685563 -0.10852856244053416 -0.9914448613738104 0.07251646702685563 -0.10852856244053416 -0.9914448613738104
0.0794593112989457 -0.10355339059327415 -0.9914448613738104 0.0794593112989457 -0.10355339059327415 -0.9914448613738104
0.08606189860123847 -0.09813478722968785 -0.9914448613738104 0.08606189860123847 -0.09813478722968785 -0.9914448613738104
0.09229595564125752 -0.09229595564125756 -0.9914448613738104 0.09229595564125752 -0.09229595564125756 -0.9914448613738104
0.0981347872296879 -0.08606189860123843 -0.9914448613738104 0.0981347872296879 -0.08606189860123843 -0.9914448613738104
0.10355339059327405 -0.07945931129894583 -0.9914448613738104 0.10355339059327405 -0.07945931129894583 -0.9914448613738104
0.10852856244053406 -0.07251646702685577 -0.9914448613738104 0.10852856244053406 -0.07251646702685577 -0.9914448613738104
0.11303899832181574 -0.06526309611002605 -0.9914448613738104 0.11303899832181574 -0.06526309611002605 -0.9914448613738104
0.11706538385822067 -0.05773025859628041 -0.9914448613738104 0.11706538385822067 -0.05773025859628041 -0.9914448613738104
0.12059047744874 -0.04995021125231495 -0.9914448613738104 0.12059047744874 -0.04995021125231495 -0.9914448613738104
0.12359918410143687 -0.04195626943527124 -0.9914448613738104 0.12359918410143687 -0.04195626943527124 -0.9914448613738104
0.12607862007251944 -0.03378266443126204 -0.9914448613738104 0.12607862007251944 -0.03378266443126204 -0.9914448613738104
0.12801816803650964 -0.02546439687174906 -0.9914448613738104 0.12801816803650964 -0.02546439687174906 -0.9914448613738104
0.12940952255126076 -0.01703708685546592 -0.9914448613738104 0.12940952255126076 -0.01703708685546592 -0.9914448613738104
0.13024672562313605 -0.008536821417686519 -0.9914448613738104 0.13024672562313605 -0.008536821417686519 -0.9914448613738104
0.06540312923014312 0.0 -0.9978589232386035 0.06540312923014312 0.0 -0.9978589232386035
0.06526309611002584 0.004277569313094798 -0.9978589232386035 0.06526309611002584 0.004277569313094798 -0.9978589232386035
0.06484359639299264 0.008536821417686535 -0.9978589232386035 0.06484359639299264 0.008536821417686535 -0.9978589232386035
0.06414642644123464 0.012759517542371071 -0.9978589232386035 0.06414642644123464 0.012759517542371071 -0.9978589232386035
0.06317457164351671 0.016927575454062403 -0.9978589232386035 0.06317457164351671 0.016927575454062403 -0.9978589232386035
0.061932193631284556 0.021023146888890783 -0.9978589232386035 0.061932193631284556 0.021023146888890783 -0.9978589232386035
0.0604246124579199 0.0250286939812087 -0.9978589232386035 0.0604246124579199 0.0250286939812087 -0.9978589232386035
0.058658283817455165 0.028927064363424074 -0.9978589232386035 0.058658283817455165 0.028927064363424074 -0.9978589232386035
0.05664077140030052 0.03270156461507155 -0.9978589232386035 0.05664077140030052 0.03270156461507155 -0.9978589232386035
0.05438071450436036 0.036336031746601764 -0.9978589232386035 0.05438071450436036 0.036336031746601764 -0.9978589232386035
0.05188779104023336 0.03981490241178395 -0.9978589232386035 0.05188779104023336 0.03981490241178395 -0.9978589232386035
0.049172676088913486 0.04312327955234385 -0.9978589232386035 0.049172676088913486 0.04312327955234385 -0.9978589232386035
0.046246996189454305 0.0462469961894543 -0.9978589232386035 0.046246996189454305 0.0462469961894543 -0.9978589232386035
0.04312327955234385 0.04917267608891348 -0.9978589232386035 0.04312327955234385 0.04917267608891348 -0.9978589232386035
0.03981490241178395 0.05188779104023336 -0.9978589232386035 0.03981490241178395 0.05188779104023336 -0.9978589232386035
0.03633603174660178 0.054380714504360356 -0.9978589232386035 0.03633603174660178 0.054380714504360356 -0.9978589232386035
0.032701564615071566 0.056640771400300514 -0.9978589232386035 0.032701564615071566 0.056640771400300514 -0.9978589232386035
0.028927064363424074 0.058658283817455165 -0.9978589232386035 0.028927064363424074 0.058658283817455165 -0.9978589232386035
0.025028693981208702 0.0604246124579199 -0.9978589232386035 0.025028693981208702 0.0604246124579199 -0.9978589232386035
0.02102314688889079 0.06193219363128455 -0.9978589232386035 0.02102314688889079 0.06193219363128455 -0.9978589232386035
0.016927575454062403 0.06317457164351671 -0.9978589232386035 0.016927575454062403 0.06317457164351671 -0.9978589232386035
0.012759517542371077 0.06414642644123464 -0.9978589232386035 0.012759517542371077 0.06414642644123464 -0.9978589232386035
0.008536821417686543 0.06484359639299264 -0.9978589232386035 0.008536821417686543 0.06484359639299264 -0.9978589232386035
0.004277569313094811 0.06526309611002584 -0.9978589232386035 0.004277569313094811 0.06526309611002584 -0.9978589232386035
4.004786643295773e-18 0.06540312923014312 -0.9978589232386035 4.004786643295773e-18 0.06540312923014312 -0.9978589232386035
-0.004277569313094803 0.06526309611002584 -0.9978589232386035 -0.004277569313094803 0.06526309611002584 -0.9978589232386035
-0.008536821417686536 0.06484359639299264 -0.9978589232386035 -0.008536821417686536 0.06484359639299264 -0.9978589232386035
-0.012759517542371068 0.06414642644123464 -0.9978589232386035 -0.012759517542371068 0.06414642644123464 -0.9978589232386035
-0.016927575454062396 0.06317457164351671 -0.9978589232386035 -0.016927575454062396 0.06317457164351671 -0.9978589232386035
-0.021023146888890783 0.061932193631284556 -0.9978589232386035 -0.021023146888890783 0.061932193631284556 -0.9978589232386035
-0.02502869398120868 0.060424612457919906 -0.9978589232386035 -0.02502869398120868 0.060424612457919906 -0.9978589232386035
-0.028927064363424067 0.058658283817455165 -0.9978589232386035 -0.028927064363424067 0.058658283817455165 -0.9978589232386035
-0.032701564615071545 0.05664077140030052 -0.9978589232386035 -0.032701564615071545 0.05664077140030052 -0.9978589232386035
-0.03633603174660178 0.054380714504360356 -0.9978589232386035 -0.03633603174660178 0.054380714504360356 -0.9978589232386035
-0.03981490241178395 0.05188779104023336 -0.9978589232386035 -0.03981490241178395 0.05188779104023336 -0.9978589232386035
-0.04312327955234385 0.04917267608891348 -0.9978589232386035 -0.04312327955234385 0.04917267608891348 -0.9978589232386035
-0.0462469961894543 0.046246996189454305 -0.9978589232386035 -0.0462469961894543 0.046246996189454305 -0.9978589232386035
-0.04917267608891347 0.04312327955234386 -0.9978589232386035 -0.04917267608891347 0.04312327955234386 -0.9978589232386035
-0.051887791040233354 0.03981490241178397 -0.9978589232386035 -0.051887791040233354 0.03981490241178397 -0.9978589232386035
-0.05438071450436035 0.036336031746601785 -0.9978589232386035 -0.05438071450436035 0.036336031746601785 -0.9978589232386035
-0.05664077140030052 0.03270156461507155 -0.9978589232386035 -0.05664077140030052 0.03270156461507155 -0.9978589232386035
-0.05865828381745515 0.028927064363424102 -0.9978589232386035 -0.05865828381745515 0.028927064363424102 -0.9978589232386035
-0.0604246124579199 0.025028693981208706 -0.9978589232386035 -0.0604246124579199 0.025028693981208706 -0.9978589232386035
-0.06193219363128455 0.021023146888890794 -0.9978589232386035 -0.06193219363128455 0.021023146888890794 -0.9978589232386035
-0.0631745716435167 0.016927575454062423 -0.9978589232386035 -0.0631745716435167 0.016927575454062423 -0.9978589232386035
-0.06414642644123464 0.012759517542371064 -0.9978589232386035 -0.06414642644123464 0.012759517542371064 -0.9978589232386035
-0.06484359639299264 0.00853682141768656 -0.9978589232386035 -0.06484359639299264 0.00853682141768656 -0.9978589232386035
-0.06526309611002584 0.004277569313094801 -0.9978589232386035 -0.06526309611002584 0.004277569313094801 -0.9978589232386035
-0.06540312923014312 8.009573286591546e-18 -0.9978589232386035 -0.06540312923014312 8.009573286591546e-18 -0.9978589232386035
-0.06526309611002584 -0.004277569313094785 -0.9978589232386035 -0.06526309611002584 -0.004277569313094785 -0.9978589232386035
-0.06484359639299264 -0.008536821417686547 -0.9978589232386035 -0.06484359639299264 -0.008536821417686547 -0.9978589232386035
-0.06414642644123464 -0.012759517542371049 -0.9978589232386035 -0.06414642644123464 -0.012759517542371049 -0.9978589232386035
-0.06317457164351671 -0.016927575454062406 -0.9978589232386035 -0.06317457164351671 -0.016927575454062406 -0.9978589232386035
-0.061932193631284556 -0.02102314688889078 -0.9978589232386035 -0.061932193631284556 -0.02102314688889078 -0.9978589232386035
-0.060424612457919906 -0.025028693981208692 -0.9978589232386035 -0.060424612457919906 -0.025028693981208692 -0.9978589232386035
-0.05865828381745515 -0.02892706436342409 -0.9978589232386035 -0.05865828381745515 -0.02892706436342409 -0.9978589232386035
-0.05664077140030053 -0.032701564615071545 -0.9978589232386035 -0.05664077140030053 -0.032701564615071545 -0.9978589232386035
-0.054380714504360377 -0.03633603174660175 -0.9978589232386035 -0.054380714504360377 -0.03633603174660175 -0.9978589232386035
-0.05188779104023336 -0.03981490241178395 -0.9978589232386035 -0.05188779104023336 -0.03981490241178395 -0.9978589232386035
-0.049172676088913486 -0.04312327955234385 -0.9978589232386035 -0.049172676088913486 -0.04312327955234385 -0.9978589232386035
-0.046246996189454326 -0.04624699618945427 -0.9978589232386035 -0.046246996189454326 -0.04624699618945427 -0.9978589232386035
-0.043123279552343866 -0.04917267608891347 -0.9978589232386035 -0.043123279552343866 -0.04917267608891347 -0.9978589232386035
-0.03981490241178397 -0.05188779104023335 -0.9978589232386035 -0.03981490241178397 -0.05188779104023335 -0.9978589232386035
-0.036336031746601764 -0.05438071450436036 -0.9978589232386035 -0.036336031746601764 -0.05438071450436036 -0.9978589232386035
-0.032701564615071586 -0.0566407714003005 -0.9978589232386035 -0.032701564615071586 -0.0566407714003005 -0.9978589232386035
-0.02892706436342408 -0.05865828381745516 -0.9978589232386035 -0.02892706436342408 -0.05865828381745516 -0.9978589232386035
-0.02502869398120868 -0.060424612457919906 -0.9978589232386035 -0.02502869398120868 -0.060424612457919906 -0.9978589232386035
-0.021023146888890797 -0.06193219363128455 -0.9978589232386035 -0.021023146888890797 -0.06193219363128455 -0.9978589232386035
-0.016927575454062396 -0.06317457164351671 -0.9978589232386035 -0.016927575454062396 -0.06317457164351671 -0.9978589232386035
-0.012759517542371097 -0.06414642644123462 -0.9978589232386035 -0.012759517542371097 -0.06414642644123462 -0.9978589232386035
-0.008536821417686538 -0.06484359639299264 -0.9978589232386035 -0.008536821417686538 -0.06484359639299264 -0.9978589232386035
-0.004277569313094776 -0.06526309611002584 -0.9978589232386035 -0.004277569313094776 -0.06526309611002584 -0.9978589232386035
-1.201435992988732e-17 -0.06540312923014312 -0.9978589232386035 -1.201435992988732e-17 -0.06540312923014312 -0.9978589232386035
0.004277569313094752 -0.06526309611002586 -0.9978589232386035 0.004277569313094752 -0.06526309611002586 -0.9978589232386035
0.008536821417686514 -0.06484359639299266 -0.9978589232386035 0.008536821417686514 -0.06484359639299266 -0.9978589232386035
0.012759517542371075 -0.06414642644123464 -0.9978589232386035 0.012759517542371075 -0.06414642644123464 -0.9978589232386035
0.016927575454062375 -0.06317457164351671 -0.9978589232386035 0.016927575454062375 -0.06317457164351671 -0.9978589232386035
0.021023146888890773 -0.061932193631284556 -0.9978589232386035 0.021023146888890773 -0.061932193631284556 -0.9978589232386035
0.02502869398120866 -0.06042461245791991 -0.9978589232386035 0.02502869398120866 -0.06042461245791991 -0.9978589232386035
0.02892706436342406 -0.05865828381745517 -0.9978589232386035 0.02892706436342406 -0.05865828381745517 -0.9978589232386035
0.032701564615071566 -0.056640771400300514 -0.9978589232386035 0.032701564615071566 -0.056640771400300514 -0.9978589232386035
0.036336031746601744 -0.054380714504360377 -0.9978589232386035 0.036336031746601744 -0.054380714504360377 -0.9978589232386035
0.0398149024117839 -0.051887791040233396 -0.9978589232386035 0.0398149024117839 -0.051887791040233396 -0.9978589232386035
0.043123279552343866 -0.049172676088913465 -0.9978589232386035 0.043123279552343866 -0.049172676088913465 -0.9978589232386035
0.04624699618945429 -0.04624699618945431 -0.9978589232386035 0.04624699618945429 -0.04624699618945431 -0.9978589232386035
0.049172676088913486 -0.043123279552343845 -0.9978589232386035 0.049172676088913486 -0.043123279552343845 -0.9978589232386035
0.05188779104023335 -0.03981490241178397 -0.9978589232386035 0.05188779104023335 -0.03981490241178397 -0.9978589232386035
0.054380714504360335 -0.03633603174660182 -0.9978589232386035 0.054380714504360335 -0.03633603174660182 -0.9978589232386035
0.0566407714003005 -0.032701564615071586 -0.9978589232386035 0.0566407714003005 -0.032701564615071586 -0.9978589232386035
0.05865828381745516 -0.028927064363424085 -0.9978589232386035 0.05865828381745516 -0.028927064363424085 -0.9978589232386035
0.060424612457919906 -0.025028693981208685 -0.9978589232386035 0.060424612457919906 -0.025028693981208685 -0.9978589232386035
0.06193219363128455 -0.0210231468888908 -0.9978589232386035 0.06193219363128455 -0.0210231468888908 -0.9978589232386035
0.0631745716435167 -0.016927575454062458 -0.9978589232386035 0.0631745716435167 -0.016927575454062458 -0.9978589232386035
0.06414642644123462 -0.012759517542371101 -0.9978589232386035 0.06414642644123462 -0.012759517542371101 -0.9978589232386035
0.06484359639299264 -0.008536821417686542 -0.9978589232386035 0.06484359639299264 -0.008536821417686542 -0.9978589232386035
0.06526309611002584 -0.00427756931309478 -0.9978589232386035 0.06526309611002584 -0.00427756931309478 -0.9978589232386035
1.2246467991473532e-16 0.0 -1.0 1.2246467991473532e-16 0.0 -1.0
1.2220247363447802e-16 8.00957328659154e-18 -1.0 1.2220247363447802e-16 8.00957328659154e-18 -1.0
1.2141697760125282e-16 1.5984848350717833e-17 -1.0 1.2141697760125282e-16 1.5984848350717833e-17 -1.0
1.2011155542966555e-16 2.3891673840167787e-17 -1.0 1.2011155542966555e-16 2.3891673840167787e-17 -1.0
1.1829179713786698e-16 3.169619151431765e-17 -1.0 1.1829179713786698e-16 3.169619151431765e-17 -1.0
1.15965495210237e-16 3.9364981230315354e-17 -1.0 1.15965495210237e-16 3.9364981230315354e-17 -1.0
1.1314261122877003e-16 4.6865204053262986e-17 -1.0 1.1314261122877003e-16 4.6865204053262986e-17 -1.0
1.0983523321605183e-16 5.4164742877577516e-17 -1.0 1.0983523321605183e-16 5.4164742877577516e-17 -1.0
1.0605752387249069e-16 6.123233995736765e-17 -1.0 1.0605752387249069e-16 6.123233995736765e-17 -1.0
1.0182565992946028e-16 6.80377307569005e-17 -1.0 1.0182565992946028e-16 6.80377307569005e-17 -1.0
9.71577628780522e-17 7.455177354798984e-17 -1.0 9.71577628780522e-17 7.455177354798984e-17 -1.0
9.20738213700692e-17 8.074657419935019e-17 -1.0 9.20738213700692e-17 8.074657419935019e-17 -1.0
8.659560562354934e-17 8.659560562354932e-17 -1.0 8.659560562354934e-17 8.659560562354932e-17 -1.0
8.074657419935019e-17 9.207382137006919e-17 -1.0 8.074657419935019e-17 9.207382137006919e-17 -1.0
7.455177354798984e-17 9.71577628780522e-17 -1.0 7.455177354798984e-17 9.71577628780522e-17 -1.0
6.803773075690052e-17 1.0182565992946027e-16 -1.0 6.803773075690052e-17 1.0182565992946027e-16 -1.0
6.123233995736767e-17 1.0605752387249068e-16 -1.0 6.123233995736767e-17 1.0605752387249068e-16 -1.0
5.4164742877577516e-17 1.0983523321605183e-16 -1.0 5.4164742877577516e-17 1.0983523321605183e-16 -1.0
4.686520405326299e-17 1.1314261122877003e-16 -1.0 4.686520405326299e-17 1.1314261122877003e-16 -1.0
3.9364981230315366e-17 1.1596549521023696e-16 -1.0 3.9364981230315366e-17 1.1596549521023696e-16 -1.0
3.169619151431765e-17 1.1829179713786698e-16 -1.0 3.169619151431765e-17 1.1829179713786698e-16 -1.0
2.3891673840167796e-17 1.2011155542966555e-16 -1.0 2.3891673840167796e-17 1.2011155542966555e-16 -1.0
1.5984848350717848e-17 1.2141697760125282e-16 -1.0 1.5984848350717848e-17 1.2141697760125282e-16 -1.0
8.009573286591565e-18 1.2220247363447802e-16 -1.0 8.009573286591565e-18 1.2220247363447802e-16 -1.0
7.498798913309288e-33 1.2246467991473532e-16 -1.0 7.498798913309288e-33 1.2246467991473532e-16 -1.0
-8.00957328659155e-18 1.2220247363447802e-16 -1.0 -8.00957328659155e-18 1.2220247363447802e-16 -1.0
-1.5984848350717836e-17 1.2141697760125282e-16 -1.0 -1.5984848350717836e-17 1.2141697760125282e-16 -1.0
-2.389167384016778e-17 1.2011155542966555e-16 -1.0 -2.389167384016778e-17 1.2011155542966555e-16 -1.0
-3.169619151431763e-17 1.1829179713786698e-16 -1.0 -3.169619151431763e-17 1.1829179713786698e-16 -1.0
-3.9364981230315354e-17 1.15965495210237e-16 -1.0 -3.9364981230315354e-17 1.15965495210237e-16 -1.0
-4.686520405326295e-17 1.1314261122877005e-16 -1.0 -4.686520405326295e-17 1.1314261122877005e-16 -1.0
-5.41647428775775e-17 1.0983523321605183e-16 -1.0 -5.41647428775775e-17 1.0983523321605183e-16 -1.0
-6.123233995736764e-17 1.0605752387249069e-16 -1.0 -6.123233995736764e-17 1.0605752387249069e-16 -1.0
-6.803773075690052e-17 1.0182565992946027e-16 -1.0 -6.803773075690052e-17 1.0182565992946027e-16 -1.0
-7.455177354798984e-17 9.71577628780522e-17 -1.0 -7.455177354798984e-17 9.71577628780522e-17 -1.0
-8.074657419935019e-17 9.207382137006919e-17 -1.0 -8.074657419935019e-17 9.207382137006919e-17 -1.0
-8.659560562354932e-17 8.659560562354934e-17 -1.0 -8.659560562354932e-17 8.659560562354934e-17 -1.0
-9.207382137006918e-17 8.07465741993502e-17 -1.0 -9.207382137006918e-17 8.07465741993502e-17 -1.0
-9.715776287805219e-17 7.455177354798987e-17 -1.0 -9.715776287805219e-17 7.455177354798987e-17 -1.0
-1.0182565992946024e-16 6.803773075690053e-17 -1.0 -1.0182565992946024e-16 6.803773075690053e-17 -1.0
-1.0605752387249069e-16 6.123233995736765e-17 -1.0 -1.0605752387249069e-16 6.123233995736765e-17 -1.0
-1.098352332160518e-16 5.416474287757757e-17 -1.0 -1.098352332160518e-16 5.416474287757757e-17 -1.0
-1.1314261122877003e-16 4.6865204053263e-17 -1.0 -1.1314261122877003e-16 4.6865204053263e-17 -1.0
-1.1596549521023696e-16 3.936498123031537e-17 -1.0 -1.1596549521023696e-16 3.936498123031537e-17 -1.0
-1.1829179713786696e-16 3.169619151431768e-17 -1.0 -1.1829179713786696e-16 3.169619151431768e-17 -1.0
-1.2011155542966555e-16 2.3891673840167777e-17 -1.0 -1.2011155542966555e-16 2.3891673840167777e-17 -1.0
-1.2141697760125282e-16 1.5984848350717882e-17 -1.0 -1.2141697760125282e-16 1.5984848350717882e-17 -1.0
-1.2220247363447802e-16 8.009573286591546e-18 -1.0 -1.2220247363447802e-16 8.009573286591546e-18 -1.0
-1.2246467991473532e-16 1.4997597826618576e-32 -1.0 -1.2246467991473532e-16 1.4997597826618576e-32 -1.0
-1.2220247363447802e-16 -8.009573286591515e-18 -1.0 -1.2220247363447802e-16 -8.009573286591515e-18 -1.0
-1.2141697760125282e-16 -1.5984848350717854e-17 -1.0 -1.2141697760125282e-16 -1.5984848350717854e-17 -1.0
-1.2011155542966555e-16 -2.3891673840167747e-17 -1.0 -1.2011155542966555e-16 -2.3891673840167747e-17 -1.0
-1.1829179713786698e-16 -3.1696191514317656e-17 -1.0 -1.1829179713786698e-16 -3.1696191514317656e-17 -1.0
-1.15965495210237e-16 -3.936498123031535e-17 -1.0 -1.15965495210237e-16 -3.936498123031535e-17 -1.0
-1.1314261122877005e-16 -4.686520405326297e-17 -1.0 -1.1314261122877005e-16 -4.686520405326297e-17 -1.0
-1.098352332160518e-16 -5.416474287757754e-17 -1.0 -1.098352332160518e-16 -5.416474287757754e-17 -1.0
-1.0605752387249072e-16 -6.123233995736764e-17 -1.0 -1.0605752387249072e-16 -6.123233995736764e-17 -1.0
-1.018256599294603e-16 -6.803773075690047e-17 -1.0 -1.018256599294603e-16 -6.803773075690047e-17 -1.0
-9.71577628780522e-17 -7.455177354798984e-17 -1.0 -9.71577628780522e-17 -7.455177354798984e-17 -1.0
-9.20738213700692e-17 -8.074657419935019e-17 -1.0 -9.20738213700692e-17 -8.074657419935019e-17 -1.0
-8.659560562354938e-17 -8.659560562354928e-17 -1.0 -8.659560562354938e-17 -8.659560562354928e-17 -1.0
-8.074657419935022e-17 -9.207382137006918e-17 -1.0 -8.074657419935022e-17 -9.207382137006918e-17 -1.0
-7.455177354798987e-17 -9.715776287805218e-17 -1.0 -7.455177354798987e-17 -9.715776287805218e-17 -1.0
-6.80377307569005e-17 -1.0182565992946028e-16 -1.0 -6.80377307569005e-17 -1.0182565992946028e-16 -1.0
-6.123233995736771e-17 -1.0605752387249065e-16 -1.0 -6.123233995736771e-17 -1.0605752387249065e-16 -1.0
-5.416474287757753e-17 -1.0983523321605181e-16 -1.0 -5.416474287757753e-17 -1.0983523321605181e-16 -1.0
-4.686520405326295e-17 -1.1314261122877005e-16 -1.0 -4.686520405326295e-17 -1.1314261122877005e-16 -1.0
-3.936498123031538e-17 -1.1596549521023696e-16 -1.0 -3.936498123031538e-17 -1.1596549521023696e-16 -1.0
-3.169619151431763e-17 -1.1829179713786698e-16 -1.0 -3.169619151431763e-17 -1.1829179713786698e-16 -1.0
-2.389167384016784e-17 -1.2011155542966553e-16 -1.0 -2.389167384016784e-17 -1.2011155542966553e-16 -1.0
-1.598484835071784e-17 -1.2141697760125282e-16 -1.0 -1.598484835071784e-17 -1.2141697760125282e-16 -1.0
-8.009573286591498e-18 -1.2220247363447802e-16 -1.0 -8.009573286591498e-18 -1.2220247363447802e-16 -1.0
-2.2496396739927864e-32 -1.2246467991473532e-16 -1.0 -2.2496396739927864e-32 -1.2246467991473532e-16 -1.0
8.009573286591455e-18 -1.2220247363447804e-16 -1.0 8.009573286591455e-18 -1.2220247363447804e-16 -1.0
1.5984848350717793e-17 -1.2141697760125282e-16 -1.0 1.5984848350717793e-17 -1.2141697760125282e-16 -1.0
2.3891673840167793e-17 -1.2011155542966555e-16 -1.0 2.3891673840167793e-17 -1.2011155542966555e-16 -1.0
3.1696191514317594e-17 -1.1829179713786698e-16 -1.0 3.1696191514317594e-17 -1.1829179713786698e-16 -1.0
3.936498123031534e-17 -1.15965495210237e-16 -1.0 3.936498123031534e-17 -1.15965495210237e-16 -1.0
4.6865204053262906e-17 -1.1314261122877005e-16 -1.0 4.6865204053262906e-17 -1.1314261122877005e-16 -1.0
5.4164742877577485e-17 -1.0983523321605184e-16 -1.0 5.4164742877577485e-17 -1.0983523321605184e-16 -1.0
6.123233995736767e-17 -1.0605752387249068e-16 -1.0 6.123233995736767e-17 -1.0605752387249068e-16 -1.0
6.803773075690046e-17 -1.018256599294603e-16 -1.0 6.803773075690046e-17 -1.018256599294603e-16 -1.0
7.455177354798974e-17 -9.715776287805228e-17 -1.0 7.455177354798974e-17 -9.715776287805228e-17 -1.0
8.074657419935022e-17 -9.207382137006917e-17 -1.0 8.074657419935022e-17 -9.207382137006917e-17 -1.0
8.65956056235493e-17 -8.659560562354935e-17 -1.0 8.65956056235493e-17 -8.659560562354935e-17 -1.0
9.20738213700692e-17 -8.074657419935018e-17 -1.0 9.20738213700692e-17 -8.074657419935018e-17 -1.0
9.715776287805218e-17 -7.455177354798987e-17 -1.0 9.715776287805218e-17 -7.455177354798987e-17 -1.0
1.0182565992946022e-16 -6.80377307569006e-17 -1.0 1.0182565992946022e-16 -6.80377307569006e-17 -1.0
1.0605752387249065e-16 -6.123233995736771e-17 -1.0 1.0605752387249065e-16 -6.123233995736771e-17 -1.0
1.0983523321605181e-16 -5.4164742877577534e-17 -1.0 1.0983523321605181e-16 -5.4164742877577534e-17 -1.0
1.1314261122877005e-16 -4.6865204053262955e-17 -1.0 1.1314261122877005e-16 -4.6865204053262955e-17 -1.0
1.1596549521023696e-16 -3.936498123031539e-17 -1.0 1.1596549521023696e-16 -3.936498123031539e-17 -1.0
1.1829179713786696e-16 -3.169619151431775e-17 -1.0 1.1829179713786696e-16 -3.169619151431775e-17 -1.0
1.2011155542966553e-16 -2.3891673840167845e-17 -1.0 1.2011155542966553e-16 -2.3891673840167845e-17 -1.0
1.2141697760125282e-16 -1.5984848350717845e-17 -1.0 1.2141697760125282e-16 -1.5984848350717845e-17 -1.0
1.2220247363447802e-16 -8.009573286591508e-18 -1.0 1.2220247363447802e-16 -8.009573286591508e-18 -1.0
3 1 96 97
3 2 97 98
3 3 98 99
3 4 99 100
3 5 100 101
3 6 101 102
3 7 102 103
3 8 103 104
3 9 104 105
3 10 105 106
3 11 106 107
3 12 107 108
3 13 108 109
3 14 109 110
3 15 110 111
3 16 111 112
3 17 112 113
3 18 113 114
3 19 114 115
3 20 115 116
3 21 116 117
3 22 117 118
3 23 118 119
3 24 119 120
3 25 120 121
3 26 121 122
3 27 122 123
3 28 123 124
3 29 124 125
3 30 125 126
3 31 126 127
3 32 127 128
3 33 128 129
3 34 129 130
3 35 130 131
3 36 131 132
3 37 132 133
3 38 133 134
3 39 134 135
3 40 135 136
3 41 136 137
3 42 137 138
3 43 138 139
3 44 139 140
3 45 140 141
3 46 141 142
3 47 142 143
3 48 143 144
3 49 144 145
3 50 145 146
3 51 146 147
3 52 147 148
3 53 148 149
3 54 149 150
3 55 150 151
3 56 151 152
3 57 152 153
3 58 153 154
3 59 154 155
3 60 155 156
3 61 156 157
3 62 157 158
3 63 158 159
3 64 159 160
3 65 160 161
3 66 161 162
3 67 162 163
3 68 163 164
3 69 164 165
3 70 165 166
3 71 166 167
3 72 167 168
3 73 168 169
3 74 169 170
3 75 170 171
3 76 171 172
3 77 172 173
3 78 173 174
3 79 174 175
3 80 175 176
3 81 176 177
3 82 177 178
3 83 178 179
3 84 179 180
3 85 180 181
3 86 181 182
3 87 182 183
3 88 183 184
3 89 184 185
3 90 185 186
3 91 186 187
3 92 187 188
3 93 188 189
3 94 189 190
3 95 190 191
3 0 191 96
3 96 192 97
3 97 192 193
3 97 193 98
3 98 193 194
3 98 194 99
3 99 194 195
3 99 195 100
3 100 195 196
3 100 196 101
3 101 196 197
3 101 197 102
3 102 197 198
3 102 198 103
3 103 198 199
3 103 199 104
3 104 199 200
3 104 200 105
3 105 200 201
3 105 201 106
3 106 201 202
3 106 202 107
3 107 202 203
3 107 203 108
3 108 203 204
3 108 204 109
3 109 204 205
3 109 205 110
3 110 205 206
3 110 206 111
3 111 206 207
3 111 207 112
3 112 207 208
3 112 208 113
3 113 208 209
3 113 209 114
3 114 209 210
3 114 210 115
3 115 210 211
3 115 211 116
3 116 211 212
3 116 212 117
3 117 212 213
3 117 213 118
3 118 213 214
3 118 214 119
3 119 214 215
3 119 215 120
3 120 215 216
3 120 216 121
3 121 216 217
3 121 217 122
3 122 217 218
3 122 218 123
3 123 218 219
3 123 219 124
3 124 219 220
3 124 220 125
3 125 220 221
3 125 221 126
3 126 221 222
3 126 222 127
3 127 222 223
3 127 223 128
3 128 223 224
3 128 224 129
3 129 224 225
3 129 225 130
3 130 225 226
3 130 226 131
3 131 226 227
3 131 227 132
3 132 227 228
3 132 228 133
3 133 228 229
3 133 229 134
3 134 229 230
3 134 230 135
3 135 230 231
3 135 231 136
3 136 231 232
3 136 232 137
3 137 232 233
3 137 233 138
3 138 233 234
3 138 234 139
3 139 234 235
3 139 235 140
3 140 235 236
3 140 236 141
3 141 236 237
3 141 237 142
3 142 237 238
3 142 238 143
3 143 238 239
3 143 239 144
3 144 239 240
3 144 240 145
3 145 240 241
3 145 241 146
3 146 241 242
3 146 242 147
3 147 242 243
3 147 243 148
3 148 243 244
3 148 244 149
3 149 244 245
3 149 245 150
3 150 245 246
3 150 246 151
3 151 246 247
3 151 247 152
3 152 247 248
3 152 248 153
3 153 248 249
3 153 249 154
3 154 249 250
3 154 250 155
3 155 250 251
3 155 251 156
3 156 251 252
3 156 252 157
3 157 252 253
3 157 253 158
3 158 253 254
3 158 254 159
3 159 254 255
3 159 255 160
3 160 255 256
3 160 256 161
3 161 256 257
3 161 257 162
3 162 257 258
3 162 258 163
3 163 258 259
3 163 259 164
3 164 259 260
3 164 260 165
3 165 260 261
3 165 261 166
3 166 261 262
3 166 262 167
3 167 262 263
3 167 263 168
3 168 263 264
3 168 264 169
3 169 264 265
3 169 265 170
3 170 265 266
3 170 266 171
3 171 266 267
3 171 267 172
3 172 267 268
3 172 268 173
3 173 268 269
3 173 269 174
3 174 269 270
3 174 270 175
3 175 270 271
3 175 271 176
3 176 271 272
3 176 272 177
3 177 272 273
3 177 273 178
3 178 273 274
3 178 274 179
3 179 274 275
3 179 275 180
3 180 275 276
3 180 276 181
3 181 276 277
3 181 277 182
3 182 277 278
3 182 278 183
3 183 278 279
3 183 279 184
3 184 279 280
3 184 280 185
3 185 280 281
3 185 281 186
3 186 281 282
3 186 282 187
3 187 282 283
3 187 283 188
3 188 283 284
3 188 284 189
3 189 284 285
3 189 285 190
3 190 285 286
3 190 286 191
3 191 286 287
3 191 287 96
3 96 287 192
3 192 288 193
3 193 288 289
3 193 289 194
3 194 289 290
3 194 290 195
3 195 290 291
3 195 291 196
3 196 291 292
3 196 292 197
3 197 292 293
3 197 293 198
3 198 293 294
3 198 294 199
3 199 294 295
3 199 295 200
3 200 295 296
3 200 296 201
3 201 296 297
3 201 297 202
3 202 297 298
3 202 298 203
3 203 298 299
3 203 299 204
3 204 299 300
3 204 300 205
3 205 300 301
3 205 301 206
3 206 301 302
3 206 302 207
3 207 302 303
3 207 303 208
3 208 303 304
3 208 304 209
3 209 304 305
3 209 305 210
3 210 305 306
3 210 306 211
3 211 306 307
3 211 307 212
3 212 307 308
3 212 308 213
3 213 308 309
3 213 309 214
3 214 309 310
3 214 310 215
3 215 310 311
3 215 311 216
3 216 311 312
3 216 312 217
3 217 312 313
3 217 313 218
3 218 313 314
3 218 314 219
3 219 314 315
3 219 315 220
3 220 315 316
3 220 316 221
3 221 316 317
3 221 317 222
3 222 317 318
3 222 318 223
3 223 318 319
3 223 319 224
3 224 319 320
3 224 320 225
3 225 320 321
3 225 321 226
3 226 321 322
3 226 322 227
3 227 322 323
3 227 323 228
3 228 323 324
3 228 324 229
3 229 324 325
3 229 325 230
3 230 325 326
3 230 326 231
3 231 326 327
3 231 327 232
3 232 327 328
3 232 328 233
3 233 328 329
3 233 329 234
3 234 329 330
3 234 330 235
3 235 330 331
3 235 331 236
3 236 331 332
3 236 332 237
3 237 332 333
3 237 333 238
3 238 333 334
3 238 334 239
3 239 334 335
3 239 335 240
3 240 335 336
3 240 336 241
3 241 336 337
3 241 337 242
3 242 337 338
3 242 338 243
3 243 338 339
3 243 339 244
3 244 339 340
3 244 340 245
3 245 340 341
3 245 341 246
3 246 341 342
3 246 342 247
3 247 342 343
3 247 343 248
3 248 343 344
3 248 344 249
3 249 344 345
3 249 345 250
3 250 345 346
3 250 346 251
3 251 346 347
3 251 347 252
3 252 347 348
3 252 348 253
3 253 348 349
3 253 349 254
3 254 349 350
3 254 350 255
3 255 350 351
3 255 351 256
3 256 351 352
3 256 352 257
3 257 352 353
3 257 353 258
3 258 353 354
3 258 354 259
3 259 354 355
3 259 355 260
3 260 355 356
3 260 356 261
3 261 356 357
3 261 357 262
3 262 357 358
3 262 358 263
3 263 358 359
3 263 359 264
3 264 359 360
3 264 360 265
3 265 360 361
3 265 361 266
3 266 361 362
3 266 362 267
3 267 362 363
3 267 363 268
3 268 363 364
3 268 364 269
3 269 364 365
3 269 365 270
3 270 365 366
3 270 366 271
3 271 366 367
3 271 367 272
3 272 367 368
3 272 368 273
3 273 368 369
3 273 369 274
3 274 369 370
3 274 370 275
3 275 370 371
3 275 371 276
3 276 371 372
3 276 372 277
3 277 372 373
3 277 373 278
3 278 373 374
3 278 374 279
3 279 374 375
3 279 375 280
3 280 375 376
3 280 376 281
3 281 376 377
3 281 377 282
3 282 377 378
3 282 378 283
3 283 378 379
3 283 379 284
3 284 379 380
3 284 380 285
3 285 380 381
3 285 381 286
3 286 381 382
3 286 382 287
3 287 382 383
3 287 383 192
3 192 383 288
3 288 384 289
3 289 384 385
3 289 385 290
3 290 385 386
3 290 386 291
3 291 386 387
3 291 387 292
3 292 387 388
3 292 388 293
3 293 388 389
3 293 389 294
3 294 389 390
3 294 390 295
3 295 390 391
3 295 391 296
3 296 391 392
3 296 392 297
3 297 392 393
3 297 393 298
3 298 393 394
3 298 394 299
3 299 394 395
3 299 395 300
3 300 395 396
3 300 396 301
3 301 396 397
3 301 397 302
3 302 397 398
3 302 398 303
3 303 398 399
3 303 399 304
3 304 399 400
3 304 400 305
3 305 400 401
3 305 401 306
3 306 401 402
3 306 402 307
3 307 402 403
3 307 403 308
3 308 403 404
3 308 404 309
3 309 404 405
3 309 405 310
3 310 405 406
3 310 406 311
3 311 406 407
3 311 407 312
3 312 407 408
3 312 408 313
3 313 408 409
3 313 409 314
3 314 409 410
3 314 410 315
3 315 410 411
3 315 411 316
3 316 411 412
3 316 412 317
3 317 412 413
3 317 413 318
3 318 413 414
3 318 414 319
3 319 414 415
3 319 415 320
3 320 415 416
3 320 416 321
3 321 416 417
3 321 417 322
3 322 417 418
3 322 418 323
3 323 418 419
3 323 419 324
3 324 419 420
3 324 420 325
3 325 420 421
3 325 421 326
3 326 421 422
3 326 422 327
3 327 422 423
3 327 423 328
3 328 423 424
3 328 424 329
3 329 424 425
3 329 425 330
3 330 425 426
3 330 426 331
3 331 426 427
3 331 427 332
3 332 427 428
3 332 428 333
3 333 428 429
3 333 429 334
3 334 429 430
3 334 430 335
3 335 430 431
3 335 431 336
3 336 431 432
3 336 432 337
3 337 432 433
3 337 433 338
3 338 433 434
3 338 434 339
3 339 434 435
3 339 435 340
3 340 435 436
3 340 436 341
3 341 436 437
3 341 437 342
3 342 437 438
3 342 438 343
3 343 438 439
3 343 439 344
3 344 439 440
3 344 440 345
3 345 440 441
3 345 441 346
3 346 441 442
3 346 442 347
3 347 442 443
3 347 443 348
3 348 443 444
3 348 444 349
3 349 444 445
3 349 445 350
3 350 445 446
3 350 446 351
3 351 446 447
3 351 447 352
3 352 447 448
3 352 448 353
3 353 448 449
3 353 449 354
3 354 449 450
3 354 450 355
3 355 450 451
3 355 451 356
3 356 451 452
3 356 452 357
3 357 452 453
3 357 453 358
3 358 453 454
3 358 454 359
3 359 454 455
3 359 455 360
3 360 455 456
3 360 456 361
3 361 456 457
3 361 457 362
3 362 457 458
3 362 458 363
3 363 458 459
3 363 459 364
3 364 459 460
3 364 460 365
3 365 460 461
3 365 461 366
3 366 461 462
3 366 462 367
3 367 462 463
3 367 463 368
3 368 463 464
3 368 464 369
3 369 464 465
3 369 465 370
3 370 465 466
3 370 466 371
3 371 466 467
3 371 467 372
3 372 467 468
3 372 468 373
3 373 468 469
3 373 469 374
3 374 469 470
3 374 470 375
3 375 470 471
3 375 471 376
3 376 471 472
3 376 472 377
3 377 472 473
3 377 473 378
3 378 473 474
3 378 474 379
3 379 474 475
3 379 475 380
3 380 475 476
3 380 476 381
3 381 476 477
3 381 477 382
3 382 477 478
3 382 478 383
3 383 478 479
3 383 479 288
3 288 479 384
3 384 480 385
3 385 480 481
3 385 481 386
3 386 481 482
3 386 482 387
3 387 482 483
3 387 483 388
3 388 483 484
3 388 484 389
3 389 484 485
3 389 485 390
3 390 485 486
3 390 486 391
3 391 486 487
3 391 487 392
3 392 487 488
3 392 488 393
3 393 488 489
3 393 489 394
3 394 489 490
3 394 490 395
3 395 490 491
3 395 491 396
3 396 491 492
3 396 492 397
3 397 492 493
3 397 493 398
3 398 493 494
3 398 494 399
3 399 494 495
3 399 495 400
3 400 495 496
3 400 496 401
3 401 496 497
3 401 497 402
3 402 497 498
3 402 498 403
3 403 498 499
3 403 499 404
3 404 499 500
3 404 500 405
3 405 500 501
3 405 501 406
3 406 501 502
3 406 502 407
3 407 502 503
3 407 503 408
3 408 503 504
3 408 504 409
3 409 504 505
3 409 505 410
3 410 505 506
3 410 506 411
3 411 506 507
3 411 507 412
3 412 507 508
3 412 508 413
3 413 508 509
3 413 509 414
3 414 509 510
3 414 510 415
3 415 510 511
3 415 511 416
3 416 511 512
3 416 512 417
3 417 512 513
3 417 513 418
3 418 513 514
3 418 514 419
3 419 514 515
3 419 515 420
3 420 515 516
3 420 516 421
3 421 516 517
3 421 517 422
3 422 517 518
3 422 518 423
3 423 518 519
3 423 519 424
3 424 519 520
3 424 520 425
3 425 520 521
3 425 521 426
3 426 521 522
3 426 522 427
3 427 522 523
3 427 523 428
3 428 523 524
3 428 524 429
3 429 524 525
3 429 525 430
3 430 525 526
3 430 526 431
3 431 526 527
3 431 527 432
3 432 527 528
3 432 528 433
3 433 528 529
3 433 529 434
3 434 529 530
3 434 530 435
3 435 530 531
3 435 531 436
3 436 531 532
3 436 532 437
3 437 532 533
3 437 533 438
3 438 533 534
3 438 534 439
3 439 534 535
3 439 535 440
3 440 535 536
3 440 536 441
3 441 536 537
3 441 537 442
3 442 537 538
3 442 538 443
3 443 538 539
3 443 539 444
3 444 539 540
3 444 540 445
3 445 540 541
3 445 541 446
3 446 541 542
3 446 542 447
3 447 542 543
3 447 543 448
3 448 543 544
3 448 544 449
3 449 544 545
3 449 545 450
3 450 545 546
3 450 546 451
3 451 546 547
3 451 547 452
3 452 547 548
3 452 548 453
3 453 548 549
3 453 549 454
3 454 549 550
3 454 550 455
3 455 550 551
3 455 551 456
3 456 551 552
3 456 552 457
3 457 552 553
3 457 553 458
3 458 553 554
3 458 554 459
3 459 554 555
3 459 555 460
3 460 555 556
3 460 556 461
3 461 556 557
3 461 557 462
3 462 557 558
3 462 558 463
3 463 558 559
3 463 559 464
3 464 559 560
3 464 560 465
3 465 560 561
3 465 561 466
3 466 561 562
3 466 562 467
3 467 562 563
3 467 563 468
3 468 563 564
3 468 564 469
3 469 564 565
3 469 565 470
3 470 565 566
3 470 566 471
3 471 566 567
3 471 567 472
3 472 567 568
3 472 568 473
3 473 568 569
3 473 569 474
3 474 569 570
3 474 570 475
3 475 570 571
3 475 571 476
3 476 571 572
3 476 572 477
3 477 572 573
3 477 573 478
3 478 573 574
3 478 574 479
3 479 574 575
3 479 575 384
3 384 575 480
3 480 576 481
3 481 576 577
3 481 577 482
3 482 577 578
3 482 578 483
3 483 578 579
3 483 579 484
3 484 579 580
3 484 580 485
3 485 580 581
3 485 581 486
3 486 581 582
3 486 582 487
3 487 582 583
3 487 583 488
3 488 583 584
3 488 584 489
3 489 584 585
3 489 585 490
3 490 585 586
3 490 586 491
3 491 586 587
3 491 587 492
3 492 587 588
3 492 588 493
3 493 588 589
3 493 589 494
3 494 589 590
3 494 590 495
3 495 590 591
3 495 591 496
3 496 591 592
3 496 592 497
3 497 592 593
3 497 593 498
3 498 593 594
3 498 594 499
3 499 594 595
3 499 595 500
3 500 595 596
3 500 596 501
3 501 596 597
3 501 597 502
3 502 597 598
3 502 598 503
3 503 598 599
3 503 599 504
3 504 599 600
3 504 600 505
3 505 600 601
3 505 601 506
3 506 601 602
3 506 602 507
3 507 602 603
3 507 603 508
3 508 603 604
3 508 604 509
3 509 604 605
3 509 605 510
3 510 605 606
3 510 606 511
3 511 606 607
3 511 607 512
3 512 607 608
3 512 608 513
3 513 608 609
3 513 609 514
3 514 609 610
3 514 610 515
3 515 610 611
3 515 611 516
3 516 611 612
3 516 612 517
3 517 612 613
3 517 613 518
3 518 613 614
3 518 614 519
3 519 614 615
3 519 615 520
3 520 615 616
3 520 616 521
3 521 616 617
3 521 617 522
3 522 617 618
3 522 618 523
3 523 618 619
3 523 619 524
3 524 619 620
3 524 620 525
3 525 620 621
3 525 621 526
3 526 621 622
3 526 622 527
3 527 622 623
3 527 623 528
3 528 623 624
3 528 624 529
3 529 624 625
3 529 625 530
3 530 625 626
3 530 626 531
3 531 626 627
3 531 627 532
3 532 627 628
3 532 628 533
3 533 628 629
3 533 629 534
3 534 629 630
3 534 630 535
3 535 630 631
3 535 631 536
3 536 631 632
3 536 632 537
3 537 632 633
3 537 633 538
3 538 633 634
3 538 634 539
3 539 634 635
3 539 635 540
3 540 635 636
3 540 636 541
3 541 636 637
3 541 637 542
3 542 637 638
3 542 638 543
3 543 638 639
3 543 639 544
3 544 639 640
3 544 640 545
3 545 640 641
3 545 641 546
3 546 641 642
3 546 642 547
3 547 642 643
3 547 643 548
3 548 643 644
3 548 644 549
3 549 644 645
3 549 645 550
3 550 645 646
3 550 646 551
3 551 646 647
3 551 647 552
3 552 647 648
3 552 648 553
3 553 648 649
3 553 649 554
3 554 649 650
3 554 650 555
3 555 650 651
3 555 651 556
3 556 651 652
3 556 652 557
3 557 652 653
3 557 653 558
3 558 653 654
3 558 654 559
3 559 654 655
3 559 655 560
3 560 655 656
3 560 656 561
3 561 656 657
3 561 657 562
3 562 657 658
3 562 658 563
3 563 658 659
3 563 659 564
3 564 659 660
3 564 660 565
3 565 660 661
3 565 661 566
3 566 661 662
3 566 662 567
3 567 662 663
3 567 663 568
3 568 663 664
3 568 664 569
3 569 664 665
3 569 665 570
3 570 665 666
3 570 666 571
3 571 666 667
3 571 667 572
3 572 667 668
3 572 668 573
3 573 668 669
3 573 669 574
3 574 669 670
3 574 670 575
3 575 670 671
3 575 671 480
3 480 671 576
3 576 672 577
3 577 672 673
3 577 673 578
3 578 673 674
3 578 674 579
3 579 674 675
3 579 675 580
3 580 675 676
3 580 676 581
3 581 676 677
3 581 677 582
3 582 677 678
3 582 678 583
3 583 678 679
3 583 679 584
3 584 679 680
3 584 680 585
3 585 680 681
3 585 681 586
3 586 681 682
3 586 682 587
3 587 682 683
3 587 683 588
3 588 683 684
3 588 684 589
3 589 684 685
3 589 685 590
3 590 685 686
3 590 686 591
3 591 686 687
3 591 687 592
3 592 687 688
3 592 688 593
3 593 688 689
3 593 689 594
3 594 689 690
3 594 690 595
3 595 690 691
3 595 691 596
3 596 691 692
3 596 692 597
3 597 692 693
3 597 693 598
3 598 693 694
3 598 694 599
3 599 694 695
3 599 695 600
3 600 695 696
3 600 696 601
3 601 696 697
3 601 697 602
3 602 697 698
3 602 698 603
3 603 698 699
3 603 699 604
3 604 699 700
3 604 700 605
3 605 700 701
3 605 701 606
3 606 701 702
3 606 702 607
3 607 702 703
3 607 703 608
3 608 703 704
3 608 704 609
3 609 704 705
3 609 705 610
3 610 705 706
3 610 706 611
3 611 706 707
3 611 707 612
3 612 707 708
3 612 708 613
3 613 708 709
3 613 709 614
3 614 709 710
3 614 710 615
3 615 710 711
3 615 711 616
3 616 711 712
3 616 712 617
3 617 712 713
3 617 713 618
3 618 713 714
3 618 714 619
3 619 714 715
3 619 715 620
3 620 715 716
3 620 716 621
3 621 716 717
3 621 717 622
3 622 717 718
3 622 718 623
3 623 718 719
3 623 719 624
3 624 719 720
3 624 720 625
3 625 720 721
3 625 721 626
3 626 721 722
3 626 722 627
3 627 722 723
3 627 723 628
3 628 723 724
3 628 724 629
3 629 724 725
3 629 725 630
3 630 725 726
3 630 726 631
3 631 726 727
3 631 727 632
3 632 727 728
3 632 728 633
3 633 728 729
3 633 729 634
3 634 729 730
3 634 730 635
3 635 730 731
3 635 731 636
3 636 731 732
3 636 732 637
3 637 732 733
3 637 733 638
3 638 733 734
3 638 734 639
3 639 734 735
3 639 735 640
3 640 735 736
3 640 736 641
3 641 736 737
3 641 737 642
3 642 737 738
3 642 738 643
3 643 738 739
3 643 739 644
3 644 739 740
3 644 740 645
3 645 740 741
3 645 741 646
3 646 741 742
3 646 742 647
3 647 742 743
3 647 743 648
3 648 743 744
3 648 744 649
3 649 744 745
3 649 745 650
3 650 745 746
3 650 746 651
3 651 746 747
3 651 747 652
3 652 747 748
3 652 748 653
3 653 748 749
3 653 749 654
3 654 749 750
3 654 750 655
3 655 750 751
3 655 751 656
3 656 751 752
3 656 752 657
3 657 752 753
3 657 753 658
3 658 753 754
3 658 754 659
3 659 754 755
3 659 755 660
3 660 755 756
3 660 756 661
3 661 756 757
3 661 757 662
3 662 757 758
3 662 758 663
3 663 758 759
3 663 759 664
3 664 759 760
3 664 760 665
3 665 760 761
3 665 761 666
3 666 761 762
3 666 762 667
3 667 762 763
3 667 763 668
3 668 763 764
3 668 764 669
3 669 764 765
3 669 765 670
3 670 765 766
3 670 766 671
3 671 766 767
3 671 767 576
3 576 767 672
3 672 768 673
3 673 768 769
3 673 769 674
3 674 769 770
3 674 770 675
3 675 770 771
3 675 771 676
3 676 771 772
3 676 772 677
3 677 772 773
3 677 773 678
3 678 773 774
3 678 774 679
3 679 774 775
3 679 775 680
3 680 775 776
3 680 776 681
3 681 776 777
3 681 777 682
3 682 777 778
3 682 778 683
3 683 778 779
3 683 779 684
3 684 779 780
3 684 780 685
3 685 780 781
3 685 781 686
3 686 781 782
3 686 782 687
3 687 782 783
3 687 783 688
3 688 783 784
3 688 784 689
3 689 784 785
3 689 785 690
3 690 785 786
3 690 786 691
3 691 786 787
3 691 787 692
3 692 787 788
3 692 788 693
3 693 788 789
3 693 789 694
3 694 789 790
3 694 790 695
3 695 790 791
3 695 791 696
3 696 791 792
3 696 792 697
3 697 792 793
3 697 793 698
3 698 793 794
3 698 794 699
3 699 794 795
3 699 795 700
3 700 795 796
3 700 796 701
3 701 796 797
3 701 797 702
3 702 797 798
3 702 798 703
3 703 798 799
3 703 799 704
3 704 799 800
3 704 800 705
3 705 800 801
3 705 801 706
3 706 801 802
3 706 802 707
3 707 802 803
3 707 803 708
3 708 803 804
3 708 804 709
3 709 804 805
3 709 805 710
3 710 805 806
3 710 806 711
3 711 806 807
3 711 807 712
3 712 807 808
3 712 808 713
3 713 808 809
3 713 809 714
3 714 809 810
3 714 810 715
3 715 810 811
3 715 811 716
3 716 811 812
3 716 812 717
3 717 812 813
3 717 813 718
3 718 813 814
3 718 814 719
3 719 814 815
3 719 815 720
3 720 815 816
3 720 816 721
3 721 816 817
3 721 817 722
3 722 817 818
3 722 818 723
3 723 818 819
3 723 819 724
3 724 819 820
3 724 820 725
3 725 820 821
3 725 821 726
3 726 821 822
3 726 822 727
3 727 822 823
3 727 823 728
3 728 823 824
3 728 824 729
3 729 824 825
3 729 825 730
3 730 825 826
3 730 826 731
3 731 826 827
3 731 827 732
3 732 827 828
3 732 828 733
3 733 828 829
3 733 829 734
3 734 829 830
3 734 830 735
3 735 830 831
3 735 831 736
3 736 831 832
3 736 832 737
3 737 832 833
3 737 833 738
3 738 833 834
3 738 834 739
3 739 834 835
3 739 835 740
3 740 835 836
3 740 836 741
3 741 836 837
3 741 837 742
3 742 837 838
3 742 838 743
3 743 838 839
3 743 839 744
3 744 839 840
3 744 840 745
3 745 840 841
3 745 841 746
3 746 841 842
3 746 842 747
3 747 842 843
3 747 843 748
3 748 843 844
3 748 844 749
3 749 844 845
3 749 845 750
3 750 845 846
3 750 846 751
3 751 846 847
3 751 847 752
3 752 847 848
3 752 848 753
3 753 848 849
3 753 849 754
3 754 849 850
3 754 850 755
3 755 850 851
3 755 851 756
3 756 851 852
3 756 852 757
3 757 852 853
3 757 853 758
3 758 853 854
3 758 854 759
3 759 854 855
3 759 855 760
3 760 855 856
3 760 856 761
3 761 856 857
3 761 857 762
3 762 857 858
3 762 858 763
3 763 858 859
3 763 859 764
3 764 859 860
3 764 860 765
3 765 860 861
3 765 861 766
3 766 861 862
3 766 862 767
3 767 862 863
3 767 863 672
3 672 863 768
3 768 864 769
3 769 864 865
3 769 865 770
3 770 865 866
3 770 866 771
3 771 866 867
3 771 867 772
3 772 867 868
3 772 868 773
3 773 868 869
3 773 869 774
3 774 869 870
3 774 870 775
3 775 870 871
3 775 871 776
3 776 871 872
3 776 872 777
3 777 872 873
3 777 873 778
3 778 873 874
3 778 874 779
3 779 874 875
3 779 875 780
3 780 875 876
3 780 876 781
3 781 876 877
3 781 877 782
3 782 877 878
3 782 878 783
3 783 878 879
3 783 879 784
3 784 879 880
3 784 880 785
3 785 880 881
3 785 881 786
3 786 881 882
3 786 882 787
3 787 882 883
3 787 883 788
3 788 883 884
3 788 884 789
3 789 884 885
3 789 885 790
3 790 885 886
3 790 886 791
3 791 886 887
3 791 887 792
3 792 887 888
3 792 888 793
3 793 888 889
3 793 889 794
3 794 889 890
3 794 890 795
3 795 890 891
3 795 891 796
3 796 891 892
3 796 892 797
3 797 892 893
3 797 893 798
3 798 893 894
3 798 894 799
3 799 894 895
3 799 895 800
3 800 895 896
3 800 896 801
3 801 896 897
3 801 897 802
3 802 897 898
3 802 898 803
3 803 898 899
3 803 899 804
3 804 899 900
3 804 900 805
3 805 900 901
3 805 901 806
3 806 901 902
3 806 902 807
3 807 902 903
3 807 903 808
3 808 903 904
3 808 904 809
3 809 904 905
3 809 905 810
3 810 905 906
3 810 906 811
3 811 906 907
3 811 907 812
3 812 907 908
3 812 908 813
3 813 908 909
3 813 909 814
3 814 909 910
3 814 910 815
3 815 910 911
3 815 911 816
3 816 911 912
3 816 912 817
3 817 912 913
3 817 913 818
3 818 913 914
3 818 914 819
3 819 914 915
3 819 915 820
3 820 915 916
3 820 916 821
3 821 916 917
3 821 917 822
3 822 917 918
3 822 918 823
3 823 918 919
3 823 919 824
3 824 919 920
3 824 920 825
3 825 920 921
3 825 921 826
3 826 921 922
3 826 922 827
3 827 922 923
3 827 923 828
3 828 923 924
3 828 924 829
3 829 924 925
3 829 925 830
3 830 925 926
3 830 926 831
3 831 926 927
3 831 927 832
3 832 927 928
3 832 928 833
3 833 928 929
3 833 929 834
3 834 929 930
3 834 930 835
3 835 930 931
3 835 931 836
3 836 931 932
3 836 932 837
3 837 932 933
3 837 933 838
3 838 933 934
3 838 934 839
3 839 934 935
3 839 935 840
3 840 935 936
3 840 936 841
3 841 936 937
3 841 937 842
3 842 937 938
3 842 938 843
3 843 938 939
3 843 939 844
3 844 939 940
3 844 940 845
3 845 940 941
3 845 941 846
3 846 941 942
3 846 942 847
3 847 942 943
3 847 943 848
3 848 943 944
3 848 944 849
3 849 944 945
3 849 945 850
3 850 945 946
3 850 946 851
3 851 946 947
3 851 947 852
3 852 947 948
3 852 948 853
3 853 948 949
3 853 949 854
3 854 949 950
3 854 950 855
3 855 950 951
3 855 951 856
3 856 951 952
3 856 952 857
3 857 952 953
3 857 953 858
3 858 953 954
3 858 954 859
3 859 954 955
3 859 955 860
3 860 955 956
3 860 956 861
3 861 956 957
3 861 957 862
3 862 957 958
3 862 958 863
3 863 958 959
3 863 959 768
3 768 959 864
3 864 960 865
3 865 960 961
3 865 961 866
3 866 961 962
3 866 962 867
3 867 962 963
3 867 963 868
3 868 963 964
3 868 964 869
3 869 964 965
3 869 965 870
3 870 965 966
3 870 966 871
3 871 966 967
3 871 967 872
3 872 967 968
3 872 968 873
3 873 968 969
3 873 969 874
3 874 969 970
3 874 970 875
3 875 970 971
3 875 971 876
3 876 971 972
3 876 972 877
3 877 972 973
3 877 973 878
3 878 973 974
3 878 974 879
3 879 974 975
3 879 975 880
3 880 975 976
3 880 976 881
3 881 976 977
3 881 977 882
3 882 977 978
3 882 978 883
3 883 978 979
3 883 979 884
3 884 979 980
3 884 980 885
3 885 980 981
3 885 981 886
3 886 981 982
3 886 982 887
3 887 982 983
3 887 983 888
3 888 983 984
3 888 984 889
3 889 984 985
3 889 985 890
3 890 985 986
3 890 986 891
3 891 986 987
3 891 987 892
3 892 987 988
3 892 988 893
3 893 988 989
3 893 989 894
3 894 989 990
3 894 990 895
3 895 990 991
3 895 991 896
3 896 991 992
3 896 992 897
3 897 992 993
3 897 993 898
3 898 993 994
3 898 994 899
3 899 994 995
3 899 995 900
3 900 995 996
3 900 996 901
3 901 996 997
3 901 997 902
3 902 997 998
3 902 998 903
3 903 998 999
3 903 999 904
3 904 999 1000
3 904 1000 905
3 905 1000 1001
3 905 1001 906
3 906 1001 1002
3 906 1002 907
3 907 1002 1003
3 907 1003 908
3 908 1003 1004
3 908 1004 909
3 909 1004 1005
3 909 1005 910
3 910 1005 1006
3 910 1006 911
3 911 1006 1007
3 911 1007 912
3 912 1007 1008
3 912 1008 913
3 913 1008 1009
3 913 1009 914
3 914 1009 1010
3 914 1010 915
3 915 1010 1011
3 915 1011 916
3 916 1011 1012
3 916 1012 917
3 917 1012 1013
3 917 1013 918
3 918 1013 1014
3 918 1014 919
3 919 1014 1015
3 919 1015 920
3 920 1015 1016
3 920 1016 921
3 921 1016 1017
3 921 1017 922
3 922 1017 1018
3 922 1018 923
3 923 1018 1019
3 923 1019 924
3 924 1019 1020
3 924 1020 925
3 925 1020 1021
3 925 1021 926
3 926 1021 1022
3 926 1022 927
3 927 1022 1023
3 927 1023 928
3 928 1023 1024
3 928 1024 929
3 929 1024 1025
3 929 1025 930
3 930 1025 1026
3 930 1026 931
3 931 1026 1027
3 931 1027 932
3 932 1027 1028
3 932 1028 933
3 933 1028 1029
3 933 1029 934
3 934 1029 1030
3 934 1030 935
3 935 1030 1031
3 935 1031 936
3 936 1031 1032
3 936 1032 937
3 937 1032 1033
3 937 1033 938
3 938 1033 1034
3 938 1034 939
3 939 1034 1035
3 939 1035 940
3 940 1035 1036
3 940 1036 941
3 941 1036 1037
3 941 1037 942
3 942 1037 1038
3 942 1038 943
3 943 1038 1039
3 943 1039 944
3 944 1039 1040
3 944 1040 945
3 945 1040 1041
3 945 1041 946
3 946 1041 1042
3 946 1042 947
3 947 1042 1043
3 947 1043 948
3 948 1043 1044
3 948 1044 949
3 949 1044 1045
3 949 1045 950
3 950 1045 1046
3 950 1046 951
3 951 1046 1047
3 951 1047 952
3 952 1047 1048
3 952 1048 953
3 953 1048 1049
3 953 1049 954
3 954 1049 1050
3 954 1050 955
3 955 1050 1051
3 955 1051 956
3 956 1051 1052
3 956 1052 957
3 957 1052 1053
3 957 1053 958
3 958 1053 1054
3 958 1054 959
3 959 1054 1055
3 959 1055 864
3 864 1055 960
3 960 1056 961
3 961 1056 1057
3 961 1057 962
3 962 1057 1058
3 962 1058 963
3 963 1058 1059
3 963 1059 964
3 964 1059 1060
3 964 1060 965
3 965 1060 1061
3 965 1061 966
3 966 1061 1062
3 966 1062 967
3 967 1062 1063
3 967 1063 968
3 968 1063 1064
3 968 1064 969
3 969 1064 1065
3 969 1065 970
3 970 1065 1066
3 970 1066 971
3 971 1066 1067
3 971 1067 972
3 972 1067 1068
3 972 1068 973
3 973 1068 1069
3 973 1069 974
3 974 1069 1070
3 974 1070 975
3 975 1070 1071
3 975 1071 976
3 976 1071 1072
3 976 1072 977
3 977 1072 1073
3 977 1073 978
3 978 1073 1074
3 978 1074 979
3 979 1074 1075
3 979 1075 980
3 980 1075 1076
3 980 1076 981
3 981 1076 1077
3 981 1077 982
3 982 1077 1078
3 982 1078 983
3 983 1078 1079
3 983 1079 984
3 984 1079 1080
3 984 1080 985
3 985 1080 1081
3 985 1081 986
3 986 1081 1082
3 986 1082 987
3 987 1082 1083
3 987 1083 988
3 988 1083 1084
3 988 1084 989
3 989 1084 1085
3 989 1085 990
3 990 1085 1086
3 990 1086 991
3 991 1086 1087
3 991 1087 992
3 992 1087 1088
3 992 1088 993
3 993 1088 1089
3 993 1089 994
3 994 1089 1090
3 994 1090 995
3 995 1090 1091
3 995 1091 996
3 996 1091 1092
3 996 1092 997
3 997 1092 1093
3 997 1093 998
3 998 1093 1094
3 998 1094 999
3 999 1094 1095
3 999 1095 1000
3 1000 1095 1096
3 1000 1096 1001
3 1001 1096 1097
3 1001 1097 1002
3 1002 1097 1098
3 1002 1098 1003
3 1003 1098 1099
3 1003 1099 1004
3 1004 1099 1100
3 1004 1100 1005
3 1005 1100 1101
3 1005 1101 1006
3 1006 1101 1102
3 1006 1102 1007
3 1007 1102 1103
3 1007 1103 1008
3 1008 1103 1104
3 1008 1104 1009
3 1009 1104 1105
3 1009 1105 1010
3 1010 1105 1106
3 1010 1106 1011
3 1011 1106 1107
3 1011 1107 1012
3 1012 1107 1108
3 1012 1108 1013
3 1013 1108 1109
3 1013 1109 1014
3 1014 1109 1110
3 1014 1110 1015
3 1015 1110 1111
3 1015 1111 1016
3 1016 1111 1112
3 1016 1112 1017
3 1017 1112 1113
3 1017 1113 1018
3 1018 1113 1114
3 1018 1114 1019
3 1019 1114 1115
3 1019 1115 1020
3 1020 1115 1116
3 1020 1116 1021
3 1021 1116 1117
3 1021 1117 1022
3 1022 1117 1118
3 1022 1118 1023
3 1023 1118 1119
3 1023 1119 1024
3 1024 1119 1120
3 1024 1120 1025
3 1025 1120 1121
3 1025 1121 1026
3 1026 1121 1122
3 1026 1122 1027
3 1027 1122 1123
3 1027 1123 1028
3 1028 1123 1124
3 1028 1124 1029
3 1029 1124 1125
3 1029 1125 1030
3 1030 1125 1126
3 1030 1126 1031
3 1031 1126 1127
3 1031 1127 1032
3 1032 1127 1128
3 1032 1128 1033
3 1033 1128 1129
3 1033 1129 1034
3 1034 1129 1130
3 1034 1130 1035
3 1035 1130 1131
3 1035 1131 1036
3 1036 1131 1132
3 1036 1132 1037
3 1037 1132 1133
3 1037 1133 1038
3 1038 1133 1134
3 1038 1134 1039
3 1039 1134 1135
3 1039 1135 1040
3 1040 1135 1136
3 1040 1136 1041
3 1041 1136 1137
3 1041 1137 1042
3 1042 1137 1138
3 1042 1138 1043
3 1043 1138 1139
3 1043 1139 1044
3 1044 1139 1140
3 1044 1140 1045
3 1045 1140 1141
3 1045 1141 1046
3 1046 1141 1142
3 1046 1142 1047
3 1047 1142 1143
3 1047 1143 1048
3 1048 1143 1144
3 1048 1144 1049
3 1049 1144 1145
3 1049 1145 1050
3 1050 1145 1146
3 1050 1146 1051
3 1051 1146 1147
3 1051 1147 1052
3 1052 1147 1148
3 1052 1148 1053
3 1053 1148 1149
3 1053 1149 1054
3 1054 1149 1150
3 1054 1150 1055
3 1055 1150 1151
3 1055 1151 960
3 960 1151 1056
3 1056 1152 1057
3 1057 1152 1153
3 1057 1153 1058
3 1058 1153 1154
3 1058 1154 1059
3 1059 1154 1155
3 1059 1155 1060
3 1060 1155 1156
3 1060 1156 1061
3 1061 1156 1157
3 1061 1157 1062
3 1062 1157 1158
3 1062 1158 1063
3 1063 1158 1159
3 1063 1159 1064
3 1064 1159 1160
3 1064 1160 1065
3 1065 1160 1161
3 1065 1161 1066
3 1066 1161 1162
3 1066 1162 1067
3 1067 1162 1163
3 1067 1163 1068
3 1068 1163 1164
3 1068 1164 1069
3 1069 1164 1165
3 1069 1165 1070
3 1070 1165 1166
3 1070 1166 1071
3 1071 1166 1167
3 1071 1167 1072
3 1072 1167 1168
3 1072 1168 1073
3 1073 1168 1169
3 1073 1169 1074
3 1074 1169 1170
3 1074 1170 1075
3 1075 1170 1171
3 1075 1171 1076
3 1076 1171 1172
3 1076 1172 1077
3 1077 1172 1173
3 1077 1173 1078
3 1078 1173 1174
3 1078 1174 1079
3 1079 1174 1175
3 1079 1175 1080
3 1080 1175 1176
3 1080 1176 1081
3 1081 1176 1177
3 1081 1177 1082
3 1082 1177 1178
3 1082 1178 1083
3 1083 1178 1179
3 1083 1179 1084
3 1084 1179 1180
3 1084 1180 1085
3 1085 1180 1181
3 1085 1181 1086
3 1086 1181 1182
3 1086 1182 1087
3 1087 1182 1183
3 1087 1183 1088
3 1088 1183 1184
3 1088 1184 1089
3 1089 1184 1185
3 1089 1185 1090
3 1090 1185 1186
3 1090 1186 1091
3 1091 1186 1187
3 1091 1187 1092
3 1092 1187 1188
3 1092 1188 1093
3 1093 1188 1189
3 1093 1189 1094
3 1094 1189 1190
3 1094 1190 1095
3 1095 1190 1191
3 1095 1191 1096
3 1096 1191 1192
3 1096 1192 1097
3 1097 1192 1193
3 1097 1193 1098
3 1098 1193 1194
3 1098 1194 1099
3 1099 1194 1195
3 1099 1195 1100
3 1100 1195 1196
3 1100 1196 1101
3 1101 1196 1197
3 1101 1197 1102
3 1102 1197 1198
3 1102 1198 1103
3 1103 1198 1199
3 1103 1199 1104
3 1104 1199 1200
3 1104 1200 1105
3 1105 1200 1201
3 1105 1201 1106
3 1106 1201 1202
3 1106 1202 1107
3 1107 1202 1203
3 1107 1203 1108
3 1108 1203 1204
3 1108 1204 1109
3 1109 1204 1205
3 1109 1205 1110
3 1110 1205 1206
3 1110 1206 1111
3 1111 1206 1207
3 1111 1207 1112
3 1112 1207 1208
3 1112 1208 1113
3 1113 1208 1209
3 1113 1209 1114
3 1114 1209 1210
3 1114 1210 1115
3 1115 1210 1211
3 1115 1211 1116
3 1116 1211 1212
3 1116 1212 1117
3 1117 1212 1213
3 1117 1213 1118
3 1118 1213 1214
3 1118 1214 1119
3 1119 1214 1215
3 1119 1215 1120
3 1120 1215 1216
3 1120 1216 1121
3 1121 1216 1217
3 1121 1217 1122
3 1122 1217 1218
3 1122 1218 1123
3 1123 1218 1219
3 1123 1219 1124
3 1124 1219 1220
3 1124 1220 1125
3 1125 1220 1221
3 1125 1221 1126
3 1126 1221 1222
3 1126 1222 1127
3 1127 1222 1223
3 1127 1223 1128
3 1128 1223 1224
3 1128 1224 1129
3 1129 1224 1225
3 1129 1225 1130
3 1130 1225 1226
3 1130 1226 1131
3 1131 1226 1227
3 1131 1227 1132
3 1132 1227 1228
3 1132 1228 1133
3 1133 1228 1229
3 1133 1229 1134
3 1134 1229 1230
3 1134 1230 1135
3 1135 1230 1231
3 1135 1231 1136
3 1136 1231 1232
3 1136 1232 1137
3 1137 1232 1233
3 1137 1233 1138
3 1138 1233 1234
3 1138 1234 1139
3 1139 1234 1235
3 1139 1235 1140
3 1140 1235 1236
3 1140 1236 1141
3 1141 1236 1237
3 1141 1237 1142
3 1142 1237 1238
3 1142 1238 1143
3 1143 1238 1239
3 1143 1239 1144
3 1144 1239 1240
3 1144 1240 1145
3 1145 1240 1241
3 1145 1241 1146
3 1146 1241 1242
3 1146 1242 1147
3 1147 1242 1243
3 1147 1243 1148
3 1148 1243 1244
3 1148 1244 1149
3 1149 1244 1245
3 1149 1245 1150
3 1150 1245 1246
3 1150 1246 1151
3 1151 1246 1247
3 1151 1247 1056
3 1056 1247 1152
3 1152 1248 1153
3 1153 1248 1249
3 1153 1249 1154
3 1154 1249 1250
3 1154 1250 1155
3 1155 1250 1251
3 1155 1251 1156
3 1156 1251 1252
3 1156 1252 1157
3 1157 1252 1253
3 1157 1253 1158
3 1158 1253 1254
3 1158 1254 1159
3 1159 1254 1255
3 1159 1255 1160
3 1160 1255 1256
3 1160 1256 1161
3 1161 1256 1257
3 1161 1257 1162
3 1162 1257 1258
3 1162 1258 1163
3 1163 1258 1259
3 1163 1259 1164
3 1164 1259 1260
3 1164 1260 1165
3 1165 1260 1261
3 1165 1261 1166
3 1166 1261 1262
3 1166 1262 1167
3 1167 1262 1263
3 1167 1263 1168
3 1168 1263 1264
3 1168 1264 1169
3 1169 1264 1265
3 1169 1265 1170
3 1170 1265 1266
3 1170 1266 1171
3 1171 1266 1267
3 1171 1267 1172
3 1172 1267 1268
3 1172 1268 1173
3 1173 1268 1269
3 1173 1269 1174
3 1174 1269 1270
3 1174 1270 1175
3 1175 1270 1271
3 1175 1271 1176
3 1176 1271 1272
3 1176 1272 1177
3 1177 1272 1273
3 1177 1273 1178
3 1178 1273 1274
3 1178 1274 1179
3 1179 1274 1275
3 1179 1275 1180
3 1180 1275 1276
3 1180 1276 1181
3 1181 1276 1277
3 1181 1277 1182
3 1182 1277 1278
3 1182 1278 1183
3 1183 1278 1279
3 1183 1279 1184
3 1184 1279 1280
3 1184 1280 1185
3 1185 1280 1281
3 1185 1281 1186
3 1186 1281 1282
3 1186 1282 1187
3 1187 1282 1283
3 1187 1283 1188
3 1188 1283 1284
3 1188 1284 1189
3 1189 1284 1285
3 1189 1285 1190
3 1190 1285 1286
3 1190 1286 1191
3 1191 1286 1287
3 1191 1287 1192
3 1192 1287 1288
3 1192 1288 1193
3 1193 1288 1289
3 1193 1289 1194
3 1194 1289 1290
3 1194 1290 1195
3 1195 1290 1291
3 1195 1291 1196
3 1196 1291 1292
3 1196 1292 1197
3 1197 1292 1293
3 1197 1293 1198
3 1198 1293 1294
3 1198 1294 1199
3 1199 1294 1295
3 1199 1295 1200
3 1200 1295 1296
3 1200 1296 1201
3 1201 1296 1297
3 1201 1297 1202
3 1202 1297 1298
3 1202 1298 1203
3 1203 1298 1299
3 1203 1299 1204
3 1204 1299 1300
3 1204 1300 1205
3 1205 1300 1301
3 1205 1301 1206
3 1206 1301 1302
3 1206 1302 1207
3 1207 1302 1303
3 1207 1303 1208
3 1208 1303 1304
3 1208 1304 1209
3 1209 1304 1305
3 1209 1305 1210
3 1210 1305 1306
3 1210 1306 1211
3 1211 1306 1307
3 1211 1307 1212
3 1212 1307 1308
3 1212 1308 1213
3 1213 1308 1309
3 1213 1309 1214
3 1214 1309 1310
3 1214 1310 1215
3 1215 1310 1311
3 1215 1311 1216
3 1216 1311 1312
3 1216 1312 1217
3 1217 1312 1313
3 1217 1313 1218
3 1218 1313 1314
3 1218 1314 1219
3 1219 1314 1315
3 1219 1315 1220
3 1220 1315 1316
3 1220 1316 1221
3 1221 1316 1317
3 1221 1317 1222
3 1222 1317 1318
3 1222 1318 1223
3 1223 1318 1319
3 1223 1319 1224
3 1224 1319 1320
3 1224 1320 1225
3 1225 1320 1321
3 1225 1321 1226
3 1226 1321 1322
3 1226 1322 1227
3 1227 1322 1323
3 1227 1323 1228
3 1228 1323 1324
3 1228 1324 1229
3 1229 1324 1325
3 1229 1325 1230
3 1230 1325 1326
3 1230 1326 1231
3 1231 1326 1327
3 1231 1327 1232
3 1232 1327 1328
3 1232 1328 1233
3 1233 1328 1329
3 1233 1329 1234
3 1234 1329 1330
3 1234 1330 1235
3 1235 1330 1331
3 1235 1331 1236
3 1236 1331 1332
3 1236 1332 1237
3 1237 1332 1333
3 1237 1333 1238
3 1238 1333 1334
3 1238 1334 1239
3 1239 1334 1335
3 1239 1335 1240
3 1240 1335 1336
3 1240 1336 1241
3 1241 1336 1337
3 1241 1337 1242
3 1242 1337 1338
3 1242 1338 1243
3 1243 1338 1339
3 1243 1339 1244
3 1244 1339 1340
3 1244 1340 1245
3 1245 1340 1341
3 1245 1341 1246
3 1246 1341 1342
3 1246 1342 1247
3 1247 1342 1343
3 1247 1343 1152
3 1152 1343 1248
3 1248 1344 1249
3 1249 1344 1345
3 1249 1345 1250
3 1250 1345 1346
3 1250 1346 1251
3 1251 1346 1347
3 1251 1347 1252
3 1252 1347 1348
3 1252 1348 1253
3 1253 1348 1349
3 1253 1349 1254
3 1254 1349 1350
3 1254 1350 1255
3 1255 1350 1351
3 1255 1351 1256
3 1256 1351 1352
3 1256 1352 1257
3 1257 1352 1353
3 1257 1353 1258
3 1258 1353 1354
3 1258 1354 1259
3 1259 1354 1355
3 1259 1355 1260
3 1260 1355 1356
3 1260 1356 1261
3 1261 1356 1357
3 1261 1357 1262
3 1262 1357 1358
3 1262 1358 1263
3 1263 1358 1359
3 1263 1359 1264
3 1264 1359 1360
3 1264 1360 1265
3 1265 1360 1361
3 1265 1361 1266
3 1266 1361 1362
3 1266 1362 1267
3 1267 1362 1363
3 1267 1363 1268
3 1268 1363 1364
3 1268 1364 1269
3 1269 1364 1365
3 1269 1365 1270
3 1270 1365 1366
3 1270 1366 1271
3 1271 1366 1367
3 1271 1367 1272
3 1272 1367 1368
3 1272 1368 1273
3 1273 1368 1369
3 1273 1369 1274
3 1274 1369 1370
3 1274 1370 1275
3 1275 1370 1371
3 1275 1371 1276
3 1276 1371 1372
3 1276 1372 1277
3 1277 1372 1373
3 1277 1373 1278
3 1278 1373 1374
3 1278 1374 1279
3 1279 1374 1375
3 1279 1375 1280
3 1280 1375 1376
3 1280 1376 1281
3 1281 1376 1377
3 1281 1377 1282
3 1282 1377 1378
3 1282 1378 1283
3 1283 1378 1379
3 1283 1379 1284
3 1284 1379 1380
3 1284 1380 1285
3 1285 1380 1381
3 1285 1381 1286
3 1286 1381 1382
3 1286 1382 1287
3 1287 1382 1383
3 1287 1383 1288
3 1288 1383 1384
3 1288 1384 1289
3 1289 1384 1385
3 1289 1385 1290
3 1290 1385 1386
3 1290 1386 1291
3 1291 1386 1387
3 1291 1387 1292
3 1292 1387 1388
3 1292 1388 1293
3 1293 1388 1389
3 1293 1389 1294
3 1294 1389 1390
3 1294 1390 1295
3 1295 1390 1391
3 1295 1391 1296
3 1296 1391 1392
3 1296 1392 1297
3 1297 1392 1393
3 1297 1393 1298
3 1298 1393 1394
3 1298 1394 1299
3 1299 1394 1395
3 1299 1395 1300
3 1300 1395 1396
3 1300 1396 1301
3 1301 1396 1397
3 1301 1397 1302
3 1302 1397 1398
3 1302 1398 1303
3 1303 1398 1399
3 1303 1399 1304
3 1304 1399 1400
3 1304 1400 1305
3 1305 1400 1401
3 1305 1401 1306
3 1306 1401 1402
3 1306 1402 1307
3 1307 1402 1403
3 1307 1403 1308
3 1308 1403 1404
3 1308 1404 1309
3 1309 1404 1405
3 1309 1405 1310
3 1310 1405 1406
3 1310 1406 1311
3 1311 1406 1407
3 1311 1407 1312
3 1312 1407 1408
3 1312 1408 1313
3 1313 1408 1409
3 1313 1409 1314
3 1314 1409 1410
3 1314 1410 1315
3 1315 1410 1411
3 1315 1411 1316
3 1316 1411 1412
3 1316 1412 1317
3 1317 1412 1413
3 1317 1413 1318
3 1318 1413 1414
3 1318 1414 1319
3 1319 1414 1415
3 1319 1415 1320
3 1320 1415 1416
3 1320 1416 1321
3 1321 1416 1417
3 1321 1417 1322
3 1322 1417 1418
3 1322 1418 1323
3 1323 1418 1419
3 1323 1419 1324
3 1324 1419 1420
3 1324 1420 1325
3 1325 1420 1421
3 1325 1421 1326
3 1326 1421 1422
3 1326 1422 1327
3 1327 1422 1423
3 1327 1423 1328
3 1328 1423 1424
3 1328 1424 1329
3 1329 1424 1425
3 1329 1425 1330
3 1330 1425 1426
3 1330 1426 1331
3 1331 1426 1427
3 1331 1427 1332
3 1332 1427 1428
3 1332 1428 1333
3 1333 1428 1429
3 1333 1429 1334
3 1334 1429 1430
3 1334 1430 1335
3 1335 1430 1431
3 1335 1431 1336
3 1336 1431 1432
3 1336 1432 1337
3 1337 1432 1433
3 1337 1433 1338
3 1338 1433 1434
3 1338 1434 1339
3 1339 1434 1435
3 1339 1435 1340
3 1340 1435 1436
3 1340 1436 1341
3 1341 1436 1437
3 1341 1437 1342
3 1342 1437 1438
3 1342 1438 1343
3 1343 1438 1439
3 1343 1439 1248
3 1248 1439 1344
3 1344 1440 1345
3 1345 1440 1441
3 1345 1441 1346
3 1346 1441 1442
3 1346 1442 1347
3 1347 1442 1443
3 1347 1443 1348
3 1348 1443 1444
3 1348 1444 1349
3 1349 1444 1445
3 1349 1445 1350
3 1350 1445 1446
3 1350 1446 1351
3 1351 1446 1447
3 1351 1447 1352
3 1352 1447 1448
3 1352 1448 1353
3 1353 1448 1449
3 1353 1449 1354
3 1354 1449 1450
3 1354 1450 1355
3 1355 1450 1451
3 1355 1451 1356
3 1356 1451 1452
3 1356 1452 1357
3 1357 1452 1453
3 1357 1453 1358
3 1358 1453 1454
3 1358 1454 1359
3 1359 1454 1455
3 1359 1455 1360
3 1360 1455 1456
3 1360 1456 1361
3 1361 1456 1457
3 1361 1457 1362
3 1362 1457 1458
3 1362 1458 1363
3 1363 1458 1459
3 1363 1459 1364
3 1364 1459 1460
3 1364 1460 1365
3 1365 1460 1461
3 1365 1461 1366
3 1366 1461 1462
3 1366 1462 1367
3 1367 1462 1463
3 1367 1463 1368
3 1368 1463 1464
3 1368 1464 1369
3 1369 1464 1465
3 1369 1465 1370
3 1370 1465 1466
3 1370 1466 1371
3 1371 1466 1467
3 1371 1467 1372
3 1372 1467 1468
3 1372 1468 1373
3 1373 1468 1469
3 1373 1469 1374
3 1374 1469 1470
3 1374 1470 1375
3 1375 1470 1471
3 1375 1471 1376
3 1376 1471 1472
3 1376 1472 1377
3 1377 1472 1473
3 1377 1473 1378
3 1378 1473 1474
3 1378 1474 1379
3 1379 1474 1475
3 1379 1475 1380
3 1380 1475 1476
3 1380 1476 1381
3 1381 1476 1477
3 1381 1477 1382
3 1382 1477 1478
3 1382 1478 1383
3 1383 1478 1479
3 1383 1479 1384
3 1384 1479 1480
3 1384 1480 1385
3 1385 1480 1481
3 1385 1481 1386
3 1386 1481 1482
3 1386 1482 1387
3 1387 1482 1483
3 1387 1483 1388
3 1388 1483 1484
3 1388 1484 1389
3 1389 1484 1485
3 1389 1485 1390
3 1390 1485 1486
3 1390 1486 1391
3 1391 1486 1487
3 1391 1487 1392
3 1392 1487 1488
3 1392 1488 1393
3 1393 1488 1489
3 1393 1489 1394
3 1394 1489 1490
3 1394 1490 1395
3 1395 1490 1491
3 1395 1491 1396
3 1396 1491 1492
3 1396 1492 1397
3 1397 1492 1493
3 1397 1493 1398
3 1398 1493 1494
3 1398 1494 1399
3 1399 1494 1495
3 1399 1495 1400
3 1400 1495 1496
3 1400 1496 1401
3 1401 1496 1497
3 1401 1497 1402
3 1402 1497 1498
3 1402 1498 1403
3 1403 1498 1499
3 1403 1499 1404
3 1404 1499 1500
3 1404 1500 1405
3 1405 1500 1501
3 1405 1501 1406
3 1406 1501 1502
3 1406 1502 1407
3 1407 1502 1503
3 1407 1503 1408
3 1408 1503 1504
3 1408 1504 1409
3 1409 1504 1505
3 1409 1505 1410
3 1410 1505 1506
3 1410 1506 1411
3 1411 1506 1507
3 1411 1507 1412
3 1412 1507 1508
3 1412 1508 1413
3 1413 1508 1509
3 1413 1509 1414
3 1414 1509 1510
3 1414 1510 1415
3 1415 1510 1511
3 1415 1511 1416
3 1416 1511 1512
3 1416 1512 1417
3 1417 1512 1513
3 1417 1513 1418
3 1418 1513 1514
3 1418 1514 1419
3 1419 1514 1515
3 1419 1515 1420
3 1420 1515 1516
3 1420 1516 1421
3 1421 1516 1517
3 1421 1517 1422
3 1422 1517 1518
3 1422 1518 1423
3 1423 1518 1519
3 1423 1519 1424
3 1424 1519 1520
3 1424 1520 1425
3 1425 1520 1521
3 1425 1521 1426
3 1426 1521 1522
3 1426 1522 1427
3 1427 1522 1523
3 1427 1523 1428
3 1428 1523 1524
3 1428 1524 1429
3 1429 1524 1525
3 1429 1525 1430
3 1430 1525 1526
3 1430 1526 1431
3 1431 1526 1527
3 1431 1527 1432
3 1432 1527 1528
3 1432 1528 1433
3 1433 1528 1529
3 1433 1529 1434
3 1434 1529 1530
3 1434 1530 1435
3 1435 1530 1531
3 1435 1531 1436
3 1436 1531 1532
3 1436 1532 1437
3 1437 1532 1533
3 1437 1533 1438
3 1438 1533 1534
3 1438 1534 1439
3 1439 1534 1535
3 1439 1535 1344
3 1344 1535 1440
3 1440 1536 1441
3 1441 1536 1537
3 1441 1537 1442
3 1442 1537 1538
3 1442 1538 1443
3 1443 1538 1539
3 1443 1539 1444
3 1444 1539 1540
3 1444 1540 1445
3 1445 1540 1541
3 1445 1541 1446
3 1446 1541 1542
3 1446 1542 1447
3 1447 1542 1543
3 1447 1543 1448
3 1448 1543 1544
3 1448 1544 1449
3 1449 1544 1545
3 1449 1545 1450
3 1450 1545 1546
3 1450 1546 1451
3 1451 1546 1547
3 1451 1547 1452
3 1452 1547 1548
3 1452 1548 1453
3 1453 1548 1549
3 1453 1549 1454
3 1454 1549 1550
3 1454 1550 1455
3 1455 1550 1551
3 1455 1551 1456
3 1456 1551 1552
3 1456 1552 1457
3 1457 1552 1553
3 1457 1553 1458
3 1458 1553 1554
3 1458 1554 1459
3 1459 1554 1555
3 1459 1555 1460
3 1460 1555 1556
3 1460 1556 1461
3 1461 1556 1557
3 1461 1557 1462
3 1462 1557 1558
3 1462 1558 1463
3 1463 1558 1559
3 1463 1559 1464
3 1464 1559 1560
3 1464 1560 1465
3 1465 1560 1561
3 1465 1561 1466
3 1466 1561 1562
3 1466 1562 1467
3 1467 1562 1563
3 1467 1563 1468
3 1468 1563 1564
3 1468 1564 1469
3 1469 1564 1565
3 1469 1565 1470
3 1470 1565 1566
3 1470 1566 1471
3 1471 1566 1567
3 1471 1567 1472
3 1472 1567 1568
3 1472 1568 1473
3 1473 1568 1569
3 1473 1569 1474
3 1474 1569 1570
3 1474 1570 1475
3 1475 1570 1571
3 1475 1571 1476
3 1476 1571 1572
3 1476 1572 1477
3 1477 1572 1573
3 1477 1573 1478
3 1478 1573 1574
3 1478 1574 1479
3 1479 1574 1575
3 1479 1575 1480
3 1480 1575 1576
3 1480 1576 1481
3 1481 1576 1577
3 1481 1577 1482
3 1482 1577 1578
3 1482 1578 1483
3 1483 1578 1579
3 1483 1579 1484
3 1484 1579 1580
3 1484 1580 1485
3 1485 1580 1581
3 1485 1581 1486
3 1486 1581 1582
3 1486 1582 1487
3 1487 1582 1583
3 1487 1583 1488
3 1488 1583 1584
3 1488 1584 1489
3 1489 1584 1585
3 1489 1585 1490
3 1490 1585 1586
3 1490 1586 1491
3 1491 1586 1587
3 1491 1587 1492
3 1492 1587 1588
3 1492 1588 1493
3 1493 1588 1589
3 1493 1589 1494
3 1494 1589 1590
3 1494 1590 1495
3 1495 1590 1591
3 1495 1591 1496
3 1496 1591 1592
3 1496 1592 1497
3 1497 1592 1593
3 1497 1593 1498
3 1498 1593 1594
3 1498 1594 1499
3 1499 1594 1595
3 1499 1595 1500
3 1500 1595 1596
3 1500 1596 1501
3 1501 1596 1597
3 1501 1597 1502
3 1502 1597 1598
3 1502 1598 1503
3 1503 1598 1599
3 1503 1599 1504
3 1504 1599 1600
3 1504 1600 1505
3 1505 1600 1601
3 1505 1601 1506
3 1506 1601 1602
3 1506 1602 1507
3 1507 1602 1603
3 1507 1603 1508
3 1508 1603 1604
3 1508 1604 1509
3 1509 1604 1605
3 1509 1605 1510
3 1510 1605 1606
3 1510 1606 1511
3 1511 1606 1607
3 1511 1607 1512
3 1512 1607 1608
3 1512 1608 1513
3 1513 1608 1609
3 1513 1609 1514
3 1514 1609 1610
3 1514 1610 1515
3 1515 1610 1611
3 1515 1611 1516
3 1516 1611 1612
3 1516 1612 1517
3 1517 1612 1613
3 1517 1613 1518
3 1518 1613 1614
3 1518 1614 1519
3 1519 1614 1615
3 1519 1615 1520
3 1520 1615 1616
3 1520 1616 1521
3 1521 1616 1617
3 1521 1617 1522
3 1522 1617 1618
3 1522 1618 1523
3 1523 1618 1619
3 1523 1619 1524
3 1524 1619 1620
3 1524 1620 1525
3 1525 1620 1621
3 1525 1621 1526
3 1526 1621 1622
3 1526 1622 1527
3 1527 1622 1623
3 1527 1623 1528
3 1528 1623 1624
3 1528 1624 1529
3 1529 1624 1625
3 1529 1625 1530
3 1530 1625 1626
3 1530 1626 1531
3 1531 1626 1627
3 1531 1627 1532
3 1532 1627 1628
3 1532 1628 1533
3 1533 1628 1629
3 1533 1629 1534
3 1534 1629 1630
3 1534 1630 1535
3 1535 1630 1631
3 1535 1631 1440
3 1440 1631 1536
3 1536 1632 1537
3 1537 1632 1633
3 1537 1633 1538
3 1538 1633 1634
3 1538 1634 1539
3 1539 1634 1635
3 1539 1635 1540
3 1540 1635 1636
3 1540 1636 1541
3 1541 1636 1637
3 1541 1637 1542
3 1542 1637 1638
3 1542 1638 1543
3 1543 1638 1639
3 1543 1639 1544
3 1544 1639 1640
3 1544 1640 1545
3 1545 1640 1641
3 1545 1641 1546
3 1546 1641 1642
3 1546 1642 1547
3 1547 1642 1643
3 1547 1643 1548
3 1548 1643 1644
3 1548 1644 1549
3 1549 1644 1645
3 1549 1645 1550
3 1550 1645 1646
3 1550 1646 1551
3 1551 1646 1647
3 1551 1647 1552
3 1552 1647 1648
3 1552 1648 1553
3 1553 1648 1649
3 1553 1649 1554
3 1554 1649 1650
3 1554 1650 1555
3 1555 1650 1651
3 1555 1651 1556
3 1556 1651 1652
3 1556 1652 1557
3 1557 1652 1653
3 1557 1653 1558
3 1558 1653 1654
3 1558 1654 1559
3 1559 1654 1655
3 1559 1655 1560
3 1560 1655 1656
3 1560 1656 1561
3 1561 1656 1657
3 1561 1657 1562
3 1562 1657 1658
3 1562 1658 1563
3 1563 1658 1659
3 1563 1659 1564
3 1564 1659 1660
3 1564 1660 1565
3 1565 1660 1661
3 1565 1661 1566
3 1566 1661 1662
3 1566 1662 1567
3 1567 1662 1663
3 1567 1663 1568
3 1568 1663 1664
3 1568 1664 1569
3 1569 1664 1665
3 1569 1665 1570
3 1570 1665 1666
3 1570 1666 1571
3 1571 1666 1667
3 1571 1667 1572
3 1572 1667 1668
3 1572 1668 1573
3 1573 1668 1669
3 1573 1669 1574
3 1574 1669 1670
3 1574 1670 1575
3 1575 1670 1671
3 1575 1671 1576
3 1576 1671 1672
3 1576 1672 1577
3 1577 1672 1673
3 1577 1673 1578
3 1578 1673 1674
3 1578 1674 1579
3 1579 1674 1675
3 1579 1675 1580
3 1580 1675 1676
3 1580 1676 1581
3 1581 1676 1677
3 1581 1677 1582
3 1582 1677 1678
3 1582 1678 1583
3 1583 1678 1679
3 1583 1679 1584
3 1584 1679 1680
3 1584 1680 1585
3 1585 1680 1681
3 1585 1681 1586
3 1586 1681 1682
3 1586 1682 1587
3 1587 1682 1683
3 1587 1683 1588
3 1588 1683 1684
3 1588 1684 1589
3 1589 1684 1685
3 1589 1685 1590
3 1590 1685 1686
3 1590 1686 1591
3 1591 1686 1687
3 1591 1687 1592
3 1592 1687 1688
3 1592 1688 1593
3 1593 1688 1689
3 1593 1689 1594
3 1594 1689 1690
3 1594 1690 1595
3 1595 1690 1691
3 1595 1691 1596
3 1596 1691 1692
3 1596 1692 1597
3 1597 1692 1693
3 1597 1693 1598
3 1598 1693 1694
3 1598 1694 1599
3 1599 1694 1695
3 1599 1695 1600
3 1600 1695 1696
3 1600 1696 1601
3 1601 1696 1697
3 1601 1697 1602
3 1602 1697 1698
3 1602 1698 1603
3 1603 1698 1699
3 1603 1699 1604
3 1604 1699 1700
3 1604 1700 1605
3 1605 1700 1701
3 1605 1701 1606
3 1606 1701 1702
3 1606 1702 1607
3 1607 1702 1703
3 1607 1703 1608
3 1608 1703 1704
3 1608 1704 1609
3 1609 1704 1705
3 1609 1705 1610
3 1610 1705 1706
3 1610 1706 1611
3 1611 1706 1707
3 1611 1707 1612
3 1612 1707 1708
3 1612 1708 1613
3 1613 1708 1709
3 1613 1709 1614
3 1614 1709 1710
3 1614 1710 1615
3 1615 1710 1711
3 1615 1711 1616
3 1616 1711 1712
3 1616 1712 1617
3 1617 1712 1713
3 1617 1713 1618
3 1618 1713 1714
3 1618 1714 1619
3 1619 1714 1715
3 1619 1715 1620
3 1620 1715 1716
3 1620 1716 1621
3 1621 1716 1717
3 1621 1717 1622
3 1622 1717 1718
3 1622 1718 1623
3 1623 1718 1719
3 1623 1719 1624
3 1624 1719 1720
3 1624 1720 1625
3 1625 1720 1721
3 1625 1721 1626
3 1626 1721 1722
3 1626 1722 1627
3 1627 1722 1723
3 1627 1723 1628
3 1628 1723 1724
3 1628 1724 1629
3 1629 1724 1725
3 1629 1725 1630
3 1630 1725 1726
3 1630 1726 1631
3 1631 1726 1727
3 1631 1727 1536
3 1536 1727 1632
3 1632 1728 1633
3 1633 1728 1729
3 1633 1729 1634
3 1634 1729 1730
3 1634 1730 1635
3 1635 1730 1731
3 1635 1731 1636
3 1636 1731 1732
3 1636 1732 1637
3 1637 1732 1733
3 1637 1733 1638
3 1638 1733 1734
3 1638 1734 1639
3 1639 1734 1735
3 1639 1735 1640
3 1640 1735 1736
3 1640 1736 1641
3 1641 1736 1737
3 1641 1737 1642
3 1642 1737 1738
3 1642 1738 1643
3 1643 1738 1739
3 1643 1739 1644
3 1644 1739 1740
3 1644 1740 1645
3 1645 1740 1741
3 1645 1741 1646
3 1646 1741 1742
3 1646 1742 1647
3 1647 1742 1743
3 1647 1743 1648
3 1648 1743 1744
3 1648 1744 1649
3 1649 1744 1745
3 1649 1745 1650
3 1650 1745 1746
3 1650 1746 1651
3 1651 1746 1747
3 1651 1747 1652
3 1652 1747 1748
3 1652 1748 1653
3 1653 1748 1749
3 1653 1749 1654
3 1654 1749 1750
3 1654 1750 1655
3 1655 1750 1751
3 1655 1751 1656
3 1656 1751 1752
3 1656 1752 1657
3 1657 1752 1753
3 1657 1753 1658
3 1658 1753 1754
3 1658 1754 1659
3 1659 1754 1755
3 1659 1755 1660
3 1660 1755 1756
3 1660 1756 1661
3 1661 1756 1757
3 1661 1757 1662
3 1662 1757 1758
3 1662 1758 1663
3 1663 1758 1759
3 1663 1759 1664
3 1664 1759 1760
3 1664 1760 1665
3 1665 1760 1761
3 1665 1761 1666
3 1666 1761 1762
3 1666 1762 1667
3 1667 1762 1763
3 1667 1763 1668
3 1668 1763 1764
3 1668 1764 1669
3 1669 1764 1765
3 1669 1765 1670
3 1670 1765 1766
3 1670 1766 1671
3 1671 1766 1767
3 1671 1767 1672
3 1672 1767 1768
3 1672 1768 1673
3 1673 1768 1769
3 1673 1769 1674
3 1674 1769 1770
3 1674 1770 1675
3 1675 1770 1771
3 1675 1771 1676
3 1676 1771 1772
3 1676 1772 1677
3 1677 1772 1773
3 1677 1773 1678
3 1678 1773 1774
3 1678 1774 1679
3 1679 1774 1775
3 1679 1775 1680
3 1680 1775 1776
3 1680 1776 1681
3 1681 1776 1777
3 1681 1777 1682
3 1682 1777 1778
3 1682 1778 1683
3 1683 1778 1779
3 1683 1779 1684
3 1684 1779 1780
3 1684 1780 1685
3 1685 1780 1781
3 1685 1781 1686
3 1686 1781 1782
3 1686 1782 1687
3 1687 1782 1783
3 1687 1783 1688
3 1688 1783 1784
3 1688 1784 1689
3 1689 1784 1785
3 1689 1785 1690
3 1690 1785 1786
3 1690 1786 1691
3 1691 1786 1787
3 1691 1787 1692
3 1692 1787 1788
3 1692 1788 1693
3 1693 1788 1789
3 1693 1789 1694
3 1694 1789 1790
3 1694 1790 1695
3 1695 1790 1791
3 1695 1791 1696
3 1696 1791 1792
3 1696 1792 1697
3 1697 1792 1793
3 1697 1793 1698
3 1698 1793 1794
3 1698 1794 1699
3 1699 1794 1795
3 1699 1795 1700
3 1700 1795 1796
3 1700 1796 1701
3 1701 1796 1797
3 1701 1797 1702
3 1702 1797 1798
3 1702 1798 1703
3 1703 1798 1799
3 1703 1799 1704
3 1704 1799 1800
3 1704 1800 1705
3 1705 1800 1801
3 1705 1801 1706
3 1706 1801 1802
3 1706 1802 1707
3 1707 1802 1803
3 1707 1803 1708
3 1708 1803 1804
3 1708 1804 1709
3 1709 1804 1805
3 1709 1805 1710
3 1710 1805 1806
3 1710 1806 1711
3 1711 1806 1807
3 1711 1807 1712
3 1712 1807 1808
3 1712 1808 1713
3 1713 1808 1809
3 1713 1809 1714
3 1714 1809 1810
3 1714 1810 1715
3 1715 1810 1811
3 1715 1811 1716
3 1716 1811 1812
3 1716 1812 1717
3 1717 1812 1813
3 1717 1813 1718
3 1718 1813 1814
3 1718 1814 1719
3 1719 1814 1815
3 1719 1815 1720
3 1720 1815 1816
3 1720 1816 1721
3 1721 1816 1817
3 1721 1817 1722
3 1722 1817 1818
3 1722 1818 1723
3 1723 1818 1819
3 1723 1819 1724
3 1724 1819 1820
3 1724 1820 1725
3 1725 1820 1821
3 1725 1821 1726
3 1726 1821 1822
3 1726 1822 1727
3 1727 1822 1823
3 1727 1823 1632
3 1632 1823 1728
3 1728 1824 1729
3 1729 1824 1825
3 1729 1825 1730
3 1730 1825 1826
3 1730 1826 1731
3 1731 1826 1827
3 1731 1827 1732
3 1732 1827 1828
3 1732 1828 1733
3 1733 1828 1829
3 1733 1829 1734
3 1734 1829 1830
3 1734 1830 1735
3 1735 1830 1831
3 1735 1831 1736
3 1736 1831 1832
3 1736 1832 1737
3 1737 1832 1833
3 1737 1833 1738
3 1738 1833 1834
3 1738 1834 1739
3 1739 1834 1835
3 1739 1835 1740
3 1740 1835 1836
3 1740 1836 1741
3 1741 1836 1837
3 1741 1837 1742
3 1742 1837 1838
3 1742 1838 1743
3 1743 1838 1839
3 1743 1839 1744
3 1744 1839 1840
3 1744 1840 1745
3 1745 1840 1841
3 1745 1841 1746
3 1746 1841 1842
3 1746 1842 1747
3 1747 1842 1843
3 1747 1843 1748
3 1748 1843 1844
3 1748 1844 1749
3 1749 1844 1845
3 1749 1845 1750
3 1750 1845 1846
3 1750 1846 1751
3 1751 1846 1847
3 1751 1847 1752
3 1752 1847 1848
3 1752 1848 1753
3 1753 1848 1849
3 1753 1849 1754
3 1754 1849 1850
3 1754 1850 1755
3 1755 1850 1851
3 1755 1851 1756
3 1756 1851 1852
3 1756 1852 1757
3 1757 1852 1853
3 1757 1853 1758
3 1758 1853 1854
3 1758 1854 1759
3 1759 1854 1855
3 1759 1855 1760
3 1760 1855 1856
3 1760 1856 1761
3 1761 1856 1857
3 1761 1857 1762
3 1762 1857 1858
3 1762 1858 1763
3 1763 1858 1859
3 1763 1859 1764
3 1764 1859 1860
3 1764 1860 1765
3 1765 1860 1861
3 1765 1861 1766
3 1766 1861 1862
3 1766 1862 1767
3 1767 1862 1863
3 1767 1863 1768
3 1768 1863 1864
3 1768 1864 1769
3 1769 1864 1865
3 1769 1865 1770
3 1770 1865 1866
3 1770 1866 1771
3 1771 1866 1867
3 1771 1867 1772
3 1772 1867 1868
3 1772 1868 1773
3 1773 1868 1869
3 1773 1869 1774
3 1774 1869 1870
3 1774 1870 1775
3 1775 1870 1871
3 1775 1871 1776
3 1776 1871 1872
3 1776 1872 1777
3 1777 1872 1873
3 1777 1873 1778
3 1778 1873 1874
3 1778 1874 1779
3 1779 1874 1875
3 1779 1875 1780
3 1780 1875 1876
3 1780 1876 1781
3 1781 1876 1877
3 1781 1877 1782
3 1782 1877 1878
3 1782 1878 1783
3 1783 1878 1879
3 1783 1879 1784
3 1784 1879 1880
3 1784 1880 1785
3 1785 1880 1881
3 1785 1881 1786
3 1786 1881 1882
3 1786 1882 1787
3 1787 1882 1883
3 1787 1883 1788
3 1788 1883 1884
3 1788 1884 1789
3 1789 1884 1885
3 1789 1885 1790
3 1790 1885 1886
3 1790 1886 1791
3 1791 1886 1887
3 1791 1887 1792
3 1792 1887 1888
3 1792 1888 1793
3 1793 1888 1889
3 1793 1889 1794
3 1794 1889 1890
3 1794 1890 1795
3 1795 1890 1891
3 1795 1891 1796
3 1796 1891 1892
3 1796 1892 1797
3 1797 1892 1893
3 1797 1893 1798
3 1798 1893 1894
3 1798 1894 1799
3 1799 1894 1895
3 1799 1895 1800
3 1800 1895 1896
3 1800 1896 1801
3 1801 1896 1897
3 1801 1897 1802
3 1802 1897 1898
3 1802 1898 1803
3 1803 1898 1899
3 1803 1899 1804
3 1804 1899 1900
3 1804 1900 1805
3 1805 1900 1901
3 1805 1901 1806
3 1806 1901 1902
3 1806 1902 1807
3 1807 1902 1903
3 1807 1903 1808
3 1808 1903 1904
3 1808 1904 1809
3 1809 1904 1905
3 1809 1905 1810
3 1810 1905 1906
3 1810 1906 1811
3 1811 1906 1907
3 1811 1907 1812
3 1812 1907 1908
3 1812 1908 1813
3 1813 1908 1909
3 1813 1909 1814
3 1814 1909 1910
3 1814 1910 1815
3 1815 1910 1911
3 1815 1911 1816
3 1816 1911 1912
3 1816 1912 1817
3 1817 1912 1913
3 1817 1913 1818
3 1818 1913 1914
3 1818 1914 1819
3 1819 1914 1915
3 1819 1915 1820
3 1820 1915 1916
3 1820 1916 1821
3 1821 1916 1917
3 1821 1917 1822
3 1822 1917 1918
3 1822 1918 1823
3 1823 1918 1919
3 1823 1919 1728
3 1728 1919 1824
3 1824 1920 1825
3 1825 1920 1921
3 1825 1921 1826
3 1826 1921 1922
3 1826 1922 1827
3 1827 1922 1923
3 1827 1923 1828
3 1828 1923 1924
3 1828 1924 1829
3 1829 1924 1925
3 1829 1925 1830
3 1830 1925 1926
3 1830 1926 1831
3 1831 1926 1927
3 1831 1927 1832
3 1832 1927 1928
3 1832 1928 1833
3 1833 1928 1929
3 1833 1929 1834
3 1834 1929 1930
3 1834 1930 1835
3 1835 1930 1931
3 1835 1931 1836
3 1836 1931 1932
3 1836 1932 1837
3 1837 1932 1933
3 1837 1933 1838
3 1838 1933 1934
3 1838 1934 1839
3 1839 1934 1935
3 1839 1935 1840
3 1840 1935 1936
3 1840 1936 1841
3 1841 1936 1937
3 1841 1937 1842
3 1842 1937 1938
3 1842 1938 1843
3 1843 1938 1939
3 1843 1939 1844
3 1844 1939 1940
3 1844 1940 1845
3 1845 1940 1941
3 1845 1941 1846
3 1846 1941 1942
3 1846 1942 1847
3 1847 1942 1943
3 1847 1943 1848
3 1848 1943 1944
3 1848 1944 1849
3 1849 1944 1945
3 1849 1945 1850
3 1850 1945 1946
3 1850 1946 1851
3 1851 1946 1947
3 1851 1947 1852
3 1852 1947 1948
3 1852 1948 1853
3 1853 1948 1949
3 1853 1949 1854
3 1854 1949 1950
3 1854 1950 1855
3 1855 1950 1951
3 1855 1951 1856
3 1856 1951 1952
3 1856 1952 1857
3 1857 1952 1953
3 1857 1953 1858
3 1858 1953 1954
3 1858 1954 1859
3 1859 1954 1955
3 1859 1955 1860
3 1860 1955 1956
3 1860 1956 1861
3 1861 1956 1957
3 1861 1957 1862
3 1862 1957 1958
3 1862 1958 1863
3 1863 1958 1959
3 1863 1959 1864
3 1864 1959 1960
3 1864 1960 1865
3 1865 1960 1961
3 1865 1961 1866
3 1866 1961 1962
3 1866 1962 1867
3 1867 1962 1963
3 1867 1963 1868
3 1868 1963 1964
3 1868 1964 1869
3 1869 1964 1965
3 1869 1965 1870
3 1870 1965 1966
3 1870 1966 1871
3 1871 1966 1967
3 1871 1967 1872
3 1872 1967 1968
3 1872 1968 1873
3 1873 1968 1969
3 1873 1969 1874
3 1874 1969 1970
3 1874 1970 1875
3 1875 1970 1971
3 1875 1971 1876
3 1876 1971 1972
3 1876 1972 1877
3 1877 1972 1973
3 1877 1973 1878
3 1878 1973 1974
3 1878 1974 1879
3 1879 1974 1975
3 1879 1975 1880
3 1880 1975 1976
3 1880 1976 1881
3 1881 1976 1977
3 1881 1977 1882
3 1882 1977 1978
3 1882 1978 1883
3 1883 1978 1979
3 1883 1979 1884
3 1884 1979 1980
3 1884 1980 1885
3 1885 1980 1981
3 1885 1981 1886
3 1886 1981 1982
3 1886 1982 1887
3 1887 1982 1983
3 1887 1983 1888
3 1888 1983 1984
3 1888 1984 1889
3 1889 1984 1985
3 1889 1985 1890
3 1890 1985 1986
3 1890 1986 1891
3 1891 1986 1987
3 1891 1987 1892
3 1892 1987 1988
3 1892 1988 1893
3 1893 1988 1989
3 1893 1989 1894
3 1894 1989 1990
3 1894 1990 1895
3 1895 1990 1991
3 1895 1991 1896
3 1896 1991 1992
3 1896 1992 1897
3 1897 1992 1993
3 1897 1993 1898
3 1898 1993 1994
3 1898 1994 1899
3 1899 1994 1995
3 1899 1995 1900
3 1900 1995 1996
3 1900 1996 1901
3 1901 1996 1997
3 1901 1997 1902
3 1902 1997 1998
3 1902 1998 1903
3 1903 1998 1999
3 1903 1999 1904
3 1904 1999 2000
3 1904 2000 1905
3 1905 2000 2001
3 1905 2001 1906
3 1906 2001 2002
3 1906 2002 1907
3 1907 2002 2003
3 1907 2003 1908
3 1908 2003 2004
3 1908 2004 1909
3 1909 2004 2005
3 1909 2005 1910
3 1910 2005 2006
3 1910 2006 1911
3 1911 2006 2007
3 1911 2007 1912
3 1912 2007 2008
3 1912 2008 1913
3 1913 2008 2009
3 1913 2009 1914
3 1914 2009 2010
3 1914 2010 1915
3 1915 2010 2011
3 1915 2011 1916
3 1916 2011 2012
3 1916 2012 1917
3 1917 2012 2013
3 1917 2013 1918
3 1918 2013 2014
3 1918 2014 1919
3 1919 2014 2015
3 1919 2015 1824
3 1824 2015 1920
3 1920 2016 1921
3 1921 2016 2017
3 1921 2017 1922
3 1922 2017 2018
3 1922 2018 1923
3 1923 2018 2019
3 1923 2019 1924
3 1924 2019 2020
3 1924 2020 1925
3 1925 2020 2021
3 1925 2021 1926
3 1926 2021 2022
3 1926 2022 1927
3 1927 2022 2023
3 1927 2023 1928
3 1928 2023 2024
3 1928 2024 1929
3 1929 2024 2025
3 1929 2025 1930
3 1930 2025 2026
3 1930 2026 1931
3 1931 2026 2027
3 1931 2027 1932
3 1932 2027 2028
3 1932 2028 1933
3 1933 2028 2029
3 1933 2029 1934
3 1934 2029 2030
3 1934 2030 1935
3 1935 2030 2031
3 1935 2031 1936
3 1936 2031 2032
3 1936 2032 1937
3 1937 2032 2033
3 1937 2033 1938
3 1938 2033 2034
3 1938 2034 1939
3 1939 2034 2035
3 1939 2035 1940
3 1940 2035 2036
3 1940 2036 1941
3 1941 2036 2037
3 1941 2037 1942
3 1942 2037 2038
3 1942 2038 1943
3 1943 2038 2039
3 1943 2039 1944
3 1944 2039 2040
3 1944 2040 1945
3 1945 2040 2041
3 1945 2041 1946
3 1946 2041 2042
3 1946 2042 1947
3 1947 2042 2043
3 1947 2043 1948
3 1948 2043 2044
3 1948 2044 1949
3 1949 2044 2045
3 1949 2045 1950
3 1950 2045 2046
3 1950 2046 1951
3 1951 2046 2047
3 1951 2047 1952
3 1952 2047 2048
3 1952 2048 1953
3 1953 2048 2049
3 1953 2049 1954
3 1954 2049 2050
3 1954 2050 1955
3 1955 2050 2051
3 1955 2051 1956
3 1956 2051 2052
3 1956 2052 1957
3 1957 2052 2053
3 1957 2053 1958
3 1958 2053 2054
3 1958 2054 1959
3 1959 2054 2055
3 1959 2055 1960
3 1960 2055 2056
3 1960 2056 1961
3 1961 2056 2057
3 1961 2057 1962
3 1962 2057 2058
3 1962 2058 1963
3 1963 2058 2059
3 1963 2059 1964
3 1964 2059 2060
3 1964 2060 1965
3 1965 2060 2061
3 1965 2061 1966
3 1966 2061 2062
3 1966 2062 1967
3 1967 2062 2063
3 1967 2063 1968
3 1968 2063 2064
3 1968 2064 1969
3 1969 2064 2065
3 1969 2065 1970
3 1970 2065 2066
3 1970 2066 1971
3 1971 2066 2067
3 1971 2067 1972
3 1972 2067 2068
3 1972 2068 1973
3 1973 2068 2069
3 1973 2069 1974
3 1974 2069 2070
3 1974 2070 1975
3 1975 2070 2071
3 1975 2071 1976
3 1976 2071 2072
3 1976 2072 1977
3 1977 2072 2073
3 1977 2073 1978
3 1978 2073 2074
3 1978 2074 1979
3 1979 2074 2075
3 1979 2075 1980
3 1980 2075 2076
3 1980 2076 1981
3 1981 2076 2077
3 1981 2077 1982
3 1982 2077 2078
3 1982 2078 1983
3 1983 2078 2079
3 1983 2079 1984
3 1984 2079 2080
3 1984 2080 1985
3 1985 2080 2081
3 1985 2081 1986
3 1986 2081 2082
3 1986 2082 1987
3 1987 2082 2083
3 1987 2083 1988
3 1988 2083 2084
3 1988 2084 1989
3 1989 2084 2085
3 1989 2085 1990
3 1990 2085 2086
3 1990 2086 1991
3 1991 2086 2087
3 1991 2087 1992
3 1992 2087 2088
3 1992 2088 1993
3 1993 2088 2089
3 1993 2089 1994
3 1994 2089 2090
3 1994 2090 1995
3 1995 2090 2091
3 1995 2091 1996
3 1996 2091 2092
3 1996 2092 1997
3 1997 2092 2093
3 1997 2093 1998
3 1998 2093 2094
3 1998 2094 1999
3 1999 2094 2095
3 1999 2095 2000
3 2000 2095 2096
3 2000 2096 2001
3 2001 2096 2097
3 2001 2097 2002
3 2002 2097 2098
3 2002 2098 2003
3 2003 2098 2099
3 2003 2099 2004
3 2004 2099 2100
3 2004 2100 2005
3 2005 2100 2101
3 2005 2101 2006
3 2006 2101 2102
3 2006 2102 2007
3 2007 2102 2103
3 2007 2103 2008
3 2008 2103 2104
3 2008 2104 2009
3 2009 2104 2105
3 2009 2105 2010
3 2010 2105 2106
3 2010 2106 2011
3 2011 2106 2107
3 2011 2107 2012
3 2012 2107 2108
3 2012 2108 2013
3 2013 2108 2109
3 2013 2109 2014
3 2014 2109 2110
3 2014 2110 2015
3 2015 2110 2111
3 2015 2111 1920
3 1920 2111 2016
3 2016 2112 2017
3 2017 2112 2113
3 2017 2113 2018
3 2018 2113 2114
3 2018 2114 2019
3 2019 2114 2115
3 2019 2115 2020
3 2020 2115 2116
3 2020 2116 2021
3 2021 2116 2117
3 2021 2117 2022
3 2022 2117 2118
3 2022 2118 2023
3 2023 2118 2119
3 2023 2119 2024
3 2024 2119 2120
3 2024 2120 2025
3 2025 2120 2121
3 2025 2121 2026
3 2026 2121 2122
3 2026 2122 2027
3 2027 2122 2123
3 2027 2123 2028
3 2028 2123 2124
3 2028 2124 2029
3 2029 2124 2125
3 2029 2125 2030
3 2030 2125 2126
3 2030 2126 2031
3 2031 2126 2127
3 2031 2127 2032
3 2032 2127 2128
3 2032 2128 2033
3 2033 2128 2129
3 2033 2129 2034
3 2034 2129 2130
3 2034 2130 2035
3 2035 2130 2131
3 2035 2131 2036
3 2036 2131 2132
3 2036 2132 2037
3 2037 2132 2133
3 2037 2133 2038
3 2038 2133 2134
3 2038 2134 2039
3 2039 2134 2135
3 2039 2135 2040
3 2040 2135 2136
3 2040 2136 2041
3 2041 2136 2137
3 2041 2137 2042
3 2042 2137 2138
3 2042 2138 2043
3 2043 2138 2139
3 2043 2139 2044
3 2044 2139 2140
3 2044 2140 2045
3 2045 2140 2141
3 2045 2141 2046
3 2046 2141 2142
3 2046 2142 2047
3 2047 2142 2143
3 2047 2143 2048
3 2048 2143 2144
3 2048 2144 2049
3 2049 2144 2145
3 2049 2145 2050
3 2050 2145 2146
3 2050 2146 2051
3 2051 2146 2147
3 2051 2147 2052
3 2052 2147 2148
3 2052 2148 2053
3 2053 2148 2149
3 2053 2149 2054
3 2054 2149 2150
3 2054 2150 2055
3 2055 2150 2151
3 2055 2151 2056
3 2056 2151 2152
3 2056 2152 2057
3 2057 2152 2153
3 2057 2153 2058
3 2058 2153 2154
3 2058 2154 2059
3 2059 2154 2155
3 2059 2155 2060
3 2060 2155 2156
3 2060 2156 2061
3 2061 2156 2157
3 2061 2157 2062
3 2062 2157 2158
3 2062 2158 2063
3 2063 2158 2159
3 2063 2159 2064
3 2064 2159 2160
3 2064 2160 2065
3 2065 2160 2161
3 2065 2161 2066
3 2066 2161 2162
3 2066 2162 2067
3 2067 2162 2163
3 2067 2163 2068
3 2068 2163 2164
3 2068 2164 2069
3 2069 2164 2165
3 2069 2165 2070
3 2070 2165 2166
3 2070 2166 2071
3 2071 2166 2167
3 2071 2167 2072
3 2072 2167 2168
3 2072 2168 2073
3 2073 2168 2169
3 2073 2169 2074
3 2074 2169 2170
3 2074 2170 2075
3 2075 2170 2171
3 2075 2171 2076
3 2076 2171 2172
3 2076 2172 2077
3 2077 2172 2173
3 2077 2173 2078
3 2078 2173 2174
3 2078 2174 2079
3 2079 2174 2175
3 2079 2175 2080
3 2080 2175 2176
3 2080 2176 2081
3 2081 2176 2177
3 2081 2177 2082
3 2082 2177 2178
3 2082 2178 2083
3 2083 2178 2179
3 2083 2179 2084
3 2084 2179 2180
3 2084 2180 2085
3 2085 2180 2181
3 2085 2181 2086
3 2086 2181 2182
3 2086 2182 2087
3 2087 2182 2183
3 2087 2183 2088
3 2088 2183 2184
3 2088 2184 2089
3 2089 2184 2185
3 2089 2185 2090
3 2090 2185 2186
3 2090 2186 2091
3 2091 2186 2187
3 2091 2187 2092
3 2092 2187 2188
3 2092 2188 2093
3 2093 2188 2189
3 2093 2189 2094
3 2094 2189 2190
3 2094 2190 2095
3 2095 2190 2191
3 2095 2191 2096
3 2096 2191 2192
3 2096 2192 2097
3 2097 2192 2193
3 2097 2193 2098
3 2098 2193 2194
3 2098 2194 2099
3 2099 2194 2195
3 2099 2195 2100
3 2100 2195 2196
3 2100 2196 2101
3 2101 2196 2197
3 2101 2197 2102
3 2102 2197 2198
3 2102 2198 2103
3 2103 2198 2199
3 2103 2199 2104
3 2104 2199 2200
3 2104 2200 2105
3 2105 2200 2201
3 2105 2201 2106
3 2106 2201 2202
3 2106 2202 2107
3 2107 2202 2203
3 2107 2203 2108
3 2108 2203 2204
3 2108 2204 2109
3 2109 2204 2205
3 2109 2205 2110
3 2110 2205 2206
3 2110 2206 2111
3 2111 2206 2207
3 2111 2207 2016
3 2016 2207 2112
3 2112 2208 2113
3 2113 2208 2209
3 2113 2209 2114
3 2114 2209 2210
3 2114 2210 2115
3 2115 2210 2211
3 2115 2211 2116
3 2116 2211 2212
3 2116 2212 2117
3 2117 2212 2213
3 2117 2213 2118
3 2118 2213 2214
3 2118 2214 2119
3 2119 2214 2215
3 2119 2215 2120
3 2120 2215 2216
3 2120 2216 2121
3 2121 2216 2217
3 2121 2217 2122
3 2122 2217 2218
3 2122 2218 2123
3 2123 2218 2219
3 2123 2219 2124
3 2124 2219 2220
3 2124 2220 2125
3 2125 2220 2221
3 2125 2221 2126
3 2126 2221 2222
3 2126 2222 2127
3 2127 2222 2223
3 2127 2223 2128
3 2128 2223 2224
3 2128 2224 2129
3 2129 2224 2225
3 2129 2225 2130
3 2130 2225 2226
3 2130 2226 2131
3 2131 2226 2227
3 2131 2227 2132
3 2132 2227 2228
3 2132 2228 2133
3 2133 2228 2229
3 2133 2229 2134
3 2134 2229 2230
3 2134 2230 2135
3 2135 2230 2231
3 2135 2231 2136
3 2136 2231 2232
3 2136 2232 2137
3 2137 2232 2233
3 2137 2233 2138
3 2138 2233 2234
3 2138 2234 2139
3 2139 2234 2235
3 2139 2235 2140
3 2140 2235 2236
3 2140 2236 2141
3 2141 2236 2237
3 2141 2237 2142
3 2142 2237 2238
3 2142 2238 2143
3 2143 2238 2239
3 2143 2239 2144
3 2144 2239 2240
3 2144 2240 2145
3 2145 2240 2241
3 2145 2241 2146
3 2146 2241 2242
3 2146 2242 2147
3 2147 2242 2243
3 2147 2243 2148
3 2148 2243 2244
3 2148 2244 2149
3 2149 2244 2245
3 2149 2245 2150
3 2150 2245 2246
3 2150 2246 2151
3 2151 2246 2247
3 2151 2247 2152
3 2152 2247 2248
3 2152 2248 2153
3 2153 2248 2249
3 2153 2249 2154
3 2154 2249 2250
3 2154 2250 2155
3 2155 2250 2251
3 2155 2251 2156
3 2156 2251 2252
3 2156 2252 2157
3 2157 2252 2253
3 2157 2253 2158
3 2158 2253 2254
3 2158 2254 2159
3 2159 2254 2255
3 2159 2255 2160
3 2160 2255 2256
3 2160 2256 2161
3 2161 2256 2257
3 2161 2257 2162
3 2162 2257 2258
3 2162 2258 2163
3 2163 2258 2259
3 2163 2259 2164
3 2164 2259 2260
3 2164 2260 2165
3 2165 2260 2261
3 2165 2261 2166
3 2166 2261 2262
3 2166 2262 2167
3 2167 2262 2263
3 2167 2263 2168
3 2168 2263 2264
3 2168 2264 2169
3 2169 2264 2265
3 2169 2265 2170
3 2170 2265 2266
3 2170 2266 2171
3 2171 2266 2267
3 2171 2267 2172
3 2172 2267 2268
3 2172 2268 2173
3 2173 2268 2269
3 2173 2269 2174
3 2174 2269 2270
3 2174 2270 2175
3 2175 2270 2271
3 2175 2271 2176
3 2176 2271 2272
3 2176 2272 2177
3 2177 2272 2273
3 2177 2273 2178
3 2178 2273 2274
3 2178 2274 2179
3 2179 2274 2275
3 2179 2275 2180
3 2180 2275 2276
3 2180 2276 2181
3 2181 2276 2277
3 2181 2277 2182
3 2182 2277 2278
3 2182 2278 2183
3 2183 2278 2279
3 2183 2279 2184
3 2184 2279 2280
3 2184 2280 2185
3 2185 2280 2281
3 2185 2281 2186
3 2186 2281 2282
3 2186 2282 2187
3 2187 2282 2283
3 2187 2283 2188
3 2188 2283 2284
3 2188 2284 2189
3 2189 2284 2285
3 2189 2285 2190
3 2190 2285 2286
3 2190 2286 2191
3 2191 2286 2287
3 2191 2287 2192
3 2192 2287 2288
3 2192 2288 2193
3 2193 2288 2289
3 2193 2289 2194
3 2194 2289 2290
3 2194 2290 2195
3 2195 2290 2291
3 2195 2291 2196
3 2196 2291 2292
3 2196 2292 2197
3 2197 2292 2293
3 2197 2293 2198
3 2198 2293 2294
3 2198 2294 2199
3 2199 2294 2295
3 2199 2295 2200
3 2200 2295 2296
3 2200 2296 2201
3 2201 2296 2297
3 2201 2297 2202
3 2202 2297 2298
3 2202 2298 2203
3 2203 2298 2299
3 2203 2299 2204
3 2204 2299 2300
3 2204 2300 2205
3 2205 2300 2301
3 2205 2301 2206
3 2206 2301 2302
3 2206 2302 2207
3 2207 2302 2303
3 2207 2303 2112
3 2112 2303 2208
3 2208 2304 2209
3 2209 2304 2305
3 2209 2305 2210
3 2210 2305 2306
3 2210 2306 2211
3 2211 2306 2307
3 2211 2307 2212
3 2212 2307 2308
3 2212 2308 2213
3 2213 2308 2309
3 2213 2309 2214
3 2214 2309 2310
3 2214 2310 2215
3 2215 2310 2311
3 2215 2311 2216
3 2216 2311 2312
3 2216 2312 2217
3 2217 2312 2313
3 2217 2313 2218
3 2218 2313 2314
3 2218 2314 2219
3 2219 2314 2315
3 2219 2315 2220
3 2220 2315 2316
3 2220 2316 2221
3 2221 2316 2317
3 2221 2317 2222
3 2222 2317 2318
3 2222 2318 2223
3 2223 2318 2319
3 2223 2319 2224
3 2224 2319 2320
3 2224 2320 2225
3 2225 2320 2321
3 2225 2321 2226
3 2226 2321 2322
3 2226 2322 2227
3 2227 2322 2323
3 2227 2323 2228
3 2228 2323 2324
3 2228 2324 2229
3 2229 2324 2325
3 2229 2325 2230
3 2230 2325 2326
3 2230 2326 2231
3 2231 2326 2327
3 2231 2327 2232
3 2232 2327 2328
3 2232 2328 2233
3 2233 2328 2329
3 2233 2329 2234
3 2234 2329 2330
3 2234 2330 2235
3 2235 2330 2331
3 2235 2331 2236
3 2236 2331 2332
3 2236 2332 2237
3 2237 2332 2333
3 2237 2333 2238
3 2238 2333 2334
3 2238 2334 2239
3 2239 2334 2335
3 2239 2335 2240
3 2240 2335 2336
3 2240 2336 2241
3 2241 2336 2337
3 2241 2337 2242
3 2242 2337 2338
3 2242 2338 2243
3 2243 2338 2339
3 2243 2339 2244
3 2244 2339 2340
3 2244 2340 2245
3 2245 2340 2341
3 2245 2341 2246
3 2246 2341 2342
3 2246 2342 2247
3 2247 2342 2343
3 2247 2343 2248
3 2248 2343 2344
3 2248 2344 2249
3 2249 2344 2345
3 2249 2345 2250
3 2250 2345 2346
3 2250 2346 2251
3 2251 2346 2347
3 2251 2347 2252
3 2252 2347 2348
3 2252 2348 2253
3 2253 2348 2349
3 2253 2349 2254
3 2254 2349 2350
3 2254 2350 2255
3 2255 2350 2351
3 2255 2351 2256
3 2256 2351 2352
3 2256 2352 2257
3 2257 2352 2353
3 2257 2353 2258
3 2258 2353 2354
3 2258 2354 2259
3 2259 2354 2355
3 2259 2355 2260
3 2260 2355 2356
3 2260 2356 2261
3 2261 2356 2357
3 2261 2357 2262
3 2262 2357 2358
3 2262 2358 2263
3 2263 2358 2359
3 2263 2359 2264
3 2264 2359 2360
3 2264 2360 2265
3 2265 2360 2361
3 2265 2361 2266
3 2266 2361 2362
3 2266 2362 2267
3 2267 2362 2363
3 2267 2363 2268
3 2268 2363 2364
3 2268 2364 2269
3 2269 2364 2365
3 2269 2365 2270
3 2270 2365 2366
3 2270 2366 2271
3 2271 2366 2367
3 2271 2367 2272
3 2272 2367 2368
3 2272 2368 2273
3 2273 2368 2369
3 2273 2369 2274
3 2274 2369 2370
3 2274 2370 2275
3 2275 2370 2371
3 2275 2371 2276
3 2276 2371 2372
3 2276 2372 2277
3 2277 2372 2373
3 2277 2373 2278
3 2278 2373 2374
3 2278 2374 2279
3 2279 2374 2375
3 2279 2375 2280
3 2280 2375 2376
3 2280 2376 2281
3 2281 2376 2377
3 2281 2377 2282
3 2282 2377 2378
3 2282 2378 2283
3 2283 2378 2379
3 2283 2379 2284
3 2284 2379 2380
3 2284 2380 2285
3 2285 2380 2381
3 2285 2381 2286
3 2286 2381 2382
3 2286 2382 2287
3 2287 2382 2383
3 2287 2383 2288
3 2288 2383 2384
3 2288 2384 2289
3 2289 2384 2385
3 2289 2385 2290
3 2290 2385 2386
3 2290 2386 2291
3 2291 2386 2387
3 2291 2387 2292
3 2292 2387 2388
3 2292 2388 2293
3 2293 2388 2389
3 2293 2389 2294
3 2294 2389 2390
3 2294 2390 2295
3 2295 2390 2391
3 2295 2391 2296
3 2296 2391 2392
3 2296 2392 2297
3 2297 2392 2393
3 2297 2393 2298
3 2298 2393 2394
3 2298 2394 2299
3 2299 2394 2395
3 2299 2395 2300
3 2300 2395 2396
3 2300 2396 2301
3 2301 2396 2397
3 2301 2397 2302
3 2302 2397 2398
3 2302 2398 2303
3 2303 2398 2399
3 2303 2399 2208
3 2208 2399 2304
3 2304 2400 2305
3 2305 2400 2401
3 2305 2401 2306
3 2306 2401 2402
3 2306 2402 2307
3 2307 2402 2403
3 2307 2403 2308
3 2308 2403 2404
3 2308 2404 2309
3 2309 2404 2405
3 2309 2405 2310
3 2310 2405 2406
3 2310 2406 2311
3 2311 2406 2407
3 2311 2407 2312
3 2312 2407 2408
3 2312 2408 2313
3 2313 2408 2409
3 2313 2409 2314
3 2314 2409 2410
3 2314 2410 2315
3 2315 2410 2411
3 2315 2411 2316
3 2316 2411 2412
3 2316 2412 2317
3 2317 2412 2413
3 2317 2413 2318
3 2318 2413 2414
3 2318 2414 2319
3 2319 2414 2415
3 2319 2415 2320
3 2320 2415 2416
3 2320 2416 2321
3 2321 2416 2417
3 2321 2417 2322
3 2322 2417 2418
3 2322 2418 2323
3 2323 2418 2419
3 2323 2419 2324
3 2324 2419 2420
3 2324 2420 2325
3 2325 2420 2421
3 2325 2421 2326
3 2326 2421 2422
3 2326 2422 2327
3 2327 2422 2423
3 2327 2423 2328
3 2328 2423 2424
3 2328 2424 2329
3 2329 2424 2425
3 2329 2425 2330
3 2330 2425 2426
3 2330 2426 2331
3 2331 2426 2427
3 2331 2427 2332
3 2332 2427 2428
3 2332 2428 2333
3 2333 2428 2429
3 2333 2429 2334
3 2334 2429 2430
3 2334 2430 2335
3 2335 2430 2431
3 2335 2431 2336
3 2336 2431 2432
3 2336 2432 2337
3 2337 2432 2433
3 2337 2433 2338
3 2338 2433 2434
3 2338 2434 2339
3 2339 2434 2435
3 2339 2435 2340
3 2340 2435 2436
3 2340 2436 2341
3 2341 2436 2437
3 2341 2437 2342
3 2342 2437 2438
3 2342 2438 2343
3 2343 2438 2439
3 2343 2439 2344
3 2344 2439 2440
3 2344 2440 2345
3 2345 2440 2441
3 2345 2441 2346
3 2346 2441 2442
3 2346 2442 2347
3 2347 2442 2443
3 2347 2443 2348
3 2348 2443 2444
3 2348 2444 2349
3 2349 2444 2445
3 2349 2445 2350
3 2350 2445 2446
3 2350 2446 2351
3 2351 2446 2447
3 2351 2447 2352
3 2352 2447 2448
3 2352 2448 2353
3 2353 2448 2449
3 2353 2449 2354
3 2354 2449 2450
3 2354 2450 2355
3 2355 2450 2451
3 2355 2451 2356
3 2356 2451 2452
3 2356 2452 2357
3 2357 2452 2453
3 2357 2453 2358
3 2358 2453 2454
3 2358 2454 2359
3 2359 2454 2455
3 2359 2455 2360
3 2360 2455 2456
3 2360 2456 2361
3 2361 2456 2457
3 2361 2457 2362
3 2362 2457 2458
3 2362 2458 2363
3 2363 2458 2459
3 2363 2459 2364
3 2364 2459 2460
3 2364 2460 2365
3 2365 2460 2461
3 2365 2461 2366
3 2366 2461 2462
3 2366 2462 2367
3 2367 2462 2463
3 2367 2463 2368
3 2368 2463 2464
3 2368 2464 2369
3 2369 2464 2465
3 2369 2465 2370
3 2370 2465 2466
3 2370 2466 2371
3 2371 2466 2467
3 2371 2467 2372
3 2372 2467 2468
3 2372 2468 2373
3 2373 2468 2469
3 2373 2469 2374
3 2374 2469 2470
3 2374 2470 2375
3 2375 2470 2471
3 2375 2471 2376
3 2376 2471 2472
3 2376 2472 2377
3 2377 2472 2473
3 2377 2473 2378
3 2378 2473 2474
3 2378 2474 2379
3 2379 2474 2475
3 2379 2475 2380
3 2380 2475 2476
3 2380 2476 2381
3 2381 2476 2477
3 2381 2477 2382
3 2382 2477 2478
3 2382 2478 2383
3 2383 2478 2479
3 2383 2479 2384
3 2384 2479 2480
3 2384 2480 2385
3 2385 2480 2481
3 2385 2481 2386
3 2386 2481 2482
3 2386 2482 2387
3 2387 2482 2483
3 2387 2483 2388
3 2388 2483 2484
3 2388 2484 2389
3 2389 2484 2485
3 2389 2485 2390
3 2390 2485 2486
3 2390 2486 2391
3 2391 2486 2487
3 2391 2487 2392
3 2392 2487 2488
3 2392 2488 2393
3 2393 2488 2489
3 2393 2489 2394
3 2394 2489 2490
3 2394 2490 2395
3 2395 2490 2491
3 2395 2491 2396
3 2396 2491 2492
3 2396 2492 2397
3 2397 2492 2493
3 2397 2493 2398
3 2398 2493 2494
3 2398 2494 2399
3 2399 2494 2495
3 2399 2495 2304
3 2304 2495 2400
3 2400 2496 2401
3 2401 2496 2497
3 2401 2497 2402
3 2402 2497 2498
3 2402 2498 2403
3 2403 2498 2499
3 2403 2499 2404
3 2404 2499 2500
3 2404 2500 2405
3 2405 2500 2501
3 2405 2501 2406
3 2406 2501 2502
3 2406 2502 2407
3 2407 2502 2503
3 2407 2503 2408
3 2408 2503 2504
3 2408 2504 2409
3 2409 2504 2505
3 2409 2505 2410
3 2410 2505 2506
3 2410 2506 2411
3 2411 2506 2507
3 2411 2507 2412
3 2412 2507 2508
3 2412 2508 2413
3 2413 2508 2509
3 2413 2509 2414
3 2414 2509 2510
3 2414 2510 2415
3 2415 2510 2511
3 2415 2511 2416
3 2416 2511 2512
3 2416 2512 2417
3 2417 2512 2513
3 2417 2513 2418
3 2418 2513 2514
3 2418 2514 2419
3 2419 2514 2515
3 2419 2515 2420
3 2420 2515 2516
3 2420 2516 2421
3 2421 2516 2517
3 2421 2517 2422
3 2422 2517 2518
3 2422 2518 2423
3 2423 2518 2519
3 2423 2519 2424
3 2424 2519 2520
3 2424 2520 2425
3 2425 2520 2521
3 2425 2521 2426
3 2426 2521 2522
3 2426 2522 2427
3 2427 2522 2523
3 2427 2523 2428
3 2428 2523 2524
3 2428 2524 2429
3 2429 2524 2525
3 2429 2525 2430
3 2430 2525 2526
3 2430 2526 2431
3 2431 2526 2527
3 2431 2527 2432
3 2432 2527 2528
3 2432 2528 2433
3 2433 2528 2529
3 2433 2529 2434
3 2434 2529 2530
3 2434 2530 2435
3 2435 2530 2531
3 2435 2531 2436
3 2436 2531 2532
3 2436 2532 2437
3 2437 2532 2533
3 2437 2533 2438
3 2438 2533 2534
3 2438 2534 2439
3 2439 2534 2535
3 2439 2535 2440
3 2440 2535 2536
3 2440 2536 2441
3 2441 2536 2537
3 2441 2537 2442
3 2442 2537 2538
3 2442 2538 2443
3 2443 2538 2539
3 2443 2539 2444
3 2444 2539 2540
3 2444 2540 2445
3 2445 2540 2541
3 2445 2541 2446
3 2446 2541 2542
3 2446 2542 2447
3 2447 2542 2543
3 2447 2543 2448
3 2448 2543 2544
3 2448 2544 2449
3 2449 2544 2545
3 2449 2545 2450
3 2450 2545 2546
3 2450 2546 2451
3 2451 2546 2547
3 2451 2547 2452
3 2452 2547 2548
3 2452 2548 2453
3 2453 2548 2549
3 2453 2549 2454
3 2454 2549 2550
3 2454 2550 2455
3 2455 2550 2551
3 2455 2551 2456
3 2456 2551 2552
3 2456 2552 2457
3 2457 2552 2553
3 2457 2553 2458
3 2458 2553 2554
3 2458 2554 2459
3 2459 2554 2555
3 2459 2555 2460
3 2460 2555 2556
3 2460 2556 2461
3 2461 2556 2557
3 2461 2557 2462
3 2462 2557 2558
3 2462 2558 2463
3 2463 2558 2559
3 2463 2559 2464
3 2464 2559 2560
3 2464 2560 2465
3 2465 2560 2561
3 2465 2561 2466
3 2466 2561 2562
3 2466 2562 2467
3 2467 2562 2563
3 2467 2563 2468
3 2468 2563 2564
3 2468 2564 2469
3 2469 2564 2565
3 2469 2565 2470
3 2470 2565 2566
3 2470 2566 2471
3 2471 2566 2567
3 2471 2567 2472
3 2472 2567 2568
3 2472 2568 2473
3 2473 2568 2569
3 2473 2569 2474
3 2474 2569 2570
3 2474 2570 2475
3 2475 2570 2571
3 2475 2571 2476
3 2476 2571 2572
3 2476 2572 2477
3 2477 2572 2573
3 2477 2573 2478
3 2478 2573 2574
3 2478 2574 2479
3 2479 2574 2575
3 2479 2575 2480
3 2480 2575 2576
3 2480 2576 2481
3 2481 2576 2577
3 2481 2577 2482
3 2482 2577 2578
3 2482 2578 2483
3 2483 2578 2579
3 2483 2579 2484
3 2484 2579 2580
3 2484 2580 2485
3 2485 2580 2581
3 2485 2581 2486
3 2486 2581 2582
3 2486 2582 2487
3 2487 2582 2583
3 2487 2583 2488
3 2488 2583 2584
3 2488 2584 2489
3 2489 2584 2585
3 2489 2585 2490
3 2490 2585 2586
3 2490 2586 2491
3 2491 2586 2587
3 2491 2587 2492
3 2492 2587 2588
3 2492 2588 2493
3 2493 2588 2589
3 2493 2589 2494
3 2494 2589 2590
3 2494 2590 2495
3 2495 2590 2591
3 2495 2591 2400
3 2400 2591 2496
3 2496 2592 2497
3 2497 2592 2593
3 2497 2593 2498
3 2498 2593 2594
3 2498 2594 2499
3 2499 2594 2595
3 2499 2595 2500
3 2500 2595 2596
3 2500 2596 2501
3 2501 2596 2597
3 2501 2597 2502
3 2502 2597 2598
3 2502 2598 2503
3 2503 2598 2599
3 2503 2599 2504
3 2504 2599 2600
3 2504 2600 2505
3 2505 2600 2601
3 2505 2601 2506
3 2506 2601 2602
3 2506 2602 2507
3 2507 2602 2603
3 2507 2603 2508
3 2508 2603 2604
3 2508 2604 2509
3 2509 2604 2605
3 2509 2605 2510
3 2510 2605 2606
3 2510 2606 2511
3 2511 2606 2607
3 2511 2607 2512
3 2512 2607 2608
3 2512 2608 2513
3 2513 2608 2609
3 2513 2609 2514
3 2514 2609 2610
3 2514 2610 2515
3 2515 2610 2611
3 2515 2611 2516
3 2516 2611 2612
3 2516 2612 2517
3 2517 2612 2613
3 2517 2613 2518
3 2518 2613 2614
3 2518 2614 2519
3 2519 2614 2615
3 2519 2615 2520
3 2520 2615 2616
3 2520 2616 2521
3 2521 2616 2617
3 2521 2617 2522
3 2522 2617 2618
3 2522 2618 2523
3 2523 2618 2619
3 2523 2619 2524
3 2524 2619 2620
3 2524 2620 2525
3 2525 2620 2621
3 2525 2621 2526
3 2526 2621 2622
3 2526 2622 2527
3 2527 2622 2623
3 2527 2623 2528
3 2528 2623 2624
3 2528 2624 2529
3 2529 2624 2625
3 2529 2625 2530
3 2530 2625 2626
3 2530 2626 2531
3 2531 2626 2627
3 2531 2627 2532
3 2532 2627 2628
3 2532 2628 2533
3 2533 2628 2629
3 2533 2629 2534
3 2534 2629 2630
3 2534 2630 2535
3 2535 2630 2631
3 2535 2631 2536
3 2536 2631 2632
3 2536 2632 2537
3 2537 2632 2633
3 2537 2633 2538
3 2538 2633 2634
3 2538 2634 2539
3 2539 2634 2635
3 2539 2635 2540
3 2540 2635 2636
3 2540 2636 2541
3 2541 2636 2637
3 2541 2637 2542
3 2542 2637 2638
3 2542 2638 2543
3 2543 2638 2639
3 2543 2639 2544
3 2544 2639 2640
3 2544 2640 2545
3 2545 2640 2641
3 2545 2641 2546
3 2546 2641 2642
3 2546 2642 2547
3 2547 2642 2643
3 2547 2643 2548
3 2548 2643 2644
3 2548 2644 2549
3 2549 2644 2645
3 2549 2645 2550
3 2550 2645 2646
3 2550 2646 2551
3 2551 2646 2647
3 2551 2647 2552
3 2552 2647 2648
3 2552 2648 2553
3 2553 2648 2649
3 2553 2649 2554
3 2554 2649 2650
3 2554 2650 2555
3 2555 2650 2651
3 2555 2651 2556
3 2556 2651 2652
3 2556 2652 2557
3 2557 2652 2653
3 2557 2653 2558
3 2558 2653 2654
3 2558 2654 2559
3 2559 2654 2655
3 2559 2655 2560
3 2560 2655 2656
3 2560 2656 2561
3 2561 2656 2657
3 2561 2657 2562
3 2562 2657 2658
3 2562 2658 2563
3 2563 2658 2659
3 2563 2659 2564
3 2564 2659 2660
3 2564 2660 2565
3 2565 2660 2661
3 2565 2661 2566
3 2566 2661 2662
3 2566 2662 2567
3 2567 2662 2663
3 2567 2663 2568
3 2568 2663 2664
3 2568 2664 2569
3 2569 2664 2665
3 2569 2665 2570
3 2570 2665 2666
3 2570 2666 2571
3 2571 2666 2667
3 2571 2667 2572
3 2572 2667 2668
3 2572 2668 2573
3 2573 2668 2669
3 2573 2669 2574
3 2574 2669 2670
3 2574 2670 2575
3 2575 2670 2671
3 2575 2671 2576
3 2576 2671 2672
3 2576 2672 2577
3 2577 2672 2673
3 2577 2673 2578
3 2578 2673 2674
3 2578 2674 2579
3 2579 2674 2675
3 2579 2675 2580
3 2580 2675 2676
3 2580 2676 2581
3 2581 2676 2677
3 2581 2677 2582
3 2582 2677 2678
3 2582 2678 2583
3 2583 2678 2679
3 2583 2679 2584
3 2584 2679 2680
3 2584 2680 2585
3 2585 2680 2681
3 2585 2681 2586
3 2586 2681 2682
3 2586 2682 2587
3 2587 2682 2683
3 2587 2683 2588
3 2588 2683 2684
3 2588 2684 2589
3 2589 2684 2685
3 2589 2685 2590
3 2590 2685 2686
3 2590 2686 2591
3 2591 2686 2687
3 2591 2687 2496
3 2496 2687 2592
3 2592 2688 2593
3 2593 2688 2689
3 2593 2689 2594
3 2594 2689 2690
3 2594 2690 2595
3 2595 2690 2691
3 2595 2691 2596
3 2596 2691 2692
3 2596 2692 2597
3 2597 2692 2693
3 2597 2693 2598
3 2598 2693 2694
3 2598 2694 2599
3 2599 2694 2695
3 2599 2695 2600
3 2600 2695 2696
3 2600 2696 2601
3 2601 2696 2697
3 2601 2697 2602
3 2602 2697 2698
3 2602 2698 2603
3 2603 2698 2699
3 2603 2699 2604
3 2604 2699 2700
3 2604 2700 2605
3 2605 2700 2701
3 2605 2701 2606
3 2606 2701 2702
3 2606 2702 2607
3 2607 2702 2703
3 2607 2703 2608
3 2608 2703 2704
3 2608 2704 2609
3 2609 2704 2705
3 2609 2705 2610
3 2610 2705 2706
3 2610 2706 2611
3 2611 2706 2707
3 2611 2707 2612
3 2612 2707 2708
3 2612 2708 2613
3 2613 2708 2709
3 2613 2709 2614
3 2614 2709 2710
3 2614 2710 2615
3 2615 2710 2711
3 2615 2711 2616
3 2616 2711 2712
3 2616 2712 2617
3 2617 2712 2713
3 2617 2713 2618
3 2618 2713 2714
3 2618 2714 2619
3 2619 2714 2715
3 2619 2715 2620
3 2620 2715 2716
3 2620 2716 2621
3 2621 2716 2717
3 2621 2717 2622
3 2622 2717 2718
3 2622 2718 2623
3 2623 2718 2719
3 2623 2719 2624
3 2624 2719 2720
3 2624 2720 2625
3 2625 2720 2721
3 2625 2721 2626
3 2626 2721 2722
3 2626 2722 2627
3 2627 2722 2723
3 2627 2723 2628
3 2628 2723 2724
3 2628 2724 2629
3 2629 2724 2725
3 2629 2725 2630
3 2630 2725 2726
3 2630 2726 2631
3 2631 2726 2727
3 2631 2727 2632
3 2632 2727 2728
3 2632 2728 2633
3 2633 2728 2729
3 2633 2729 2634
3 2634 2729 2730
3 2634 2730 2635
3 2635 2730 2731
3 2635 2731 2636
3 2636 2731 2732
3 2636 2732 2637
3 2637 2732 2733
3 2637 2733 2638
3 2638 2733 2734
3 2638 2734 2639
3 2639 2734 2735
3 2639 2735 2640
3 2640 2735 2736
3 2640 2736 2641
3 2641 2736 2737
3 2641 2737 2642
3 2642 2737 2738
3 2642 2738 2643
3 2643 2738 2739
3 2643 2739 2644
3 2644 2739 2740
3 2644 2740 2645
3 2645 2740 2741
3 2645 2741 2646
3 2646 2741 2742
3 2646 2742 2647
3 2647 2742 2743
3 2647 2743 2648
3 2648 2743 2744
3 2648 2744 2649
3 2649 2744 2745
3 2649 2745 2650
3 2650 2745 2746
3 2650 2746 2651
3 2651 2746 2747
3 2651 2747 2652
3 2652 2747 2748
3 2652 2748 2653
3 2653 2748 2749
3 2653 2749 2654
3 2654 2749 2750
3 2654 2750 2655
3 2655 2750 2751
3 2655 2751 2656
3 2656 2751 2752
3 2656 2752 2657
3 2657 2752 2753
3 2657 2753 2658
3 2658 2753 2754
3 2658 2754 2659
3 2659 2754 2755
3 2659 2755 2660
3 2660 2755 2756
3 2660 2756 2661
3 2661 2756 2757
3 2661 2757 2662
3 2662 2757 2758
3 2662 2758 2663
3 2663 2758 2759
3 2663 2759 2664
3 2664 2759 2760
3 2664 2760 2665
3 2665 2760 2761
3 2665 2761 2666
3 2666 2761 2762
3 2666 2762 2667
3 2667 2762 2763
3 2667 2763 2668
3 2668 2763 2764
3 2668 2764 2669
3 2669 2764 2765
3 2669 2765 2670
3 2670 2765 2766
3 2670 2766 2671
3 2671 2766 2767
3 2671 2767 2672
3 2672 2767 2768
3 2672 2768 2673
3 2673 2768 2769
3 2673 2769 2674
3 2674 2769 2770
3 2674 2770 2675
3 2675 2770 2771
3 2675 2771 2676
3 2676 2771 2772
3 2676 2772 2677
3 2677 2772 2773
3 2677 2773 2678
3 2678 2773 2774
3 2678 2774 2679
3 2679 2774 2775
3 2679 2775 2680
3 2680 2775 2776
3 2680 2776 2681
3 2681 2776 2777
3 2681 2777 2682
3 2682 2777 2778
3 2682 2778 2683
3 2683 2778 2779
3 2683 2779 2684
3 2684 2779 2780
3 2684 2780 2685
3 2685 2780 2781
3 2685 2781 2686
3 2686 2781 2782
3 2686 2782 2687
3 2687 2782 2783
3 2687 2783 2592
3 2592 2783 2688
3 2688 2784 2689
3 2689 2784 2785
3 2689 2785 2690
3 2690 2785 2786
3 2690 2786 2691
3 2691 2786 2787
3 2691 2787 2692
3 2692 2787 2788
3 2692 2788 2693
3 2693 2788 2789
3 2693 2789 2694
3 2694 2789 2790
3 2694 2790 2695
3 2695 2790 2791
3 2695 2791 2696
3 2696 2791 2792
3 2696 2792 2697
3 2697 2792 2793
3 2697 2793 2698
3 2698 2793 2794
3 2698 2794 2699
3 2699 2794 2795
3 2699 2795 2700
3 2700 2795 2796
3 2700 2796 2701
3 2701 2796 2797
3 2701 2797 2702
3 2702 2797 2798
3 2702 2798 2703
3 2703 2798 2799
3 2703 2799 2704
3 2704 2799 2800
3 2704 2800 2705
3 2705 2800 2801
3 2705 2801 2706
3 2706 2801 2802
3 2706 2802 2707
3 2707 2802 2803
3 2707 2803 2708
3 2708 2803 2804
3 2708 2804 2709
3 2709 2804 2805
3 2709 2805 2710
3 2710 2805 2806
3 2710 2806 2711
3 2711 2806 2807
3 2711 2807 2712
3 2712 2807 2808
3 2712 2808 2713
3 2713 2808 2809
3 2713 2809 2714
3 2714 2809 2810
3 2714 2810 2715
3 2715 2810 2811
3 2715 2811 2716
3 2716 2811 2812
3 2716 2812 2717
3 2717 2812 2813
3 2717 2813 2718
3 2718 2813 2814
3 2718 2814 2719
3 2719 2814 2815
3 2719 2815 2720
3 2720 2815 2816
3 2720 2816 2721
3 2721 2816 2817
3 2721 2817 2722
3 2722 2817 2818
3 2722 2818 2723
3 2723 2818 2819
3 2723 2819 2724
3 2724 2819 2820
3 2724 2820 2725
3 2725 2820 2821
3 2725 2821 2726
3 2726 2821 2822
3 2726 2822 2727
3 2727 2822 2823
3 2727 2823 2728
3 2728 2823 2824
3 2728 2824 2729
3 2729 2824 2825
3 2729 2825 2730
3 2730 2825 2826
3 2730 2826 2731
3 2731 2826 2827
3 2731 2827 2732
3 2732 2827 2828
3 2732 2828 2733
3 2733 2828 2829
3 2733 2829 2734
3 2734 2829 2830
3 2734 2830 2735
3 2735 2830 2831
3 2735 2831 2736
3 2736 2831 2832
3 2736 2832 2737
3 2737 2832 2833
3 2737 2833 2738
3 2738 2833 2834
3 2738 2834 2739
3 2739 2834 2835
3 2739 2835 2740
3 2740 2835 2836
3 2740 2836 2741
3 2741 2836 2837
3 2741 2837 2742
3 2742 2837 2838
3 2742 2838 2743
3 2743 2838 2839
3 2743 2839 2744
3 2744 2839 2840
3 2744 2840 2745
3 2745 2840 2841
3 2745 2841 2746
3 2746 2841 2842
3 2746 2842 2747
3 2747 2842 2843
3 2747 2843 2748
3 2748 2843 2844
3 2748 2844 2749
3 2749 2844 2845
3 2749 2845 2750
3 2750 2845 2846
3 2750 2846 2751
3 2751 2846 2847
3 2751 2847 2752
3 2752 2847 2848
3 2752 2848 2753
3 2753 2848 2849
3 2753 2849 2754
3 2754 2849 2850
3 2754 2850 2755
3 2755 2850 2851
3 2755 2851 2756
3 2756 2851 2852
3 2756 2852 2757
3 2757 2852 2853
3 2757 2853 2758
3 2758 2853 2854
3 2758 2854 2759
3 2759 2854 2855
3 2759 2855 2760
3 2760 2855 2856
3 2760 2856 2761
3 2761 2856 2857
3 2761 2857 2762
3 2762 2857 2858
3 2762 2858 2763
3 2763 2858 2859
3 2763 2859 2764
3 2764 2859 2860
3 2764 2860 2765
3 2765 2860 2861
3 2765 2861 2766
3 2766 2861 2862
3 2766 2862 2767
3 2767 2862 2863
3 2767 2863 2768
3 2768 2863 2864
3 2768 2864 2769
3 2769 2864 2865
3 2769 2865 2770
3 2770 2865 2866
3 2770 2866 2771
3 2771 2866 2867
3 2771 2867 2772
3 2772 2867 2868
3 2772 2868 2773
3 2773 2868 2869
3 2773 2869 2774
3 2774 2869 2870
3 2774 2870 2775
3 2775 2870 2871
3 2775 2871 2776
3 2776 2871 2872
3 2776 2872 2777
3 2777 2872 2873
3 2777 2873 2778
3 2778 2873 2874
3 2778 2874 2779
3 2779 2874 2875
3 2779 2875 2780
3 2780 2875 2876
3 2780 2876 2781
3 2781 2876 2877
3 2781 2877 2782
3 2782 2877 2878
3 2782 2878 2783
3 2783 2878 2879
3 2783 2879 2688
3 2688 2879 2784
3 2784 2880 2785
3 2785 2880 2881
3 2785 2881 2786
3 2786 2881 2882
3 2786 2882 2787
3 2787 2882 2883
3 2787 2883 2788
3 2788 2883 2884
3 2788 2884 2789
3 2789 2884 2885
3 2789 2885 2790
3 2790 2885 2886
3 2790 2886 2791
3 2791 2886 2887
3 2791 2887 2792
3 2792 2887 2888
3 2792 2888 2793
3 2793 2888 2889
3 2793 2889 2794
3 2794 2889 2890
3 2794 2890 2795
3 2795 2890 2891
3 2795 2891 2796
3 2796 2891 2892
3 2796 2892 2797
3 2797 2892 2893
3 2797 2893 2798
3 2798 2893 2894
3 2798 2894 2799
3 2799 2894 2895
3 2799 2895 2800
3 2800 2895 2896
3 2800 2896 2801
3 2801 2896 2897
3 2801 2897 2802
3 2802 2897 2898
3 2802 2898 2803
3 2803 2898 2899
3 2803 2899 2804
3 2804 2899 2900
3 2804 2900 2805
3 2805 2900 2901
3 2805 2901 2806
3 2806 2901 2902
3 2806 2902 2807
3 2807 2902 2903
3 2807 2903 2808
3 2808 2903 2904
3 2808 2904 2809
3 2809 2904 2905
3 2809 2905 2810
3 2810 2905 2906
3 2810 2906 2811
3 2811 2906 2907
3 2811 2907 2812
3 2812 2907 2908
3 2812 2908 2813
3 2813 2908 2909
3 2813 2909 2814
3 2814 2909 2910
3 2814 2910 2815
3 2815 2910 2911
3 2815 2911 2816
3 2816 2911 2912
3 2816 2912 2817
3 2817 2912 2913
3 2817 2913 2818
3 2818 2913 2914
3 2818 2914 2819
3 2819 2914 2915
3 2819 2915 2820
3 2820 2915 2916
3 2820 2916 2821
3 2821 2916 2917
3 2821 2917 2822
3 2822 2917 2918
3 2822 2918 2823
3 2823 2918 2919
3 2823 2919 2824
3 2824 2919 2920
3 2824 2920 2825
3 2825 2920 2921
3 2825 2921 2826
3 2826 2921 2922
3 2826 2922 2827
3 2827 2922 2923
3 2827 2923 2828
3 2828 2923 2924
3 2828 2924 2829
3 2829 2924 2925
3 2829 2925 2830
3 2830 2925 2926
3 2830 2926 2831
3 2831 2926 2927
3 2831 2927 2832
3 2832 2927 2928
3 2832 2928 2833
3 2833 2928 2929
3 2833 2929 2834
3 2834 2929 2930
3 2834 2930 2835
3 2835 2930 2931
3 2835 2931 2836
3 2836 2931 2932
3 2836 2932 2837
3 2837 2932 2933
3 2837 2933 2838
3 2838 2933 2934
3 2838 2934 2839
3 2839 2934 2935
3 2839 2935 2840
3 2840 2935 2936
3 2840 2936 2841
3 2841 2936 2937
3 2841 2937 2842
3 2842 2937 2938
3 2842 2938 2843
3 2843 2938 2939
3 2843 2939 2844
3 2844 2939 2940
3 2844 2940 2845
3 2845 2940 2941
3 2845 2941 2846
3 2846 2941 2942
3 2846 2942 2847
3 2847 2942 2943
3 2847 2943 2848
3 2848 2943 2944
3 2848 2944 2849
3 2849 2944 2945
3 2849 2945 2850
3 2850 2945 2946
3 2850 2946 2851
3 2851 2946 2947
3 2851 2947 2852
3 2852 2947 2948
3 2852 2948 2853
3 2853 2948 2949
3 2853 2949 2854
3 2854 2949 2950
3 2854 2950 2855
3 2855 2950 2951
3 2855 2951 2856
3 2856 2951 2952
3 2856 2952 2857
3 2857 2952 2953
3 2857 2953 2858
3 2858 2953 2954
3 2858 2954 2859
3 2859 2954 2955
3 2859 2955 2860
3 2860 2955 2956
3 2860 2956 2861
3 2861 2956 2957
3 2861 2957 2862
3 2862 2957 2958
3 2862 2958 2863
3 2863 2958 2959
3 2863 2959 2864
3 2864 2959 2960
3 2864 2960 2865
3 2865 2960 2961
3 2865 2961 2866
3 2866 2961 2962
3 2866 2962 2867
3 2867 2962 2963
3 2867 2963 2868
3 2868 2963 2964
3 2868 2964 2869
3 2869 2964 2965
3 2869 2965 2870
3 2870 2965 2966
3 2870 2966 2871
3 2871 2966 2967
3 2871 2967 2872
3 2872 2967 2968
3 2872 2968 2873
3 2873 2968 2969
3 2873 2969 2874
3 2874 2969 2970
3 2874 2970 2875
3 2875 2970 2971
3 2875 2971 2876
3 2876 2971 2972
3 2876 2972 2877
3 2877 2972 2973
3 2877 2973 2878
3 2878 2973 2974
3 2878 2974 2879
3 2879 2974 2975
3 2879 2975 2784
3 2784 2975 2880
3 2880 2976 2881
3 2881 2976 2977
3 2881 2977 2882
3 2882 2977 2978
3 2882 2978 2883
3 2883 2978 2979
3 2883 2979 2884
3 2884 2979 2980
3 2884 2980 2885
3 2885 2980 2981
3 2885 2981 2886
3 2886 2981 2982
3 2886 2982 2887
3 2887 2982 2983
3 2887 2983 2888
3 2888 2983 2984
3 2888 2984 2889
3 2889 2984 2985
3 2889 2985 2890
3 2890 2985 2986
3 2890 2986 2891
3 2891 2986 2987
3 2891 2987 2892
3 2892 2987 2988
3 2892 2988 2893
3 2893 2988 2989
3 2893 2989 2894
3 2894 2989 2990
3 2894 2990 2895
3 2895 2990 2991
3 2895 2991 2896
3 2896 2991 2992
3 2896 2992 2897
3 2897 2992 2993
3 2897 2993 2898
3 2898 2993 2994
3 2898 2994 2899
3 2899 2994 2995
3 2899 2995 2900
3 2900 2995 2996
3 2900 2996 2901
3 2901 2996 2997
3 2901 2997 2902
3 2902 2997 2998
3 2902 2998 2903
3 2903 2998 2999
3 2903 2999 2904
3 2904 2999 3000
3 2904 3000 2905
3 2905 3000 3001
3 2905 3001 2906
3 2906 3001 3002
3 2906 3002 2907
3 2907 3002 3003
3 2907 3003 2908
3 2908 3003 3004
3 2908 3004 2909
3 2909 3004 3005
3 2909 3005 2910
3 2910 3005 3006
3 2910 3006 2911
3 2911 3006 3007
3 2911 3007 2912
3 2912 3007 3008
3 2912 3008 2913
3 2913 3008 3009
3 2913 3009 2914
3 2914 3009 3010
3 2914 3010 2915
3 2915 3010 3011
3 2915 3011 2916
3 2916 3011 3012
3 2916 3012 2917
3 2917 3012 3013
3 2917 3013 2918
3 2918 3013 3014
3 2918 3014 2919
3 2919 3014 3015
3 2919 3015 2920
3 2920 3015 3016
3 2920 3016 2921
3 2921 3016 3017
3 2921 3017 2922
3 2922 3017 3018
3 2922 3018 2923
3 2923 3018 3019
3 2923 3019 2924
3 2924 3019 3020
3 2924 3020 2925
3 2925 3020 3021
3 2925 3021 2926
3 2926 3021 3022
3 2926 3022 2927
3 2927 3022 3023
3 2927 3023 2928
3 2928 3023 3024
3 2928 3024 2929
3 2929 3024 3025
3 2929 3025 2930
3 2930 3025 3026
3 2930 3026 2931
3 2931 3026 3027
3 2931 3027 2932
3 2932 3027 3028
3 2932 3028 2933
3 2933 3028 3029
3 2933 3029 2934
3 2934 3029 3030
3 2934 3030 2935
3 2935 3030 3031
3 2935 3031 2936
3 2936 3031 3032
3 2936 3032 2937
3 2937 3032 3033
3 2937 3033 2938
3 2938 3033 3034
3 2938 3034 2939
3 2939 3034 3035
3 2939 3035 2940
3 2940 3035 3036
3 2940 3036 2941
3 2941 3036 3037
3 2941 3037 2942
3 2942 3037 3038
3 2942 3038 2943
3 2943 3038 3039
3 2943 3039 2944
3 2944 3039 3040
3 2944 3040 2945
3 2945 3040 3041
3 2945 3041 2946
3 2946 3041 3042
3 2946 3042 2947
3 2947 3042 3043
3 2947 3043 2948
3 2948 3043 3044
3 2948 3044 2949
3 2949 3044 3045
3 2949 3045 2950
3 2950 3045 3046
3 2950 3046 2951
3 2951 3046 3047
3 2951 3047 2952
3 2952 3047 3048
3 2952 3048 2953
3 2953 3048 3049
3 2953 3049 2954
3 2954 3049 3050
3 2954 3050 2955
3 2955 3050 3051
3 2955 3051 2956
3 2956 3051 3052
3 2956 3052 2957
3 2957 3052 3053
3 2957 3053 2958
3 2958 3053 3054
3 2958 3054 2959
3 2959 3054 3055
3 2959 3055 2960
3 2960 3055 3056
3 2960 3056 2961
3 2961 3056 3057
3 2961 3057 2962
3 2962 3057 3058
3 2962 3058 2963
3 2963 3058 3059
3 2963 3059 2964
3 2964 3059 3060
3 2964 3060 2965
3 2965 3060 3061
3 2965 3061 2966
3 2966 3061 3062
3 2966 3062 2967
3 2967 3062 3063
3 2967 3063 2968
3 2968 3063 3064
3 2968 3064 2969
3 2969 3064 3065
3 2969 3065 2970
3 2970 3065 3066
3 2970 3066 2971
3 2971 3066 3067
3 2971 3067 2972
3 2972 3067 3068
3 2972 3068 2973
3 2973 3068 3069
3 2973 3069 2974
3 2974 3069 3070
3 2974 3070 2975
3 2975 3070 3071
3 2975 3071 2880
3 2880 3071 2976
3 2976 3072 2977
3 2977 3072 3073
3 2977 3073 2978
3 2978 3073 3074
3 2978 3074 2979
3 2979 3074 3075
3 2979 3075 2980
3 2980 3075 3076
3 2980 3076 2981
3 2981 3076 3077
3 2981 3077 2982
3 2982 3077 3078
3 2982 3078 2983
3 2983 3078 3079
3 2983 3079 2984
3 2984 3079 3080
3 2984 3080 2985
3 2985 3080 3081
3 2985 3081 2986
3 2986 3081 3082
3 2986 3082 2987
3 2987 3082 3083
3 2987 3083 2988
3 2988 3083 3084
3 2988 3084 2989
3 2989 3084 3085
3 2989 3085 2990
3 2990 3085 3086
3 2990 3086 2991
3 2991 3086 3087
3 2991 3087 2992
3 2992 3087 3088
3 2992 3088 2993
3 2993 3088 3089
3 2993 3089 2994
3 2994 3089 3090
3 2994 3090 2995
3 2995 3090 3091
3 2995 3091 2996
3 2996 3091 3092
3 2996 3092 2997
3 2997 3092 3093
3 2997 3093 2998
3 2998 3093 3094
3 2998 3094 2999
3 2999 3094 3095
3 2999 3095 3000
3 3000 3095 3096
3 3000 3096 3001
3 3001 3096 3097
3 3001 3097 3002
3 3002 3097 3098
3 3002 3098 3003
3 3003 3098 3099
3 3003 3099 3004
3 3004 3099 3100
3 3004 3100 3005
3 3005 3100 3101
3 3005 3101 3006
3 3006 3101 3102
3 3006 3102 3007
3 3007 3102 3103
3 3007 3103 3008
3 3008 3103 3104
3 3008 3104 3009
3 3009 3104 3105
3 3009 3105 3010
3 3010 3105 3106
3 3010 3106 3011
3 3011 3106 3107
3 3011 3107 3012
3 3012 3107 3108
3 3012 3108 3013
3 3013 3108 3109
3 3013 3109 3014
3 3014 3109 3110
3 3014 3110 3015
3 3015 3110 3111
3 3015 3111 3016
3 3016 3111 3112
3 3016 3112 3017
3 3017 3112 3113
3 3017 3113 3018
3 3018 3113 3114
3 3018 3114 3019
3 3019 3114 3115
3 3019 3115 3020
3 3020 3115 3116
3 3020 3116 3021
3 3021 3116 3117
3 3021 3117 3022
3 3022 3117 3118
3 3022 3118 3023
3 3023 3118 3119
3 3023 3119 3024
3 3024 3119 3120
3 3024 3120 3025
3 3025 3120 3121
3 3025 3121 3026
3 3026 3121 3122
3 3026 3122 3027
3 3027 3122 3123
3 3027 3123 3028
3 3028 3123 3124
3 3028 3124 3029
3 3029 3124 3125
3 3029 3125 3030
3 3030 3125 3126
3 3030 3126 3031
3 3031 3126 3127
3 3031 3127 3032
3 3032 3127 3128
3 3032 3128 3033
3 3033 3128 3129
3 3033 3129 3034
3 3034 3129 3130
3 3034 3130 3035
3 3035 3130 3131
3 3035 3131 3036
3 3036 3131 3132
3 3036 3132 3037
3 3037 3132 3133
3 3037 3133 3038
3 3038 3133 3134
3 3038 3134 3039
3 3039 3134 3135
3 3039 3135 3040
3 3040 3135 3136
3 3040 3136 3041
3 3041 3136 3137
3 3041 3137 3042
3 3042 3137 3138
3 3042 3138 3043
3 3043 3138 3139
3 3043 3139 3044
3 3044 3139 3140
3 3044 3140 3045
3 3045 3140 3141
3 3045 3141 3046
3 3046 3141 3142
3 3046 3142 3047
3 3047 3142 3143
3 3047 3143 3048
3 3048 3143 3144
3 3048 3144 3049
3 3049 3144 3145
3 3049 3145 3050
3 3050 3145 3146
3 3050 3146 3051
3 3051 3146 3147
3 3051 3147 3052
3 3052 3147 3148
3 3052 3148 3053
3 3053 3148 3149
3 3053 3149 3054
3 3054 3149 3150
3 3054 3150 3055
3 3055 3150 3151
3 3055 3151 3056
3 3056 3151 3152
3 3056 3152 3057
3 3057 3152 3153
3 3057 3153 3058
3 3058 3153 3154
3 3058 3154 3059
3 3059 3154 3155
3 3059 3155 3060
3 3060 3155 3156
3 3060 3156 3061
3 3061 3156 3157
3 3061 3157 3062
3 3062 3157 3158
3 3062 3158 3063
3 3063 3158 3159
3 3063 3159 3064
3 3064 3159 3160
3 3064 3160 3065
3 3065 3160 3161
3 3065 3161 3066
3 3066 3161 3162
3 3066 3162 3067
3 3067 3162 3163
3 3067 3163 3068
3 3068 3163 3164
3 3068 3164 3069
3 3069 3164 3165
3 3069 3165 3070
3 3070 3165 3166
3 3070 3166 3071
3 3071 3166 3167
3 3071 3167 2976
3 2976 3167 3072
3 3072 3168 3073
3 3073 3168 3169
3 3073 3169 3074
3 3074 3169 3170
3 3074 3170 3075
3 3075 3170 3171
3 3075 3171 3076
3 3076 3171 3172
3 3076 3172 3077
3 3077 3172 3173
3 3077 3173 3078
3 3078 3173 3174
3 3078 3174 3079
3 3079 3174 3175
3 3079 3175 3080
3 3080 3175 3176
3 3080 3176 3081
3 3081 3176 3177
3 3081 3177 3082
3 3082 3177 3178
3 3082 3178 3083
3 3083 3178 3179
3 3083 3179 3084
3 3084 3179 3180
3 3084 3180 3085
3 3085 3180 3181
3 3085 3181 3086
3 3086 3181 3182
3 3086 3182 3087
3 3087 3182 3183
3 3087 3183 3088
3 3088 3183 3184
3 3088 3184 3089
3 3089 3184 3185
3 3089 3185 3090
3 3090 3185 3186
3 3090 3186 3091
3 3091 3186 3187
3 3091 3187 3092
3 3092 3187 3188
3 3092 3188 3093
3 3093 3188 3189
3 3093 3189 3094
3 3094 3189 3190
3 3094 3190 3095
3 3095 3190 3191
3 3095 3191 3096
3 3096 3191 3192
3 3096 3192 3097
3 3097 3192 3193
3 3097 3193 3098
3 3098 3193 3194
3 3098 3194 3099
3 3099 3194 3195
3 3099 3195 3100
3 3100 3195 3196
3 3100 3196 3101
3 3101 3196 3197
3 3101 3197 3102
3 3102 3197 3198
3 3102 3198 3103
3 3103 3198 3199
3 3103 3199 3104
3 3104 3199 3200
3 3104 3200 3105
3 3105 3200 3201
3 3105 3201 3106
3 3106 3201 3202
3 3106 3202 3107
3 3107 3202 3203
3 3107 3203 3108
3 3108 3203 3204
3 3108 3204 3109
3 3109 3204 3205
3 3109 3205 3110
3 3110 3205 3206
3 3110 3206 3111
3 3111 3206 3207
3 3111 3207 3112
3 3112 3207 3208
3 3112 3208 3113
3 3113 3208 3209
3 3113 3209 3114
3 3114 3209 3210
3 3114 3210 3115
3 3115 3210 3211
3 3115 3211 3116
3 3116 3211 3212
3 3116 3212 3117
3 3117 3212 3213
3 3117 3213 3118
3 3118 3213 3214
3 3118 3214 3119
3 3119 3214 3215
3 3119 3215 3120
3 3120 3215 3216
3 3120 3216 3121
3 3121 3216 3217
3 3121 3217 3122
3 3122 3217 3218
3 3122 3218 3123
3 3123 3218 3219
3 3123 3219 3124
3 3124 3219 3220
3 3124 3220 3125
3 3125 3220 3221
3 3125 3221 3126
3 3126 3221 3222
3 3126 3222 3127
3 3127 3222 3223
3 3127 3223 3128
3 3128 3223 3224
3 3128 3224 3129
3 3129 3224 3225
3 3129 3225 3130
3 3130 3225 3226
3 3130 3226 3131
3 3131 3226 3227
3 3131 3227 3132
3 3132 3227 3228
3 3132 3228 3133
3 3133 3228 3229
3 3133 3229 3134
3 3134 3229 3230
3 3134 3230 3135
3 3135 3230 3231
3 3135 3231 3136
3 3136 3231 3232
3 3136 3232 3137
3 3137 3232 3233
3 3137 3233 3138
3 3138 3233 3234
3 3138 3234 3139
3 3139 3234 3235
3 3139 3235 3140
3 3140 3235 3236
3 3140 3236 3141
3 3141 3236 3237
3 3141 3237 3142
3 3142 3237 3238
3 3142 3238 3143
3 3143 3238 3239
3 3143 3239 3144
3 3144 3239 3240
3 3144 3240 3145
3 3145 3240 3241
3 3145 3241 3146
3 3146 3241 3242
3 3146 3242 3147
3 3147 3242 3243
3 3147 3243 3148
3 3148 3243 3244
3 3148 3244 3149
3 3149 3244 3245
3 3149 3245 3150
3 3150 3245 3246
3 3150 3246 3151
3 3151 3246 3247
3 3151 3247 3152
3 3152 3247 3248
3 3152 3248 3153
3 3153 3248 3249
3 3153 3249 3154
3 3154 3249 3250
3 3154 3250 3155
3 3155 3250 3251
3 3155 3251 3156
3 3156 3251 3252
3 3156 3252 3157
3 3157 3252 3253
3 3157 3253 3158
3 3158 3253 3254
3 3158 3254 3159
3 3159 3254 3255
3 3159 3255 3160
3 3160 3255 3256
3 3160 3256 3161
3 3161 3256 3257
3 3161 3257 3162
3 3162 3257 3258
3 3162 3258 3163
3 3163 3258 3259
3 3163 3259 3164
3 3164 3259 3260
3 3164 3260 3165
3 3165 3260 3261
3 3165 3261 3166
3 3166 3261 3262
3 3166 3262 3167
3 3167 3262 3263
3 3167 3263 3072
3 3072 3263 3168
3 3168 3264 3169
3 3169 3264 3265
3 3169 3265 3170
3 3170 3265 3266
3 3170 3266 3171
3 3171 3266 3267
3 3171 3267 3172
3 3172 3267 3268
3 3172 3268 3173
3 3173 3268 3269
3 3173 3269 3174
3 3174 3269 3270
3 3174 3270 3175
3 3175 3270 3271
3 3175 3271 3176
3 3176 3271 3272
3 3176 3272 3177
3 3177 3272 3273
3 3177 3273 3178
3 3178 3273 3274
3 3178 3274 3179
3 3179 3274 3275
3 3179 3275 3180
3 3180 3275 3276
3 3180 3276 3181
3 3181 3276 3277
3 3181 3277 3182
3 3182 3277 3278
3 3182 3278 3183
3 3183 3278 3279
3 3183 3279 3184
3 3184 3279 3280
3 3184 3280 3185
3 3185 3280 3281
3 3185 3281 3186
3 3186 3281 3282
3 3186 3282 3187
3 3187 3282 3283
3 3187 3283 3188
3 3188 3283 3284
3 3188 3284 3189
3 3189 3284 3285
3 3189 3285 3190
3 3190 3285 3286
3 3190 3286 3191
3 3191 3286 3287
3 3191 3287 3192
3 3192 3287 3288
3 3192 3288 3193
3 3193 3288 3289
3 3193 3289 3194
3 3194 3289 3290
3 3194 3290 3195
3 3195 3290 3291
3 3195 3291 3196
3 3196 3291 3292
3 3196 3292 3197
3 3197 3292 3293
3 3197 3293 3198
3 3198 3293 3294
3 3198 3294 3199
3 3199 3294 3295
3 3199 3295 3200
3 3200 3295 3296
3 3200 3296 3201
3 3201 3296 3297
3 3201 3297 3202
3 3202 3297 3298
3 3202 3298 3203
3 3203 3298 3299
3 3203 3299 3204
3 3204 3299 3300
3 3204 3300 3205
3 3205 3300 3301
3 3205 3301 3206
3 3206 3301 3302
3 3206 3302 3207
3 3207 3302 3303
3 3207 3303 3208
3 3208 3303 3304
3 3208 3304 3209
3 3209 3304 3305
3 3209 3305 3210
3 3210 3305 3306
3 3210 3306 3211
3 3211 3306 3307
3 3211 3307 3212
3 3212 3307 3308
3 3212 3308 3213
3 3213 3308 3309
3 3213 3309 3214
3 3214 3309 3310
3 3214 3310 3215
3 3215 3310 3311
3 3215 3311 3216
3 3216 3311 3312
3 3216 3312 3217
3 3217 3312 3313
3 3217 3313 3218
3 3218 3313 3314
3 3218 3314 3219
3 3219 3314 3315
3 3219 3315 3220
3 3220 3315 3316
3 3220 3316 3221
3 3221 3316 3317
3 3221 3317 3222
3 3222 3317 3318
3 3222 3318 3223
3 3223 3318 3319
3 3223 3319 3224
3 3224 3319 3320
3 3224 3320 3225
3 3225 3320 3321
3 3225 3321 3226
3 3226 3321 3322
3 3226 3322 3227
3 3227 3322 3323
3 3227 3323 3228
3 3228 3323 3324
3 3228 3324 3229
3 3229 3324 3325
3 3229 3325 3230
3 3230 3325 3326
3 3230 3326 3231
3 3231 3326 3327
3 3231 3327 3232
3 3232 3327 3328
3 3232 3328 3233
3 3233 3328 3329
3 3233 3329 3234
3 3234 3329 3330
3 3234 3330 3235
3 3235 3330 3331
3 3235 3331 3236
3 3236 3331 3332
3 3236 3332 3237
3 3237 3332 3333
3 3237 3333 3238
3 3238 3333 3334
3 3238 3334 3239
3 3239 3334 3335
3 3239 3335 3240
3 3240 3335 3336
3 3240 3336 3241
3 3241 3336 3337
3 3241 3337 3242
3 3242 3337 3338
3 3242 3338 3243
3 3243 3338 3339
3 3243 3339 3244
3 3244 3339 3340
3 3244 3340 3245
3 3245 3340 3341
3 3245 3341 3246
3 3246 3341 3342
3 3246 3342 3247
3 3247 3342 3343
3 3247 3343 3248
3 3248 3343 3344
3 3248 3344 3249
3 3249 3344 3345
3 3249 3345 3250
3 3250 3345 3346
3 3250 3346 3251
3 3251 3346 3347
3 3251 3347 3252
3 3252 3347 3348
3 3252 3348 3253
3 3253 3348 3349
3 3253 3349 3254
3 3254 3349 3350
3 3254 3350 3255
3 3255 3350 3351
3 3255 3351 3256
3 3256 3351 3352
3 3256 3352 3257
3 3257 3352 3353
3 3257 3353 3258
3 3258 3353 3354
3 3258 3354 3259
3 3259 3354 3355
3 3259 3355 3260
3 3260 3355 3356
3 3260 3356 3261
3 3261 3356 3357
3 3261 3357 3262
3 3262 3357 3358
3 3262 3358 3263
3 3263 3358 3359
3 3263 3359 3168
3 3168 3359 3264
3 3264 3360 3265
3 3265 3360 3361
3 3265 3361 3266
3 3266 3361 3362
3 3266 3362 3267
3 3267 3362 3363
3 3267 3363 3268
3 3268 3363 3364
3 3268 3364 3269
3 3269 3364 3365
3 3269 3365 3270
3 3270 3365 3366
3 3270 3366 3271
3 3271 3366 3367
3 3271 3367 3272
3 3272 3367 3368
3 3272 3368 3273
3 3273 3368 3369
3 3273 3369 3274
3 3274 3369 3370
3 3274 3370 3275
3 3275 3370 3371
3 3275 3371 3276
3 3276 3371 3372
3 3276 3372 3277
3 3277 3372 3373
3 3277 3373 3278
3 3278 3373 3374
3 3278 3374 3279
3 3279 3374 3375
3 3279 3375 3280
3 3280 3375 3376
3 3280 3376 3281
3 3281 3376 3377
3 3281 3377 3282
3 3282 3377 3378
3 3282 3378 3283
3 3283 3378 3379
3 3283 3379 3284
3 3284 3379 3380
3 3284 3380 3285
3 3285 3380 3381
3 3285 3381 3286
3 3286 3381 3382
3 3286 3382 3287
3 3287 3382 3383
3 3287 3383 3288
3 3288 3383 3384
3 3288 3384 3289
3 3289 3384 3385
3 3289 3385 3290
3 3290 3385 3386
3 3290 3386 3291
3 3291 3386 3387
3 3291 3387 3292
3 3292 3387 3388
3 3292 3388 3293
3 3293 3388 3389
3 3293 3389 3294
3 3294 3389 3390
3 3294 3390 3295
3 3295 3390 3391
3 3295 3391 3296
3 3296 3391 3392
3 3296 3392 3297
3 3297 3392 3393
3 3297 3393 3298
3 3298 3393 3394
3 3298 3394 3299
3 3299 3394 3395
3 3299 3395 3300
3 3300 3395 3396
3 3300 3396 3301
3 3301 3396 3397
3 3301 3397 3302
3 3302 3397 3398
3 3302 3398 3303
3 3303 3398 3399
3 3303 3399 3304
3 3304 3399 3400
3 3304 3400 3305
3 3305 3400 3401
3 3305 3401 3306
3 3306 3401 3402
3 3306 3402 3307
3 3307 3402 3403
3 3307 3403 3308
3 3308 3403 3404
3 3308 3404 3309
3 3309 3404 3405
3 3309 3405 3310
3 3310 3405 3406
3 3310 3406 3311
3 3311 3406 3407
3 3311 3407 3312
3 3312 3407 3408
3 3312 3408 3313
3 3313 3408 3409
3 3313 3409 3314
3 3314 3409 3410
3 3314 3410 3315
3 3315 3410 3411
3 3315 3411 3316
3 3316 3411 3412
3 3316 3412 3317
3 3317 3412 3413
3 3317 3413 3318
3 3318 3413 3414
3 3318 3414 3319
3 3319 3414 3415
3 3319 3415 3320
3 3320 3415 3416
3 3320 3416 3321
3 3321 3416 3417
3 3321 3417 3322
3 3322 3417 3418
3 3322 3418 3323
3 3323 3418 3419
3 3323 3419 3324
3 3324 3419 3420
3 3324 3420 3325
3 3325 3420 3421
3 3325 3421 3326
3 3326 3421 3422
3 3326 3422 3327
3 3327 3422 3423
3 3327 3423 3328
3 3328 3423 3424
3 3328 3424 3329
3 3329 3424 3425
3 3329 3425 3330
3 3330 3425 3426
3 3330 3426 3331
3 3331 3426 3427
3 3331 3427 3332
3 3332 3427 3428
3 3332 3428 3333
3 3333 3428 3429
3 3333 3429 3334
3 3334 3429 3430
3 3334 3430 3335
3 3335 3430 3431
3 3335 3431 3336
3 3336 3431 3432
3 3336 3432 3337
3 3337 3432 3433
3 3337 3433 3338
3 3338 3433 3434
3 3338 3434 3339
3 3339 3434 3435
3 3339 3435 3340
3 3340 3435 3436
3 3340 3436 3341
3 3341 3436 3437
3 3341 3437 3342
3 3342 3437 3438
3 3342 3438 3343
3 3343 3438 3439
3 3343 3439 3344
3 3344 3439 3440
3 3344 3440 3345
3 3345 3440 3441
3 3345 3441 3346
3 3346 3441 3442
3 3346 3442 3347
3 3347 3442 3443
3 3347 3443 3348
3 3348 3443 3444
3 3348 3444 3349
3 3349 3444 3445
3 3349 3445 3350
3 3350 3445 3446
3 3350 3446 3351
3 3351 3446 3447
3 3351 3447 3352
3 3352 3447 3448
3 3352 3448 3353
3 3353 3448 3449
3 3353 3449 3354
3 3354 3449 3450
3 3354 3450 3355
3 3355 3450 3451
3 3355 3451 3356
3 3356 3451 3452
3 3356 3452 3357
3 3357 3452 3453
3 3357 3453 3358
3 3358 3453 3454
3 3358 3454 3359
3 3359 3454 3455
3 3359 3455 3264
3 3264 3455 3360
3 3360 3456 3361
3 3361 3456 3457
3 3361 3457 3362
3 3362 3457 3458
3 3362 3458 3363
3 3363 3458 3459
3 3363 3459 3364
3 3364 3459 3460
3 3364 3460 3365
3 3365 3460 3461
3 3365 3461 3366
3 3366 3461 3462
3 3366 3462 3367
3 3367 3462 3463
3 3367 3463 3368
3 3368 3463 3464
3 3368 3464 3369
3 3369 3464 3465
3 3369 3465 3370
3 3370 3465 3466
3 3370 3466 3371
3 3371 3466 3467
3 3371 3467 3372
3 3372 3467 3468
3 3372 3468 3373
3 3373 3468 3469
3 3373 3469 3374
3 3374 3469 3470
3 3374 3470 3375
3 3375 3470 3471
3 3375 3471 3376
3 3376 3471 3472
3 3376 3472 3377
3 3377 3472 3473
3 3377 3473 3378
3 3378 3473 3474
3 3378 3474 3379
3 3379 3474 3475
3 3379 3475 3380
3 3380 3475 3476
3 3380 3476 3381
3 3381 3476 3477
3 3381 3477 3382
3 3382 3477 3478
3 3382 3478 3383
3 3383 3478 3479
3 3383 3479 3384
3 3384 3479 3480
3 3384 3480 3385
3 3385 3480 3481
3 3385 3481 3386
3 3386 3481 3482
3 3386 3482 3387
3 3387 3482 3483
3 3387 3483 3388
3 3388 3483 3484
3 3388 3484 3389
3 3389 3484 3485
3 3389 3485 3390
3 3390 3485 3486
3 3390 3486 3391
3 3391 3486 3487
3 3391 3487 3392
3 3392 3487 3488
3 3392 3488 3393
3 3393 3488 3489
3 3393 3489 3394
3 3394 3489 3490
3 3394 3490 3395
3 3395 3490 3491
3 3395 3491 3396
3 3396 3491 3492
3 3396 3492 3397
3 3397 3492 3493
3 3397 3493 3398
3 3398 3493 3494
3 3398 3494 3399
3 3399 3494 3495
3 3399 3495 3400
3 3400 3495 3496
3 3400 3496 3401
3 3401 3496 3497
3 3401 3497 3402
3 3402 3497 3498
3 3402 3498 3403
3 3403 3498 3499
3 3403 3499 3404
3 3404 3499 3500
3 3404 3500 3405
3 3405 3500 3501
3 3405 3501 3406
3 3406 3501 3502
3 3406 3502 3407
3 3407 3502 3503
3 3407 3503 3408
3 3408 3503 3504
3 3408 3504 3409
3 3409 3504 3505
3 3409 3505 3410
3 3410 3505 3506
3 3410 3506 3411
3 3411 3506 3507
3 3411 3507 3412
3 3412 3507 3508
3 3412 3508 3413
3 3413 3508 3509
3 3413 3509 3414
3 3414 3509 3510
3 3414 3510 3415
3 3415 3510 3511
3 3415 3511 3416
3 3416 3511 3512
3 3416 3512 3417
3 3417 3512 3513
3 3417 3513 3418
3 3418 3513 3514
3 3418 3514 3419
3 3419 3514 3515
3 3419 3515 3420
3 3420 3515 3516
3 3420 3516 3421
3 3421 3516 3517
3 3421 3517 3422
3 3422 3517 3518
3 3422 3518 3423
3 3423 3518 3519
3 3423 3519 3424
3 3424 3519 3520
3 3424 3520 3425
3 3425 3520 3521
3 3425 3521 3426
3 3426 3521 3522
3 3426 3522 3427
3 3427 3522 3523
3 3427 3523 3428
3 3428 3523 3524
3 3428 3524 3429
3 3429 3524 3525
3 3429 3525 3430
3 3430 3525 3526
3 3430 3526 3431
3 3431 3526 3527
3 3431 3527 3432
3 3432 3527 3528
3 3432 3528 3433
3 3433 3528 3529
3 3433 3529 3434
3 3434 3529 3530
3 3434 3530 3435
3 3435 3530 3531
3 3435 3531 3436
3 3436 3531 3532
3 3436 3532 3437
3 3437 3532 3533
3 3437 3533 3438
3 3438 3533 3534
3 3438 3534 3439
3 3439 3534 3535
3 3439 3535 3440
3 3440 3535 3536
3 3440 3536 3441
3 3441 3536 3537
3 3441 3537 3442
3 3442 3537 3538
3 3442 3538 3443
3 3443 3538 3539
3 3443 3539 3444
3 3444 3539 3540
3 3444 3540 3445
3 3445 3540 3541
3 3445 3541 3446
3 3446 3541 3542
3 3446 3542 3447
3 3447 3542 3543
3 3447 3543 3448
3 3448 3543 3544
3 3448 3544 3449
3 3449 3544 3545
3 3449 3545 3450
3 3450 3545 3546
3 3450 3546 3451
3 3451 3546 3547
3 3451 3547 3452
3 3452 3547 3548
3 3452 3548 3453
3 3453 3548 3549
3 3453 3549 3454
3 3454 3549 3550
3 3454 3550 3455
3 3455 3550 3551
3 3455 3551 3360
3 3360 3551 3456
3 3456 3552 3457
3 3457 3552 3553
3 3457 3553 3458
3 3458 3553 3554
3 3458 3554 3459
3 3459 3554 3555
3 3459 3555 3460
3 3460 3555 3556
3 3460 3556 3461
3 3461 3556 3557
3 3461 3557 3462
3 3462 3557 3558
3 3462 3558 3463
3 3463 3558 3559
3 3463 3559 3464
3 3464 3559 3560
3 3464 3560 3465
3 3465 3560 3561
3 3465 3561 3466
3 3466 3561 3562
3 3466 3562 3467
3 3467 3562 3563
3 3467 3563 3468
3 3468 3563 3564
3 3468 3564 3469
3 3469 3564 3565
3 3469 3565 3470
3 3470 3565 3566
3 3470 3566 3471
3 3471 3566 3567
3 3471 3567 3472
3 3472 3567 3568
3 3472 3568 3473
3 3473 3568 3569
3 3473 3569 3474
3 3474 3569 3570
3 3474 3570 3475
3 3475 3570 3571
3 3475 3571 3476
3 3476 3571 3572
3 3476 3572 3477
3 3477 3572 3573
3 3477 3573 3478
3 3478 3573 3574
3 3478 3574 3479
3 3479 3574 3575
3 3479 3575 3480
3 3480 3575 3576
3 3480 3576 3481
3 3481 3576 3577
3 3481 3577 3482
3 3482 3577 3578
3 3482 3578 3483
3 3483 3578 3579
3 3483 3579 3484
3 3484 3579 3580
3 3484 3580 3485
3 3485 3580 3581
3 3485 3581 3486
3 3486 3581 3582
3 3486 3582 3487
3 3487 3582 3583
3 3487 3583 3488
3 3488 3583 3584
3 3488 3584 3489
3 3489 3584 3585
3 3489 3585 3490
3 3490 3585 3586
3 3490 3586 3491
3 3491 3586 3587
3 3491 3587 3492
3 3492 3587 3588
3 3492 3588 3493
3 3493 3588 3589
3 3493 3589 3494
3 3494 3589 3590
3 3494 3590 3495
3 3495 3590 3591
3 3495 3591 3496
3 3496 3591 3592
3 3496 3592 3497
3 3497 3592 3593
3 3497 3593 3498
3 3498 3593 3594
3 3498 3594 3499
3 3499 3594 3595
3 3499 3595 3500
3 3500 3595 3596
3 3500 3596 3501
3 3501 3596 3597
3 3501 3597 3502
3 3502 3597 3598
3 3502 3598 3503
3 3503 3598 3599
3 3503 3599 3504
3 3504 3599 3600
3 3504 3600 3505
3 3505 3600 3601
3 3505 3601 3506
3 3506 3601 3602
3 3506 3602 3507
3 3507 3602 3603
3 3507 3603 3508
3 3508 3603 3604
3 3508 3604 3509
3 3509 3604 3605
3 3509 3605 3510
3 3510 3605 3606
3 3510 3606 3511
3 3511 3606 3607
3 3511 3607 3512
3 3512 3607 3608
3 3512 3608 3513
3 3513 3608 3609
3 3513 3609 3514
3 3514 3609 3610
3 3514 3610 3515
3 3515 3610 3611
3 3515 3611 3516
3 3516 3611 3612
3 3516 3612 3517
3 3517 3612 3613
3 3517 3613 3518
3 3518 3613 3614
3 3518 3614 3519
3 3519 3614 3615
3 3519 3615 3520
3 3520 3615 3616
3 3520 3616 3521
3 3521 3616 3617
3 3521 3617 3522
3 3522 3617 3618
3 3522 3618 3523
3 3523 3618 3619
3 3523 3619 3524
3 3524 3619 3620
3 3524 3620 3525
3 3525 3620 3621
3 3525 3621 3526
3 3526 3621 3622
3 3526 3622 3527
3 3527 3622 3623
3 3527 3623 3528
3 3528 3623 3624
3 3528 3624 3529
3 3529 3624 3625
3 3529 3625 3530
3 3530 3625 3626
3 3530 3626 3531
3 3531 3626 3627
3 3531 3627 3532
3 3532 3627 3628
3 3532 3628 3533
3 3533 3628 3629
3 3533 3629 3534
3 3534 3629 3630
3 3534 3630 3535
3 3535 3630 3631
3 3535 3631 3536
3 3536 3631 3632
3 3536 3632 3537
3 3537 3632 3633
3 3537 3633 3538
3 3538 3633 3634
3 3538 3634 3539
3 3539 3634 3635
3 3539 3635 3540
3 3540 3635 3636
3 3540 3636 3541
3 3541 3636 3637
3 3541 3637 3542
3 3542 3637 3638
3 3542 3638 3543
3 3543 3638 3639
3 3543 3639 3544
3 3544 3639 3640
3 3544 3640 3545
3 3545 3640 3641
3 3545 3641 3546
3 3546 3641 3642
3 3546 3642 3547
3 3547 3642 3643
3 3547 3643 3548
3 3548 3643 3644
3 3548 3644 3549
3 3549 3644 3645
3 3549 3645 3550
3 3550 3645 3646
3 3550 3646 3551
3 3551 3646 3647
3 3551 3647 3456
3 3456 3647 3552
3 3552 3648 3553
3 3553 3648 3649
3 3553 3649 3554
3 3554 3649 3650
3 3554 3650 3555
3 3555 3650 3651
3 3555 3651 3556
3 3556 3651 3652
3 3556 3652 3557
3 3557 3652 3653
3 3557 3653 3558
3 3558 3653 3654
3 3558 3654 3559
3 3559 3654 3655
3 3559 3655 3560
3 3560 3655 3656
3 3560 3656 3561
3 3561 3656 3657
3 3561 3657 3562
3 3562 3657 3658
3 3562 3658 3563
3 3563 3658 3659
3 3563 3659 3564
3 3564 3659 3660
3 3564 3660 3565
3 3565 3660 3661
3 3565 3661 3566
3 3566 3661 3662
3 3566 3662 3567
3 3567 3662 3663
3 3567 3663 3568
3 3568 3663 3664
3 3568 3664 3569
3 3569 3664 3665
3 3569 3665 3570
3 3570 3665 3666
3 3570 3666 3571
3 3571 3666 3667
3 3571 3667 3572
3 3572 3667 3668
3 3572 3668 3573
3 3573 3668 3669
3 3573 3669 3574
3 3574 3669 3670
3 3574 3670 3575
3 3575 3670 3671
3 3575 3671 3576
3 3576 3671 3672
3 3576 3672 3577
3 3577 3672 3673
3 3577 3673 3578
3 3578 3673 3674
3 3578 3674 3579
3 3579 3674 3675
3 3579 3675 3580
3 3580 3675 3676
3 3580 3676 3581
3 3581 3676 3677
3 3581 3677 3582
3 3582 3677 3678
3 3582 3678 3583
3 3583 3678 3679
3 3583 3679 3584
3 3584 3679 3680
3 3584 3680 3585
3 3585 3680 3681
3 3585 3681 3586
3 3586 3681 3682
3 3586 3682 3587
3 3587 3682 3683
3 3587 3683 3588
3 3588 3683 3684
3 3588 3684 3589
3 3589 3684 3685
3 3589 3685 3590
3 3590 3685 3686
3 3590 3686 3591
3 3591 3686 3687
3 3591 3687 3592
3 3592 3687 3688
3 3592 3688 3593
3 3593 3688 3689
3 3593 3689 3594
3 3594 3689 3690
3 3594 3690 3595
3 3595 3690 3691
3 3595 3691 3596
3 3596 3691 3692
3 3596 3692 3597
3 3597 3692 3693
3 3597 3693 3598
3 3598 3693 3694
3 3598 3694 3599
3 3599 3694 3695
3 3599 3695 3600
3 3600 3695 3696
3 3600 3696 3601
3 3601 3696 3697
3 3601 3697 3602
3 3602 3697 3698
3 3602 3698 3603
3 3603 3698 3699
3 3603 3699 3604
3 3604 3699 3700
3 3604 3700 3605
3 3605 3700 3701
3 3605 3701 3606
3 3606 3701 3702
3 3606 3702 3607
3 3607 3702 3703
3 3607 3703 3608
3 3608 3703 3704
3 3608 3704 3609
3 3609 3704 3705
3 3609 3705 3610
3 3610 3705 3706
3 3610 3706 3611
3 3611 3706 3707
3 3611 3707 3612
3 3612 3707 3708
3 3612 3708 3613
3 3613 3708 3709
3 3613 3709 3614
3 3614 3709 3710
3 3614 3710 3615
3 3615 3710 3711
3 3615 3711 3616
3 3616 3711 3712
3 3616 3712 3617
3 3617 3712 3713
3 3617 3713 3618
3 3618 3713 3714
3 3618 3714 3619
3 3619 3714 3715
3 3619 3715 3620
3 3620 3715 3716
3 3620 3716 3621
3 3621 3716 3717
3 3621 3717 3622
3 3622 3717 3718
3 3622 3718 3623
3 3623 3718 3719
3 3623 3719 3624
3 3624 3719 3720
3 3624 3720 3625
3 3625 3720 3721
3 3625 3721 3626
3 3626 3721 3722
3 3626 3722 3627
3 3627 3722 3723
3 3627 3723 3628
3 3628 3723 3724
3 3628 3724 3629
3 3629 3724 3725
3 3629 3725 3630
3 3630 3725 3726
3 3630 3726 3631
3 3631 3726 3727
3 3631 3727 3632
3 3632 3727 3728
3 3632 3728 3633
3 3633 3728 3729
3 3633 3729 3634
3 3634 3729 3730
3 3634 3730 3635
3 3635 3730 3731
3 3635 3731 3636
3 3636 3731 3732
3 3636 3732 3637
3 3637 3732 3733
3 3637 3733 3638
3 3638 3733 3734
3 3638 3734 3639
3 3639 3734 3735
3 3639 3735 3640
3 3640 3735 3736
3 3640 3736 3641
3 3641 3736 3737
3 3641 3737 3642
3 3642 3737 3738
3 3642 3738 3643
3 3643 3738 3739
3 3643 3739 3644
3 3644 3739 3740
3 3644 3740 3645
3 3645 3740 3741
3 3645 3741 3646
3 3646 3741 3742
3 3646 3742 3647
3 3647 3742 3743
3 3647 3743 3552
3 3552 3743 3648
3 3648 3744 3649
3 3649 3744 3745
3 3649 3745 3650
3 3650 3745 3746
3 3650 3746 3651
3 3651 3746 3747
3 3651 3747 3652
3 3652 3747 3748
3 3652 3748 3653
3 3653 3748 3749
3 3653 3749 3654
3 3654 3749 3750
3 3654 3750 3655
3 3655 3750 3751
3 3655 3751 3656
3 3656 3751 3752
3 3656 3752 3657
3 3657 3752 3753
3 3657 3753 3658
3 3658 3753 3754
3 3658 3754 3659
3 3659 3754 3755
3 3659 3755 3660
3 3660 3755 3756
3 3660 3756 3661
3 3661 3756 3757
3 3661 3757 3662
3 3662 3757 3758
3 3662 3758 3663
3 3663 3758 3759
3 3663 3759 3664
3 3664 3759 3760
3 3664 3760 3665
3 3665 3760 3761
3 3665 3761 3666
3 3666 3761 3762
3 3666 3762 3667
3 3667 3762 3763
3 3667 3763 3668
3 3668 3763 3764
3 3668 3764 3669
3 3669 3764 3765
3 3669 3765 3670
3 3670 3765 3766
3 3670 3766 3671
3 3671 3766 3767
3 3671 3767 3672
3 3672 3767 3768
3 3672 3768 3673
3 3673 3768 3769
3 3673 3769 3674
3 3674 3769 3770
3 3674 3770 3675
3 3675 3770 3771
3 3675 3771 3676
3 3676 3771 3772
3 3676 3772 3677
3 3677 3772 3773
3 3677 3773 3678
3 3678 3773 3774
3 3678 3774 3679
3 3679 3774 3775
3 3679 3775 3680
3 3680 3775 3776
3 3680 3776 3681
3 3681 3776 3777
3 3681 3777 3682
3 3682 3777 3778
3 3682 3778 3683
3 3683 3778 3779
3 3683 3779 3684
3 3684 3779 3780
3 3684 3780 3685
3 3685 3780 3781
3 3685 3781 3686
3 3686 3781 3782
3 3686 3782 3687
3 3687 3782 3783
3 3687 3783 3688
3 3688 3783 3784
3 3688 3784 3689
3 3689 3784 3785
3 3689 3785 3690
3 3690 3785 3786
3 3690 3786 3691
3 3691 3786 3787
3 3691 3787 3692
3 3692 3787 3788
3 3692 3788 3693
3 3693 3788 3789
3 3693 3789 3694
3 3694 3789 3790
3 3694 3790 3695
3 3695 3790 3791
3 3695 3791 3696
3 3696 3791 3792
3 3696 3792 3697
3 3697 3792 3793
3 3697 3793 3698
3 3698 3793 3794
3 3698 3794 3699
3 3699 3794 3795
3 3699 3795 3700
3 3700 3795 3796
3 3700 3796 3701
3 3701 3796 3797
3 3701 3797 3702
3 3702 3797 3798
3 3702 3798 3703
3 3703 3798 3799
3 3703 3799 3704
3 3704 3799 3800
3 3704 3800 3705
3 3705 3800 3801
3 3705 3801 3706
3 3706 3801 3802
3 3706 3802 3707
3 3707 3802 3803
3 3707 3803 3708
3 3708 3803 3804
3 3708 3804 3709
3 3709 3804 3805
3 3709 3805 3710
3 3710 3805 3806
3 3710 3806 3711
3 3711 3806 3807
3 3711 3807 3712
3 3712 3807 3808
3 3712 3808 3713
3 3713 3808 3809
3 3713 3809 3714
3 3714 3809 3810
3 3714 3810 3715
3 3715 3810 3811
3 3715 3811 3716
3 3716 3811 3812
3 3716 3812 3717
3 3717 3812 3813
3 3717 3813 3718
3 3718 3813 3814
3 3718 3814 3719
3 3719 3814 3815
3 3719 3815 3720
3 3720 3815 3816
3 3720 3816 3721
3 3721 3816 3817
3 3721 3817 3722
3 3722 3817 3818
3 3722 3818 3723
3 3723 3818 3819
3 3723 3819 3724
3 3724 3819 3820
3 3724 3820 3725
3 3725 3820 3821
3 3725 3821 3726
3 3726 3821 3822
3 3726 3822 3727
3 3727 3822 3823
3 3727 3823 3728
3 3728 3823 3824
3 3728 3824 3729
3 3729 3824 3825
3 3729 3825 3730
3 3730 3825 3826
3 3730 3826 3731
3 3731 3826 3827
3 3731 3827 3732
3 3732 3827 3828
3 3732 3828 3733
3 3733 3828 3829
3 3733 3829 3734
3 3734 3829 3830
3 3734 3830 3735
3 3735 3830 3831
3 3735 3831 3736
3 3736 3831 3832
3 3736 3832 3737
3 3737 3832 3833
3 3737 3833 3738
3 3738 3833 3834
3 3738 3834 3739
3 3739 3834 3835
3 3739 3835 3740
3 3740 3835 3836
3 3740 3836 3741
3 3741 3836 3837
3 3741 3837 3742
3 3742 3837 3838
3 3742 3838 3743
3 3743 3838 3839
3 3743 3839 3648
3 3648 3839 3744
3 3744 3840 3745
3 3745 3840 3841
3 3745 3841 3746
3 3746 3841 3842
3 3746 3842 3747
3 3747 3842 3843
3 3747 3843 3748
3 3748 3843 3844
3 3748 3844 3749
3 3749 3844 3845
3 3749 3845 3750
3 3750 3845 3846
3 3750 3846 3751
3 3751 3846 3847
3 3751 3847 3752
3 3752 3847 3848
3 3752 3848 3753
3 3753 3848 3849
3 3753 3849 3754
3 3754 3849 3850
3 3754 3850 3755
3 3755 3850 3851
3 3755 3851 3756
3 3756 3851 3852
3 3756 3852 3757
3 3757 3852 3853
3 3757 3853 3758
3 3758 3853 3854
3 3758 3854 3759
3 3759 3854 3855
3 3759 3855 3760
3 3760 3855 3856
3 3760 3856 3761
3 3761 3856 3857
3 3761 3857 3762
3 3762 3857 3858
3 3762 3858 3763
3 3763 3858 3859
3 3763 3859 3764
3 3764 3859 3860
3 3764 3860 3765
3 3765 3860 3861
3 3765 3861 3766
3 3766 3861 3862
3 3766 3862 3767
3 3767 3862 3863
3 3767 3863 3768
3 3768 3863 3864
3 3768 3864 3769
3 3769 3864 3865
3 3769 3865 3770
3 3770 3865 3866
3 3770 3866 3771
3 3771 3866 3867
3 3771 3867 3772
3 3772 3867 3868
3 3772 3868 3773
3 3773 3868 3869
3 3773 3869 3774
3 3774 3869 3870
3 3774 3870 3775
3 3775 3870 3871
3 3775 3871 3776
3 3776 3871 3872
3 3776 3872 3777
3 3777 3872 3873
3 3777 3873 3778
3 3778 3873 3874
3 3778 3874 3779
3 3779 3874 3875
3 3779 3875 3780
3 3780 3875 3876
3 3780 3876 3781
3 3781 3876 3877
3 3781 3877 3782
3 3782 3877 3878
3 3782 3878 3783
3 3783 3878 3879
3 3783 3879 3784
3 3784 3879 3880
3 3784 3880 3785
3 3785 3880 3881
3 3785 3881 3786
3 3786 3881 3882
3 3786 3882 3787
3 3787 3882 3883
3 3787 3883 3788
3 3788 3883 3884
3 3788 3884 3789
3 3789 3884 3885
3 3789 3885 3790
3 3790 3885 3886
3 3790 3886 3791
3 3791 3886 3887
3 3791 3887 3792
3 3792 3887 3888
3 3792 3888 3793
3 3793 3888 3889
3 3793 3889 3794
3 3794 3889 3890
3 3794 3890 3795
3 3795 3890 3891
3 3795 3891 3796
3 3796 3891 3892
3 3796 3892 3797
3 3797 3892 3893
3 3797 3893 3798
3 3798 3893 3894
3 3798 3894 3799
3 3799 3894 3895
3 3799 3895 3800
3 3800 3895 3896
3 3800 3896 3801
3 3801 3896 3897
3 3801 3897 3802
3 3802 3897 3898
3 3802 3898 3803
3 3803 3898 3899
3 3803 3899 3804
3 3804 3899 3900
3 3804 3900 3805
3 3805 3900 3901
3 3805 3901 3806
3 3806 3901 3902
3 3806 3902 3807
3 3807 3902 3903
3 3807 3903 3808
3 3808 3903 3904
3 3808 3904 3809
3 3809 3904 3905
3 3809 3905 3810
3 3810 3905 3906
3 3810 3906 3811
3 3811 3906 3907
3 3811 3907 3812
3 3812 3907 3908
3 3812 3908 3813
3 3813 3908 3909
3 3813 3909 3814
3 3814 3909 3910
3 3814 3910 3815
3 3815 3910 3911
3 3815 3911 3816
3 3816 3911 3912
3 3816 3912 3817
3 3817 3912 3913
3 3817 3913 3818
3 3818 3913 3914
3 3818 3914 3819
3 3819 3914 3915
3 3819 3915 3820
3 3820 3915 3916
3 3820 3916 3821
3 3821 3916 3917
3 3821 3917 3822
3 3822 3917 3918
3 3822 3918 3823
3 3823 3918 3919
3 3823 3919 3824
3 3824 3919 3920
3 3824 3920 3825
3 3825 3920 3921
3 3825 3921 3826
3 3826 3921 3922
3 3826 3922 3827
3 3827 3922 3923
3 3827 3923 3828
3 3828 3923 3924
3 3828 3924 3829
3 3829 3924 3925
3 3829 3925 3830
3 3830 3925 3926
3 3830 3926 3831
3 3831 3926 3927
3 3831 3927 3832
3 3832 3927 3928
3 3832 3928 3833
3 3833 3928 3929
3 3833 3929 3834
3 3834 3929 3930
3 3834 3930 3835
3 3835 3930 3931
3 3835 3931 3836
3 3836 3931 3932
3 3836 3932 3837
3 3837 3932 3933
3 3837 3933 3838
3 3838 3933 3934
3 3838 3934 3839
3 3839 3934 3935
3 3839 3935 3744
3 3744 3935 3840
3 3840 3936 3841
3 3841 3936 3937
3 3841 3937 3842
3 3842 3937 3938
3 3842 3938 3843
3 3843 3938 3939
3 3843 3939 3844
3 3844 3939 3940
3 3844 3940 3845
3 3845 3940 3941
3 3845 3941 3846
3 3846 3941 3942
3 3846 3942 3847
3 3847 3942 3943
3 3847 3943 3848
3 3848 3943 3944
3 3848 3944 3849
3 3849 3944 3945
3 3849 3945 3850
3 3850 3945 3946
3 3850 3946 3851
3 3851 3946 3947
3 3851 3947 3852
3 3852 3947 3948
3 3852 3948 3853
3 3853 3948 3949
3 3853 3949 3854
3 3854 3949 3950
3 3854 3950 3855
3 3855 3950 3951
3 3855 3951 3856
3 3856 3951 3952
3 3856 3952 3857
3 3857 3952 3953
3 3857 3953 3858
3 3858 3953 3954
3 3858 3954 3859
3 3859 3954 3955
3 3859 3955 3860
3 3860 3955 3956
3 3860 3956 3861
3 3861 3956 3957
3 3861 3957 3862
3 3862 3957 3958
3 3862 3958 3863
3 3863 3958 3959
3 3863 3959 3864
3 3864 3959 3960
3 3864 3960 3865
3 3865 3960 3961
3 3865 3961 3866
3 3866 3961 3962
3 3866 3962 3867
3 3867 3962 3963
3 3867 3963 3868
3 3868 3963 3964
3 3868 3964 3869
3 3869 3964 3965
3 3869 3965 3870
3 3870 3965 3966
3 3870 3966 3871
3 3871 3966 3967
3 3871 3967 3872
3 3872 3967 3968
3 3872 3968 3873
3 3873 3968 3969
3 3873 3969 3874
3 3874 3969 3970
3 3874 3970 3875
3 3875 3970 3971
3 3875 3971 3876
3 3876 3971 3972
3 3876 3972 3877
3 3877 3972 3973
3 3877 3973 3878
3 3878 3973 3974
3 3878 3974 3879
3 3879 3974 3975
3 3879 3975 3880
3 3880 3975 3976
3 3880 3976 3881
3 3881 3976 3977
3 3881 3977 3882
3 3882 3977 3978
3 3882 3978 3883
3 3883 3978 3979
3 3883 3979 3884
3 3884 3979 3980
3 3884 3980 3885
3 3885 3980 3981
3 3885 3981 3886
3 3886 3981 3982
3 3886 3982 3887
3 3887 3982 3983
3 3887 3983 3888
3 3888 3983 3984
3 3888 3984 3889
3 3889 3984 3985
3 3889 3985 3890
3 3890 3985 3986
3 3890 3986 3891
3 3891 3986 3987
3 3891 3987 3892
3 3892 3987 3988
3 3892 3988 3893
3 3893 3988 3989
3 3893 3989 3894
3 3894 3989 3990
3 3894 3990 3895
3 3895 3990 3991
3 3895 3991 3896
3 3896 3991 3992
3 3896 3992 3897
3 3897 3992 3993
3 3897 3993 3898
3 3898 3993 3994
3 3898 3994 3899
3 3899 3994 3995
3 3899 3995 3900
3 3900 3995 3996
3 3900 3996 3901
3 3901 3996 3997
3 3901 3997 3902
3 3902 3997 3998
3 3902 3998 3903
3 3903 3998 3999
3 3903 3999 3904
3 3904 3999 4000
3 3904 4000 3905
3 3905 4000 4001
3 3905 4001 3906
3 3906 4001 4002
3 3906 4002 3907
3 3907 4002 4003
3 3907 4003 3908
3 3908 4003 4004
3 3908 4004 3909
3 3909 4004 4005
3 3909 4005 3910
3 3910 4005 4006
3 3910 4006 3911
3 3911 4006 4007
3 3911 4007 3912
3 3912 4007 4008
3 3912 4008 3913
3 3913 4008 4009
3 3913 4009 3914
3 3914 4009 4010
3 3914 4010 3915
3 3915 4010 4011
3 3915 4011 3916
3 3916 4011 4012
3 3916 4012 3917
3 3917 4012 4013
3 3917 4013 3918
3 3918 4013 4014
3 3918 4014 3919
3 3919 4014 4015
3 3919 4015 3920
3 3920 4015 4016
3 3920 4016 3921
3 3921 4016 4017
3 3921 4017 3922
3 3922 4017 4018
3 3922 4018 3923
3 3923 4018 4019
3 3923 4019 3924
3 3924 4019 4020
3 3924 4020 3925
3 3925 4020 4021
3 3925 4021 3926
3 3926 4021 4022
3 3926 4022 3927
3 3927 4022 4023
3 3927 4023 3928
3 3928 4023 4024
3 3928 4024 3929
3 3929 4024 4025
3 3929 4025 3930
3 3930 4025 4026
3 3930 4026 3931
3 3931 4026 4027
3 3931 4027 3932
3 3932 4027 4028
3 3932 4028 3933
3 3933 4028 4029
3 3933 4029 3934
3 3934 4029 4030
3 3934 4030 3935
3 3935 4030 4031
3 3935 4031 3840
3 3840 4031 3936
3 3936 4032 3937
3 3937 4032 4033
3 3937 4033 3938
3 3938 4033 4034
3 3938 4034 3939
3 3939 4034 4035
3 3939 4035 3940
3 3940 4035 4036
3 3940 4036 3941
3 3941 4036 4037
3 3941 4037 3942
3 3942 4037 4038
3 3942 4038 3943
3 3943 4038 4039
3 3943 4039 3944
3 3944 4039 4040
3 3944 4040 3945
3 3945 4040 4041
3 3945 4041 3946
3 3946 4041 4042
3 3946 4042 3947
3 3947 4042 4043
3 3947 4043 3948
3 3948 4043 4044
3 3948 4044 3949
3 3949 4044 4045
3 3949 4045 3950
3 3950 4045 4046
3 3950 4046 3951
3 3951 4046 4047
3 3951 4047 3952
3 3952 4047 4048
3 3952 4048 3953
3 3953 4048 4049
3 3953 4049 3954
3 3954 4049 4050
3 3954 4050 3955
3 3955 4050 4051
3 3955 4051 3956
3 3956 4051 4052
3 3956 4052 3957
3 3957 4052 4053
3 3957 4053 3958
3 3958 4053 4054
3 3958 4054 3959
3 3959 4054 4055
3 3959 4055 3960
3 3960 4055 4056
3 3960 4056 3961
3 3961 4056 4057
3 3961 4057 3962
3 3962 4057 4058
3 3962 4058 3963
3 3963 4058 4059
3 3963 4059 3964
3 3964 4059 4060
3 3964 4060 3965
3 3965 4060 4061
3 3965 4061 3966
3 3966 4061 4062
3 3966 4062 3967
3 3967 4062 4063
3 3967 4063 3968
3 3968 4063 4064
3 3968 4064 3969
3 3969 4064 4065
3 3969 4065 3970
3 3970 4065 4066
3 3970 4066 3971
3 3971 4066 4067
3 3971 4067 3972
3 3972 4067 4068
3 3972 4068 3973
3 3973 4068 4069
3 3973 4069 3974
3 3974 4069 4070
3 3974 4070 3975
3 3975 4070 4071
3 3975 4071 3976
3 3976 4071 4072
3 3976 4072 3977
3 3977 4072 4073
3 3977 4073 3978
3 3978 4073 4074
3 3978 4074 3979
3 3979 4074 4075
3 3979 4075 3980
3 3980 4075 4076
3 3980 4076 3981
3 3981 4076 4077
3 3981 4077 3982
3 3982 4077 4078
3 3982 4078 3983
3 3983 4078 4079
3 3983 4079 3984
3 3984 4079 4080
3 3984 4080 3985
3 3985 4080 4081
3 3985 4081 3986
3 3986 4081 4082
3 3986 4082 3987
3 3987 4082 4083
3 3987 4083 3988
3 3988 4083 4084
3 3988 4084 3989
3 3989 4084 4085
3 3989 4085 3990
3 3990 4085 4086
3 3990 4086 3991
3 3991 4086 4087
3 3991 4087 3992
3 3992 4087 4088
3 3992 4088 3993
3 3993 4088 4089
3 3993 4089 3994
3 3994 4089 4090
3 3994 4090 3995
3 3995 4090 4091
3 3995 4091 3996
3 3996 4091 4092
3 3996 4092 3997
3 3997 4092 4093
3 3997 4093 3998
3 3998 4093 4094
3 3998 4094 3999
3 3999 4094 4095
3 3999 4095 4000
3 4000 4095 4096
3 4000 4096 4001
3 4001 4096 4097
3 4001 4097 4002
3 4002 4097 4098
3 4002 4098 4003
3 4003 4098 4099
3 4003 4099 4004
3 4004 4099 4100
3 4004 4100 4005
3 4005 4100 4101
3 4005 4101 4006
3 4006 4101 4102
3 4006 4102 4007
3 4007 4102 4103
3 4007 4103 4008
3 4008 4103 4104
3 4008 4104 4009
3 4009 4104 4105
3 4009 4105 4010
3 4010 4105 4106
3 4010 4106 4011
3 4011 4106 4107
3 4011 4107 4012
3 4012 4107 4108
3 4012 4108 4013
3 4013 4108 4109
3 4013 4109 4014
3 4014 4109 4110
3 4014 4110 4015
3 4015 4110 4111
3 4015 4111 4016
3 4016 4111 4112
3 4016 4112 4017
3 4017 4112 4113
3 4017 4113 4018
3 4018 4113 4114
3 4018 4114 4019
3 4019 4114 4115
3 4019 4115 4020
3 4020 4115 4116
3 4020 4116 4021
3 4021 4116 4117
3 4021 4117 4022
3 4022 4117 4118
3 4022 4118 4023
3 4023 4118 4119
3 4023 4119 4024
3 4024 4119 4120
3 4024 4120 4025
3 4025 4120 4121
3 4025 4121 4026
3 4026 4121 4122
3 4026 4122 4027
3 4027 4122 4123
3 4027 4123 4028
3 4028 4123 4124
3 4028 4124 4029
3 4029 4124 4125
3 4029 4125 4030
3 4030 4125 4126
3 4030 4126 4031
3 4031 4126 4127
3 4031 4127 3936
3 3936 4127 4032
3 4032 4128 4033
3 4033 4128 4129
3 4033 4129 4034
3 4034 4129 4130
3 4034 4130 4035
3 4035 4130 4131
3 4035 4131 4036
3 4036 4131 4132
3 4036 4132 4037
3 4037 4132 4133
3 4037 4133 4038
3 4038 4133 4134
3 4038 4134 4039
3 4039 4134 4135
3 4039 4135 4040
3 4040 4135 4136
3 4040 4136 4041
3 4041 4136 4137
3 4041 4137 4042
3 4042 4137 4138
3 4042 4138 4043
3 4043 4138 4139
3 4043 4139 4044
3 4044 4139 4140
3 4044 4140 4045
3 4045 4140 4141
3 4045 4141 4046
3 4046 4141 4142
3 4046 4142 4047
3 4047 4142 4143
3 4047 4143 4048
3 4048 4143 4144
3 4048 4144 4049
3 4049 4144 4145
3 4049 4145 4050
3 4050 4145 4146
3 4050 4146 4051
3 4051 4146 4147
3 4051 4147 4052
3 4052 4147 4148
3 4052 4148 4053
3 4053 4148 4149
3 4053 4149 4054
3 4054 4149 4150
3 4054 4150 4055
3 4055 4150 4151
3 4055 4151 4056
3 4056 4151 4152
3 4056 4152 4057
3 4057 4152 4153
3 4057 4153 4058
3 4058 4153 4154
3 4058 4154 4059
3 4059 4154 4155
3 4059 4155 4060
3 4060 4155 4156
3 4060 4156 4061
3 4061 4156 4157
3 4061 4157 4062
3 4062 4157 4158
3 4062 4158 4063
3 4063 4158 4159
3 4063 4159 4064
3 4064 4159 4160
3 4064 4160 4065
3 4065 4160 4161
3 4065 4161 4066
3 4066 4161 4162
3 4066 4162 4067
3 4067 4162 4163
3 4067 4163 4068
3 4068 4163 4164
3 4068 4164 4069
3 4069 4164 4165
3 4069 4165 4070
3 4070 4165 4166
3 4070 4166 4071
3 4071 4166 4167
3 4071 4167 4072
3 4072 4167 4168
3 4072 4168 4073
3 4073 4168 4169
3 4073 4169 4074
3 4074 4169 4170
3 4074 4170 4075
3 4075 4170 4171
3 4075 4171 4076
3 4076 4171 4172
3 4076 4172 4077
3 4077 4172 4173
3 4077 4173 4078
3 4078 4173 4174
3 4078 4174 4079
3 4079 4174 4175
3 4079 4175 4080
3 4080 4175 4176
3 4080 4176 4081
3 4081 4176 4177
3 4081 4177 4082
3 4082 4177 4178
3 4082 4178 4083
3 4083 4178 4179
3 4083 4179 4084
3 4084 4179 4180
3 4084 4180 4085
3 4085 4180 4181
3 4085 4181 4086
3 4086 4181 4182
3 4086 4182 4087
3 4087 4182 4183
3 4087 4183 4088
3 4088 4183 4184
3 4088 4184 4089
3 4089 4184 4185
3 4089 4185 4090
3 4090 4185 4186
3 4090 4186 4091
3 4091 4186 4187
3 4091 4187 4092
3 4092 4187 4188
3 4092 4188 4093
3 4093 4188 4189
3 4093 4189 4094
3 4094 4189 4190
3 4094 4190 4095
3 4095 4190 4191
3 4095 4191 4096
3 4096 4191 4192
3 4096 4192 4097
3 4097 4192 4193
3 4097 4193 4098
3 4098 4193 4194
3 4098 4194 4099
3 4099 4194 4195
3 4099 4195 4100
3 4100 4195 4196
3 4100 4196 4101
3 4101 4196 4197
3 4101 4197 4102
3 4102 4197 4198
3 4102 4198 4103
3 4103 4198 4199
3 4103 4199 4104
3 4104 4199 4200
3 4104 4200 4105
3 4105 4200 4201
3 4105 4201 4106
3 4106 4201 4202
3 4106 4202 4107
3 4107 4202 4203
3 4107 4203 4108
3 4108 4203 4204
3 4108 4204 4109
3 4109 4204 4205
3 4109 4205 4110
3 4110 4205 4206
3 4110 4206 4111
3 4111 4206 4207
3 4111 4207 4112
3 4112 4207 4208
3 4112 4208 4113
3 4113 4208 4209
3 4113 4209 4114
3 4114 4209 4210
3 4114 4210 4115
3 4115 4210 4211
3 4115 4211 4116
3 4116 4211 4212
3 4116 4212 4117
3 4117 4212 4213
3 4117 4213 4118
3 4118 4213 4214
3 4118 4214 4119
3 4119 4214 4215
3 4119 4215 4120
3 4120 4215 4216
3 4120 4216 4121
3 4121 4216 4217
3 4121 4217 4122
3 4122 4217 4218
3 4122 4218 4123
3 4123 4218 4219
3 4123 4219 4124
3 4124 4219 4220
3 4124 4220 4125
3 4125 4220 4221
3 4125 4221 4126
3 4126 4221 4222
3 4126 4222 4127
3 4127 4222 4223
3 4127 4223 4032
3 4032 4223 4128
3 4128 4224 4129
3 4129 4224 4225
3 4129 4225 4130
3 4130 4225 4226
3 4130 4226 4131
3 4131 4226 4227
3 4131 4227 4132
3 4132 4227 4228
3 4132 4228 4133
3 4133 4228 4229
3 4133 4229 4134
3 4134 4229 4230
3 4134 4230 4135
3 4135 4230 4231
3 4135 4231 4136
3 4136 4231 4232
3 4136 4232 4137
3 4137 4232 4233
3 4137 4233 4138
3 4138 4233 4234
3 4138 4234 4139
3 4139 4234 4235
3 4139 4235 4140
3 4140 4235 4236
3 4140 4236 4141
3 4141 4236 4237
3 4141 4237 4142
3 4142 4237 4238
3 4142 4238 4143
3 4143 4238 4239
3 4143 4239 4144
3 4144 4239 4240
3 4144 4240 4145
3 4145 4240 4241
3 4145 4241 4146
3 4146 4241 4242
3 4146 4242 4147
3 4147 4242 4243
3 4147 4243 4148
3 4148 4243 4244
3 4148 4244 4149
3 4149 4244 4245
3 4149 4245 4150
3 4150 4245 4246
3 4150 4246 4151
3 4151 4246 4247
3 4151 4247 4152
3 4152 4247 4248
3 4152 4248 4153
3 4153 4248 4249
3 4153 4249 4154
3 4154 4249 4250
3 4154 4250 4155
3 4155 4250 4251
3 4155 4251 4156
3 4156 4251 4252
3 4156 4252 4157
3 4157 4252 4253
3 4157 4253 4158
3 4158 4253 4254
3 4158 4254 4159
3 4159 4254 4255
3 4159 4255 4160
3 4160 4255 4256
3 4160 4256 4161
3 4161 4256 4257
3 4161 4257 4162
3 4162 4257 4258
3 4162 4258 4163
3 4163 4258 4259
3 4163 4259 4164
3 4164 4259 4260
3 4164 4260 4165
3 4165 4260 4261
3 4165 4261 4166
3 4166 4261 4262
3 4166 4262 4167
3 4167 4262 4263
3 4167 4263 4168
3 4168 4263 4264
3 4168 4264 4169
3 4169 4264 4265
3 4169 4265 4170
3 4170 4265 4266
3 4170 4266 4171
3 4171 4266 4267
3 4171 4267 4172
3 4172 4267 4268
3 4172 4268 4173
3 4173 4268 4269
3 4173 4269 4174
3 4174 4269 4270
3 4174 4270 4175
3 4175 4270 4271
3 4175 4271 4176
3 4176 4271 4272
3 4176 4272 4177
3 4177 4272 4273
3 4177 4273 4178
3 4178 4273 4274
3 4178 4274 4179
3 4179 4274 4275
3 4179 4275 4180
3 4180 4275 4276
3 4180 4276 4181
3 4181 4276 4277
3 4181 4277 4182
3 4182 4277 4278
3 4182 4278 4183
3 4183 4278 4279
3 4183 4279 4184
3 4184 4279 4280
3 4184 4280 4185
3 4185 4280 4281
3 4185 4281 4186
3 4186 4281 4282
3 4186 4282 4187
3 4187 4282 4283
3 4187 4283 4188
3 4188 4283 4284
3 4188 4284 4189
3 4189 4284 4285
3 4189 4285 4190
3 4190 4285 4286
3 4190 4286 4191
3 4191 4286 4287
3 4191 4287 4192
3 4192 4287 4288
3 4192 4288 4193
3 4193 4288 4289
3 4193 4289 4194
3 4194 4289 4290
3 4194 4290 4195
3 4195 4290 4291
3 4195 4291 4196
3 4196 4291 4292
3 4196 4292 4197
3 4197 4292 4293
3 4197 4293 4198
3 4198 4293 4294
3 4198 4294 4199
3 4199 4294 4295
3 4199 4295 4200
3 4200 4295 4296
3 4200 4296 4201
3 4201 4296 4297
3 4201 4297 4202
3 4202 4297 4298
3 4202 4298 4203
3 4203 4298 4299
3 4203 4299 4204
3 4204 4299 4300
3 4204 4300 4205
3 4205 4300 4301
3 4205 4301 4206
3 4206 4301 4302
3 4206 4302 4207
3 4207 4302 4303
3 4207 4303 4208
3 4208 4303 4304
3 4208 4304 4209
3 4209 4304 4305
3 4209 4305 4210
3 4210 4305 4306
3 4210 4306 4211
3 4211 4306 4307
3 4211 4307 4212
3 4212 4307 4308
3 4212 4308 4213
3 4213 4308 4309
3 4213 4309 4214
3 4214 4309 4310
3 4214 4310 4215
3 4215 4310 4311
3 4215 4311 4216
3 4216 4311 4312
3 4216 4312 4217
3 4217 4312 4313
3 4217 4313 4218
3 4218 4313 4314
3 4218 4314 4219
3 4219 4314 4315
3 4219 4315 4220
3 4220 4315 4316
3 4220 4316 4221
3 4221 4316 4317
3 4221 4317 4222
3 4222 4317 4318
3 4222 4318 4223
3 4223 4318 4319
3 4223 4319 4128
3 4128 4319 4224
3 4224 4320 4225
3 4225 4320 4321
3 4225 4321 4226
3 4226 4321 4322
3 4226 4322 4227
3 4227 4322 4323
3 4227 4323 4228
3 4228 4323 4324
3 4228 4324 4229
3 4229 4324 4325
3 4229 4325 4230
3 4230 4325 4326
3 4230 4326 4231
3 4231 4326 4327
3 4231 4327 4232
3 4232 4327 4328
3 4232 4328 4233
3 4233 4328 4329
3 4233 4329 4234
3 4234 4329 4330
3 4234 4330 4235
3 4235 4330 4331
3 4235 4331 4236
3 4236 4331 4332
3 4236 4332 4237
3 4237 4332 4333
3 4237 4333 4238
3 4238 4333 4334
3 4238 4334 4239
3 4239 4334 4335
3 4239 4335 4240
3 4240 4335 4336
3 4240 4336 4241
3 4241 4336 4337
3 4241 4337 4242
3 4242 4337 4338
3 4242 4338 4243
3 4243 4338 4339
3 4243 4339 4244
3 4244 4339 4340
3 4244 4340 4245
3 4245 4340 4341
3 4245 4341 4246
3 4246 4341 4342
3 4246 4342 4247
3 4247 4342 4343
3 4247 4343 4248
3 4248 4343 4344
3 4248 4344 4249
3 4249 4344 4345
3 4249 4345 4250
3 4250 4345 4346
3 4250 4346 4251
3 4251 4346 4347
3 4251 4347 4252
3 4252 4347 4348
3 4252 4348 4253
3 4253 4348 4349
3 4253 4349 4254
3 4254 4349 4350
3 4254 4350 4255
3 4255 4350 4351
3 4255 4351 4256
3 4256 4351 4352
3 4256 4352 4257
3 4257 4352 4353
3 4257 4353 4258
3 4258 4353 4354
3 4258 4354 4259
3 4259 4354 4355
3 4259 4355 4260
3 4260 4355 4356
3 4260 4356 4261
3 4261 4356 4357
3 4261 4357 4262
3 4262 4357 4358
3 4262 4358 4263
3 4263 4358 4359
3 4263 4359 4264
3 4264 4359 4360
3 4264 4360 4265
3 4265 4360 4361
3 4265 4361 4266
3 4266 4361 4362
3 4266 4362 4267
3 4267 4362 4363
3 4267 4363 4268
3 4268 4363 4364
3 4268 4364 4269
3 4269 4364 4365
3 4269 4365 4270
3 4270 4365 4366
3 4270 4366 4271
3 4271 4366 4367
3 4271 4367 4272
3 4272 4367 4368
3 4272 4368 4273
3 4273 4368 4369
3 4273 4369 4274
3 4274 4369 4370
3 4274 4370 4275
3 4275 4370 4371
3 4275 4371 4276
3 4276 4371 4372
3 4276 4372 4277
3 4277 4372 4373
3 4277 4373 4278
3 4278 4373 4374
3 4278 4374 4279
3 4279 4374 4375
3 4279 4375 4280
3 4280 4375 4376
3 4280 4376 4281
3 4281 4376 4377
3 4281 4377 4282
3 4282 4377 4378
3 4282 4378 4283
3 4283 4378 4379
3 4283 4379 4284
3 4284 4379 4380
3 4284 4380 4285
3 4285 4380 4381
3 4285 4381 4286
3 4286 4381 4382
3 4286 4382 4287
3 4287 4382 4383
3 4287 4383 4288
3 4288 4383 4384
3 4288 4384 4289
3 4289 4384 4385
3 4289 4385 4290
3 4290 4385 4386
3 4290 4386 4291
3 4291 4386 4387
3 4291 4387 4292
3 4292 4387 4388
3 4292 4388 4293
3 4293 4388 4389
3 4293 4389 4294
3 4294 4389 4390
3 4294 4390 4295
3 4295 4390 4391
3 4295 4391 4296
3 4296 4391 4392
3 4296 4392 4297
3 4297 4392 4393
3 4297 4393 4298
3 4298 4393 4394
3 4298 4394 4299
3 4299 4394 4395
3 4299 4395 4300
3 4300 4395 4396
3 4300 4396 4301
3 4301 4396 4397
3 4301 4397 4302
3 4302 4397 4398
3 4302 4398 4303
3 4303 4398 4399
3 4303 4399 4304
3 4304 4399 4400
3 4304 4400 4305
3 4305 4400 4401
3 4305 4401 4306
3 4306 4401 4402
3 4306 4402 4307
3 4307 4402 4403
3 4307 4403 4308
3 4308 4403 4404
3 4308 4404 4309
3 4309 4404 4405
3 4309 4405 4310
3 4310 4405 4406
3 4310 4406 4311
3 4311 4406 4407
3 4311 4407 4312
3 4312 4407 4408
3 4312 4408 4313
3 4313 4408 4409
3 4313 4409 4314
3 4314 4409 4410
3 4314 4410 4315
3 4315 4410 4411
3 4315 4411 4316
3 4316 4411 4412
3 4316 4412 4317
3 4317 4412 4413
3 4317 4413 4318
3 4318 4413 4414
3 4318 4414 4319
3 4319 4414 4415
3 4319 4415 4224
3 4224 4415 4320
3 4320 4416 4321
3 4321 4416 4417
3 4321 4417 4322
3 4322 4417 4418
3 4322 4418 4323
3 4323 4418 4419
3 4323 4419 4324
3 4324 4419 4420
3 4324 4420 4325
3 4325 4420 4421
3 4325 4421 4326
3 4326 4421 4422
3 4326 4422 4327
3 4327 4422 4423
3 4327 4423 4328
3 4328 4423 4424
3 4328 4424 4329
3 4329 4424 4425
3 4329 4425 4330
3 4330 4425 4426
3 4330 4426 4331
3 4331 4426 4427
3 4331 4427 4332
3 4332 4427 4428
3 4332 4428 4333
3 4333 4428 4429
3 4333 4429 4334
3 4334 4429 4430
3 4334 4430 4335
3 4335 4430 4431
3 4335 4431 4336
3 4336 4431 4432
3 4336 4432 4337
3 4337 4432 4433
3 4337 4433 4338
3 4338 4433 4434
3 4338 4434 4339
3 4339 4434 4435
3 4339 4435 4340
3 4340 4435 4436
3 4340 4436 4341
3 4341 4436 4437
3 4341 4437 4342
3 4342 4437 4438
3 4342 4438 4343
3 4343 4438 4439
3 4343 4439 4344
3 4344 4439 4440
3 4344 4440 4345
3 4345 4440 4441
3 4345 4441 4346
3 4346 4441 4442
3 4346 4442 4347
3 4347 4442 4443
3 4347 4443 4348
3 4348 4443 4444
3 4348 4444 4349
3 4349 4444 4445
3 4349 4445 4350
3 4350 4445 4446
3 4350 4446 4351
3 4351 4446 4447
3 4351 4447 4352
3 4352 4447 4448
3 4352 4448 4353
3 4353 4448 4449
3 4353 4449 4354
3 4354 4449 4450
3 4354 4450 4355
3 4355 4450 4451
3 4355 4451 4356
3 4356 4451 4452
3 4356 4452 4357
3 4357 4452 4453
3 4357 4453 4358
3 4358 4453 4454
3 4358 4454 4359
3 4359 4454 4455
3 4359 4455 4360
3 4360 4455 4456
3 4360 4456 4361
3 4361 4456 4457
3 4361 4457 4362
3 4362 4457 4458
3 4362 4458 4363
3 4363 4458 4459
3 4363 4459 4364
3 4364 4459 4460
3 4364 4460 4365
3 4365 4460 4461
3 4365 4461 4366
3 4366 4461 4462
3 4366 4462 4367
3 4367 4462 4463
3 4367 4463 4368
3 4368 4463 4464
3 4368 4464 4369
3 4369 4464 4465
3 4369 4465 4370
3 4370 4465 4466
3 4370 4466 4371
3 4371 4466 4467
3 4371 4467 4372
3 4372 4467 4468
3 4372 4468 4373
3 4373 4468 4469
3 4373 4469 4374
3 4374 4469 4470
3 4374 4470 4375
3 4375 4470 4471
3 4375 4471 4376
3 4376 4471 4472
3 4376 4472 4377
3 4377 4472 4473
3 4377 4473 4378
3 4378 4473 4474
3 4378 4474 4379
3 4379 4474 4475
3 4379 4475 4380
3 4380 4475 4476
3 4380 4476 4381
3 4381 4476 4477
3 4381 4477 4382
3 4382 4477 4478
3 4382 4478 4383
3 4383 4478 4479
3 4383 4479 4384
3 4384 4479 4480
3 4384 4480 4385
3 4385 4480 4481
3 4385 4481 4386
3 4386 4481 4482
3 4386 4482 4387
3 4387 4482 4483
3 4387 4483 4388
3 4388 4483 4484
3 4388 4484 4389
3 4389 4484 4485
3 4389 4485 4390
3 4390 4485 4486
3 4390 4486 4391
3 4391 4486 4487
3 4391 4487 4392
3 4392 4487 4488
3 4392 4488 4393
3 4393 4488 4489
3 4393 4489 4394
3 4394 4489 4490
3 4394 4490 4395
3 4395 4490 4491
3 4395 4491 4396
3 4396 4491 4492
3 4396 4492 4397
3 4397 4492 4493
3 4397 4493 4398
3 4398 4493 4494
3 4398 4494 4399
3 4399 4494 4495
3 4399 4495 4400
3 4400 4495 4496
3 4400 4496 4401
3 4401 4496 4497
3 4401 4497 4402
3 4402 4497 4498
3 4402 4498 4403
3 4403 4498 4499
3 4403 4499 4404
3 4404 4499 4500
3 4404 4500 4405
3 4405 4500 4501
3 4405 4501 4406
3 4406 4501 4502
3 4406 4502 4407
3 4407 4502 4503
3 4407 4503 4408
3 4408 4503 4504
3 4408 4504 4409
3 4409 4504 4505
3 4409 4505 4410
3 4410 4505 4506
3 4410 4506 4411
3 4411 4506 4507
3 4411 4507 4412
3 4412 4507 4508
3 4412 4508 4413
3 4413 4508 4509
3 4413 4509 4414
3 4414 4509 4510
3 4414 4510 4415
3 4415 4510 4511
3 4415 4511 4320
3 4320 4511 4416
3 4416 4512 4417
3 4417 4512 4513
3 4417 4513 4418
3 4418 4513 4514
3 4418 4514 4419
3 4419 4514 4515
3 4419 4515 4420
3 4420 4515 4516
3 4420 4516 4421
3 4421 4516 4517
3 4421 4517 4422
3 4422 4517 4518
3 4422 4518 4423
3 4423 4518 4519
3 4423 4519 4424
3 4424 4519 4520
3 4424 4520 4425
3 4425 4520 4521
3 4425 4521 4426
3 4426 4521 4522
3 4426 4522 4427
3 4427 4522 4523
3 4427 4523 4428
3 4428 4523 4524
3 4428 4524 4429
3 4429 4524 4525
3 4429 4525 4430
3 4430 4525 4526
3 4430 4526 4431
3 4431 4526 4527
3 4431 4527 4432
3 4432 4527 4528
3 4432 4528 4433
3 4433 4528 4529
3 4433 4529 4434
3 4434 4529 4530
3 4434 4530 4435
3 4435 4530 4531
3 4435 4531 4436
3 4436 4531 4532
3 4436 4532 4437
3 4437 4532 4533
3 4437 4533 4438
3 4438 4533 4534
3 4438 4534 4439
3 4439 4534 4535
3 4439 4535 4440
3 4440 4535 4536
3 4440 4536 4441
3 4441 4536 4537
3 4441 4537 4442
3 4442 4537 4538
3 4442 4538 4443
3 4443 4538 4539
3 4443 4539 4444
3 4444 4539 4540
3 4444 4540 4445
3 4445 4540 4541
3 4445 4541 4446
3 4446 4541 4542
3 4446 4542 4447
3 4447 4542 4543
3 4447 4543 4448
3 4448 4543 4544
3 4448 4544 4449
3 4449 4544 4545
3 4449 4545 4450
3 4450 4545 4546
3 4450 4546 4451
3 4451 4546 4547
3 4451 4547 4452
3 4452 4547 4548
3 4452 4548 4453
3 4453 4548 4549
3 4453 4549 4454
3 4454 4549 4550
3 4454 4550 4455
3 4455 4550 4551
3 4455 4551 4456
3 4456 4551 4552
3 4456 4552 4457
3 4457 4552 4553
3 4457 4553 4458
3 4458 4553 4554
3 4458 4554 4459
3 4459 4554 4555
3 4459 4555 4460
3 4460 4555 4556
3 4460 4556 4461
3 4461 4556 4557
3 4461 4557 4462
3 4462 4557 4558
3 4462 4558 4463
3 4463 4558 4559
3 4463 4559 4464
3 4464 4559 4560
3 4464 4560 4465
3 4465 4560 4561
3 4465 4561 4466
3 4466 4561 4562
3 4466 4562 4467
3 4467 4562 4563
3 4467 4563 4468
3 4468 4563 4564
3 4468 4564 4469
3 4469 4564 4565
3 4469 4565 4470
3 4470 4565 4566
3 4470 4566 4471
3 4471 4566 4567
3 4471 4567 4472
3 4472 4567 4568
3 4472 4568 4473
3 4473 4568 4569
3 4473 4569 4474
3 4474 4569 4570
3 4474 4570 4475
3 4475 4570 4571
3 4475 4571 4476
3 4476 4571 4572
3 4476 4572 4477
3 4477 4572 4573
3 4477 4573 4478
3 4478 4573 4574
3 4478 4574 4479
3 4479 4574 4575
3 4479 4575 4480
3 4480 4575 4576
3 4480 4576 4481
3 4481 4576 4577
3 4481 4577 4482
3 4482 4577 4578
3 4482 4578 4483
3 4483 4578 4579
3 4483 4579 4484
3 4484 4579 4580
3 4484 4580 4485
3 4485 4580 4581
3 4485 4581 4486
3 4486 4581 4582
3 4486 4582 4487
3 4487 4582 4583
3 4487 4583 4488
3 4488 4583 4584
3 4488 4584 4489
3 4489 4584 4585
3 4489 4585 4490
3 4490 4585 4586
3 4490 4586 4491
3 4491 4586 4587
3 4491 4587 4492
3 4492 4587 4588
3 4492 4588 4493
3 4493 4588 4589
3 4493 4589 4494
3 4494 4589 4590
3 4494 4590 4495
3 4495 4590 4591
3 4495 4591 4496
3 4496 4591 4592
3 4496 4592 4497
3 4497 4592 4593
3 4497 4593 4498
3 4498 4593 4594
3 4498 4594 4499
3 4499 4594 4595
3 4499 4595 4500
3 4500 4595 4596
3 4500 4596 4501
3 4501 4596 4597
3 4501 4597 4502
3 4502 4597 4598
3 4502 4598 4503
3 4503 4598 4599
3 4503 4599 4504
3 4504 4599 4600
3 4504 4600 4505
3 4505 4600 4601
3 4505 4601 4506
3 4506 4601 4602
3 4506 4602 4507
3 4507 4602 4603
3 4507 4603 4508
3 4508 4603 4604
3 4508 4604 4509
3 4509 4604 4605
3 4509 4605 4510
3 4510 4605 4606
3 4510 4606 4511
3 4511 4606 4607
3 4511 4607 4416
3 4416 4607 4512
3 4512 4608 4513
3 4513 4609 4514
3 4514 4610 4515
3 4515 4611 4516
3 4516 4612 4517
3 4517 4613 4518
3 4518 4614 4519
3 4519 4615 4520
3 4520 4616 4521
3 4521 4617 4522
3 4522 4618 4523
3 4523 4619 4524
3 4524 4620 4525
3 4525 4621 4526
3 4526 4622 4527
3 4527 4623 4528
3 4528 4624 4529
3 4529 4625 4530
3 4530 4626 4531
3 4531 4627 4532
3 4532 4628 4533
3 4533 4629 4534
3 4534 4630 4535
3 4535 4631 4536
3 4536 4632 4537
3 4537 4633 4538
3 4538 4634 4539
3 4539 4635 4540
3 4540 4636 4541
3 4541 4637 4542
3 4542 4638 4543
3 4543 4639 4544
3 4544 4640 4545
3 4545 4641 4546
3 4546 4642 4547
3 4547 4643 4548
3 4548 4644 4549
3 4549 4645 4550
3 4550 4646 4551
3 4551 4647 4552
3 4552 4648 4553
3 4553 4649 4554
3 4554 4650 4555
3 4555 4651 4556
3 4556 4652 4557
3 4557 4653 4558
3 4558 4654 4559
3 4559 4655 4560
3 4560 4656 4561
3 4561 4657 4562
3 4562 4658 4563
3 4563 4659 4564
3 4564 4660 4565
3 4565 4661 4566
3 4566 4662 4567
3 4567 4663 4568
3 4568 4664 4569
3 4569 4665 4570
3 4570 4666 4571
3 4571 4667 4572
3 4572 4668 4573
3 4573 4669 4574
3 4574 4670 4575
3 4575 4671 4576
3 4576 4672 4577
3 4577 4673 4578
3 4578 4674 4579
3 4579 4675 4580
3 4580 4676 4581
3 4581 4677 4582
3 4582 4678 4583
3 4583 4679 4584
3 4584 4680 4585
3 4585 4681 4586
3 4586 4682 4587
3 4587 4683 4588
3 4588 4684 4589
3 4589 4685 4590
3 4590 4686 4591
3 4591 4687 4592
3 4592 4688 4593
3 4593 4689 4594
3 4594 4690 4595
3 4595 4691 4596
3 4596 4692 4597
3 4597 4693 4598
3 4598 4694 4599
3 4599 4695 4600
3 4600 4696 4601
3 4601 4697 4602
3 4602 4698 4603
3 4603 4699 4604
3 4604 4700 4605
3 4605 4701 4606
3 4606 4702 4607
3 4607 4703 4512
